rel_path,class_name,width,height,mode,bits_per_channel,channels,min_value,max_value
Training/Glioma/BT-MRI GL Train  (981).jpg,Glioma,224,224,RGB,8,3,0.0,245.0
Training/Pituitary/BT-MRI PI Train (103).jpg,Pituitary,224,224,RGB,8,3,0.0,255.0
Training/Pituitary/BT-MRI PI Train (128).jpg,Pituitary,224,224,RGB,8,3,0.0,244.0
Testing/No-tumor/BT-MRI NO Test (364).jpg,No-tumor,224,224,RGB,8,3,0.0,255.0
Training/Glioma/BT-MRI GL Train  (1245).jpg,Glioma,224,224,RGB,8,3,0.0,243.0
Training/Pituitary/BT-MRI PI Train (1139).jpg,Pituitary,224,224,RGB,8,3,0.0,254.0
Testing/Glioma/BT-MRI Test GL (44).jpg,Glioma,224,224,RGB,8,3,0.0,255.0
Training/Meningioma/BT-MRI  ME Train (1130).jpg,Meningioma,224,224,RGB,8,3,0.0,244.0
Testing/No-tumor/BT-MRI NO Test (186).jpg,No-tumor,224,224,RGB,8,3,0.0,255.0
Testing/Glioma/BT-MRI Test GL (53).jpg,Glioma,224,224,RGB,8,3,0.0,223.0
Training/Pituitary/BT-MRI PI Train (926).jpg,Pituitary,224,224,RGB,8,3,0.0,232.0
Training/Meningioma/BT-MRI  ME Train (592).jpg,Meningioma,224,224,RGB,8,3,0.0,218.0
Training/No-tumor/BT-MRI NO Train (171).jpg,No-tumor,224,224,RGB,8,3,0.0,255.0
Training/Glioma/BT-MRI GL Train  (532).jpg,Glioma,224,224,RGB,8,3,0.0,211.0
Training/Pituitary/BT-MRI PI Train (229).jpg,Pituitary,224,224,RGB,8,3,0.0,255.0
Testing/No-tumor/BT-MRI NO Test (160).jpg,No-tumor,224,224,RGB,8,3,0.0,255.0
Training/Meningioma/BT-MRI  ME Train (929).jpg,Meningioma,224,224,RGB,8,3,0.0,239.0
Training/Pituitary/BT-MRI PI Train (1169).jpg,Pituitary,224,224,RGB,8,3,0.0,228.0
Training/Meningioma/BT-MRI  ME Train (134).jpg,Meningioma,224,224,RGB,8,3,0.0,245.0
Testing/Pituitary/BT-MRI PI Test (203).jpg,Pituitary,224,224,RGB,8,3,0.0,255.0
Training/Pituitary/BT-MRI PI Train (1002).jpg,Pituitary,224,224,RGB,8,3,0.0,219.0
Training/Pituitary/BT-MRI PI Train (171).jpg,Pituitary,224,224,RGB,8,3,0.0,250.0
Training/Meningioma/BT-MRI  ME Train (183).jpg,Meningioma,224,224,RGB,8,3,0.0,255.0
Testing/Pituitary/BT-MRI PI Test (78).jpg,Pituitary,224,224,RGB,8,3,0.0,241.0
Training/Pituitary/BT-MRI PI Train (357).jpg,Pituitary,224,224,RGB,8,3,0.0,250.0
Training/No-tumor/BT-MRI NO Train (722).jpg,No-tumor,224,224,RGB,8,3,0.0,255.0
Training/Pituitary/BT-MRI PI Train (689).jpg,Pituitary,224,224,RGB,8,3,0.0,248.0
Testing/Pituitary/BT-MRI PI Test (201).jpg,Pituitary,224,224,RGB,8,3,0.0,253.0
Training/No-tumor/BT-MRI NO Train (793).jpg,No-tumor,224,224,RGB,8,3,0.0,255.0
Testing/Glioma/BT-MRI Test GL (282).jpg,Glioma,224,224,RGB,8,3,0.0,227.0
Testing/Pituitary/BT-MRI PI Test (246).jpg,Pituitary,224,224,RGB,8,3,0.0,251.0
Training/Pituitary/BT-MRI PI Train (104).jpg,Pituitary,224,224,RGB,8,3,0.0,255.0
Training/Glioma/BT-MRI GL Train  (163).jpg,Glioma,224,224,RGB,8,3,0.0,219.0
Training/Meningioma/BT-MRI  ME Train (1200).jpg,Meningioma,224,224,RGB,8,3,0.0,238.0
Training/Meningioma/BT-MRI  ME Train (764).jpg,Meningioma,224,224,RGB,8,3,0.0,252.0
Training/No-tumor/BT-MRI NO Train (1342).jpg,No-tumor,224,224,RGB,8,3,0.0,255.0
Training/Meningioma/BT-MRI  ME Train (186).jpg,Meningioma,224,224,RGB,8,3,0.0,255.0
Training/Meningioma/BT-MRI  ME Train (1072).jpg,Meningioma,224,224,RGB,8,3,0.0,248.0
Training/No-tumor/BT-MRI NO Train (1456).jpg,No-tumor,224,224,RGB,8,3,0.0,255.0
Training/Meningioma/BT-MRI  ME Train (1056).jpg,Meningioma,224,224,RGB,8,3,0.0,247.0
Training/Glioma/BT-MRI GL Train  (841).jpg,Glioma,224,224,RGB,8,3,0.0,242.0
Training/Pituitary/BT-MRI PI Train (391).jpg,Pituitary,224,224,RGB,8,3,0.0,249.0
Training/Pituitary/BT-MRI PI Train (1298).jpg,Pituitary,224,224,RGB,8,3,0.0,222.0
Training/Glioma/BT-MRI GL Train  (805).jpg,Glioma,224,224,RGB,8,3,0.0,244.0
Training/Meningioma/BT-MRI  ME Train (696).jpg,Meningioma,224,224,RGB,8,3,0.0,248.0
Training/Glioma/BT-MRI GL Train  (493).jpg,Glioma,224,224,RGB,8,3,0.0,227.0
Testing/Glioma/BT-MRI Test GL (213).jpg,Glioma,224,224,RGB,8,3,0.0,255.0
Training/Pituitary/BT-MRI PI Train (856).jpg,Pituitary,224,224,RGB,8,3,0.0,246.0
Testing/Pituitary/BT-MRI PI Test (146).jpg,Pituitary,224,224,RGB,8,3,0.0,225.0
Training/Pituitary/BT-MRI PI Train (1044).jpg,Pituitary,224,224,RGB,8,3,0.0,228.0
Testing/Meningioma/BT-MRI ME Test (52).jpg,Meningioma,224,224,RGB,8,3,0.0,255.0
Testing/Pituitary/BT-MRI PI Test (259).jpg,Pituitary,224,224,RGB,8,3,0.0,255.0
Testing/Glioma/BT-MRI Test GL (64).jpg,Glioma,224,224,RGB,8,3,0.0,237.0
Training/No-tumor/BT-MRI NO Train (13).jpg,No-tumor,224,224,RGB,8,3,8.0,255.0
Training/Glioma/BT-MRI GL Train  (1054).jpg,Glioma,224,224,RGB,8,3,0.0,211.0
Training/Meningioma/BT-MRI  ME Train (1253).jpg,Meningioma,224,224,RGB,8,3,0.0,243.0
Training/Glioma/BT-MRI GL Train  (1232).jpg,Glioma,224,224,RGB,8,3,0.0,252.0
Testing/No-tumor/BT-MRI NO Test (309).jpg,No-tumor,224,224,RGB,8,3,0.0,255.0
Training/Pituitary/BT-MRI PI Train (1039).jpg,Pituitary,224,224,RGB,8,3,0.0,229.0
Testing/Pituitary/BT-MRI PI Test (96).jpg,Pituitary,224,224,RGB,8,3,0.0,255.0
Training/No-tumor/BT-MRI NO Train (1241).jpg,No-tumor,224,224,RGB,8,3,0.0,255.0
Training/Meningioma/BT-MRI  ME Train (1).jpg,Meningioma,224,224,RGB,8,3,0.0,237.0
Training/Glioma/BT-MRI GL Train  (658).jpg,Glioma,224,224,RGB,8,3,0.0,240.0
Training/Meningioma/BT-MRI  ME Train (412).jpg,Meningioma,224,224,RGB,8,3,0.0,254.0
Testing/Pituitary/BT-MRI PI Test (107).jpg,Pituitary,224,224,RGB,8,3,0.0,255.0
Training/Glioma/BT-MRI GL Train  (1048).jpg,Glioma,224,224,RGB,8,3,0.0,255.0
Training/Meningioma/BT-MRI  ME Train (215).jpg,Meningioma,224,224,RGB,8,3,0.0,255.0
Training/Pituitary/BT-MRI PI Train (1330).jpg,Pituitary,224,224,RGB,8,3,0.0,246.0
Training/No-tumor/BT-MRI NO Train (294).jpg,No-tumor,224,224,RGB,8,3,0.0,255.0
Training/Pituitary/BT-MRI PI Train (1345).jpg,Pituitary,224,224,RGB,8,3,0.0,238.0
Training/Glioma/BT-MRI GL Train  (105).jpg,Glioma,224,224,RGB,8,3,0.0,245.0
Training/Glioma/BT-MRI GL Train  (1050).jpg,Glioma,224,224,RGB,8,3,0.0,255.0
Training/Glioma/BT-MRI GL Train  (690).jpg,Glioma,224,224,RGB,8,3,0.0,255.0
Testing/No-tumor/BT-MRI NO Test (162).jpg,No-tumor,224,224,RGB,8,3,0.0,255.0
Training/Glioma/BT-MRI GL Train  (642).jpg,Glioma,224,224,RGB,8,3,0.0,245.0
Training/Meningioma/BT-MRI  ME Train (392).jpg,Meningioma,224,224,RGB,8,3,0.0,240.0
Training/Meningioma/BT-MRI  ME Train (475).jpg,Meningioma,224,224,RGB,8,3,0.0,251.0
Training/No-tumor/BT-MRI NO Train (1435).jpg,No-tumor,224,224,RGB,8,3,0.0,255.0
Testing/Glioma/BT-MRI Test GL (29).jpg,Glioma,224,224,RGB,8,3,0.0,243.0
Training/No-tumor/BT-MRI NO Train (451).jpg,No-tumor,224,224,RGB,8,3,0.0,255.0
Training/Meningioma/BT-MRI  ME Train (106).jpg,Meningioma,224,224,RGB,8,3,0.0,255.0
Training/No-tumor/BT-MRI NO Train (742).jpg,No-tumor,224,224,RGB,8,3,0.0,255.0
Training/Pituitary/BT-MRI PI Train (419).jpg,Pituitary,224,224,RGB,8,3,0.0,237.0
Testing/Glioma/BT-MRI Test GL (221).jpg,Glioma,224,224,RGB,8,3,0.0,245.0
Training/Meningioma/BT-MRI  ME Train (1091).jpg,Meningioma,224,224,RGB,8,3,0.0,247.0
Training/Meningioma/BT-MRI  ME Train (579).jpg,Meningioma,224,224,RGB,8,3,0.0,255.0
Testing/Meningioma/BT-MRI ME Test (264).jpg,Meningioma,224,224,RGB,8,3,0.0,252.0
Training/Meningioma/BT-MRI  ME Train (732).jpg,Meningioma,224,224,RGB,8,3,0.0,247.0
Training/Glioma/BT-MRI GL Train  (625).jpg,Glioma,224,224,RGB,8,3,0.0,227.0
Testing/Glioma/BT-MRI Test GL (90).jpg,Glioma,224,224,RGB,8,3,0.0,249.0
Training/Pituitary/BT-MRI PI Train (1379).jpg,Pituitary,224,224,RGB,8,3,0.0,223.0
Training/Meningioma/BT-MRI  ME Train (752).jpg,Meningioma,224,224,RGB,8,3,0.0,251.0
Training/Pituitary/BT-MRI PI Train (1113).jpg,Pituitary,224,224,RGB,8,3,0.0,227.0
Testing/Pituitary/BT-MRI PI Test (152).jpg,Pituitary,224,224,RGB,8,3,0.0,230.0
Training/Glioma/BT-MRI GL Train  (327).jpg,Glioma,224,224,RGB,8,3,0.0,247.0
Training/Glioma/BT-MRI GL Train  (328).jpg,Glioma,224,224,RGB,8,3,0.0,215.0
Training/Meningioma/BT-MRI  ME Train (388).jpg,Meningioma,224,224,RGB,8,3,0.0,246.0
Testing/No-tumor/BT-MRI NO Test (378).jpg,No-tumor,224,224,RGB,8,3,0.0,255.0
Training/No-tumor/BT-MRI NO Train (1297).jpg,No-tumor,224,224,RGB,8,3,0.0,255.0
Training/No-tumor/BT-MRI NO Train (172).jpg,No-tumor,224,224,RGB,8,3,0.0,255.0
Training/No-tumor/BT-MRI NO Train (1078).jpg,No-tumor,224,224,RGB,8,3,0.0,255.0
Training/Glioma/BT-MRI GL Train  (305).jpg,Glioma,224,224,RGB,8,3,0.0,253.0
Training/No-tumor/BT-MRI NO Train (1576).jpg,No-tumor,224,224,RGB,8,3,0.0,255.0
Training/No-tumor/BT-MRI NO Train (312).jpg,No-tumor,224,224,RGB,8,3,0.0,255.0
Training/No-tumor/BT-MRI NO Train (822).jpg,No-tumor,224,224,RGB,8,3,0.0,255.0
Training/Meningioma/BT-MRI  ME Train (824).jpg,Meningioma,224,224,RGB,8,3,0.0,233.0
Testing/Pituitary/BT-MRI PI Test (254).jpg,Pituitary,224,224,RGB,8,3,0.0,255.0
Testing/Pituitary/BT-MRI PI Test (27).jpg,Pituitary,224,224,RGB,8,3,0.0,234.0
Training/Glioma/BT-MRI GL Train  (1266).jpg,Glioma,224,224,RGB,8,3,0.0,245.0
Training/No-tumor/BT-MRI NO Train (1016).jpg,No-tumor,224,224,RGB,8,3,0.0,142.0
Training/Pituitary/BT-MRI PI Train (1293).jpg,Pituitary,224,224,RGB,8,3,0.0,242.0
Testing/Glioma/BT-MRI Test GL (233).jpg,Glioma,224,224,RGB,8,3,0.0,251.0
Training/Glioma/BT-MRI GL Train  (211).jpg,Glioma,224,224,RGB,8,3,0.0,221.0
Training/Glioma/BT-MRI GL Train  (1275).jpg,Glioma,224,224,RGB,8,3,0.0,231.0
Training/Glioma/BT-MRI GL Train  (1126).jpg,Glioma,224,224,RGB,8,3,0.0,255.0
Testing/No-tumor/BT-MRI NO Test (189).jpg,No-tumor,224,224,RGB,8,3,0.0,255.0
Testing/Glioma/BT-MRI Test GL (5).jpg,Glioma,224,224,RGB,8,3,0.0,218.0
Testing/No-tumor/BT-MRI NO Test (211).jpg,No-tumor,224,224,RGB,8,3,0.0,247.0
Training/Meningioma/BT-MRI  ME Train (169).jpg,Meningioma,224,224,RGB,8,3,8.0,255.0
Training/Pituitary/BT-MRI PI Train (597).jpg,Pituitary,224,224,RGB,8,3,0.0,234.0
Training/Pituitary/BT-MRI PI Train (313).jpg,Pituitary,224,224,RGB,8,3,0.0,240.0
Training/Meningioma/BT-MRI  ME Train (1158).jpg,Meningioma,224,224,RGB,8,3,0.0,245.0
Training/Glioma/BT-MRI GL Train  (146).jpg,Glioma,224,224,RGB,8,3,0.0,237.0
Training/Pituitary/BT-MRI PI Train (1271).jpg,Pituitary,224,224,RGB,8,3,0.0,244.0
Training/No-tumor/BT-MRI NO Train (95).jpg,No-tumor,224,224,RGB,8,3,0.0,244.0
Training/Pituitary/BT-MRI PI Train (241).jpg,Pituitary,224,224,RGB,8,3,0.0,246.0
Training/Pituitary/BT-MRI PI Train (636).jpg,Pituitary,224,224,RGB,8,3,0.0,238.0
Training/Meningioma/BT-MRI  ME Train (91).jpg,Meningioma,224,224,RGB,8,3,0.0,242.0
Training/No-tumor/BT-MRI NO Train (781).jpg,No-tumor,224,224,RGB,8,3,0.0,255.0
Training/Pituitary/BT-MRI PI Train (435).jpg,Pituitary,224,224,RGB,8,3,0.0,252.0
Training/No-tumor/BT-MRI NO Train (1368).jpg,No-tumor,224,224,RGB,8,3,0.0,255.0
Training/Glioma/BT-MRI GL Train  (88).jpg,Glioma,224,224,RGB,8,3,0.0,221.0
Training/Pituitary/BT-MRI PI Train (101).jpg,Pituitary,224,224,RGB,8,3,0.0,254.0
Training/No-tumor/BT-MRI NO Train (1521).jpg,No-tumor,224,224,RGB,8,3,0.0,255.0
Training/Glioma/BT-MRI GL Train  (1074).jpg,Glioma,224,224,RGB,8,3,0.0,240.0
Training/Glioma/BT-MRI GL Train  (394).jpg,Glioma,224,224,RGB,8,3,0.0,238.0
Training/No-tumor/BT-MRI NO Train (1475).jpg,No-tumor,224,224,RGB,8,3,0.0,249.0
Training/Glioma/BT-MRI GL Train  (34).jpg,Glioma,224,224,RGB,8,3,0.0,238.0
Training/Glioma/BT-MRI GL Train  (590).jpg,Glioma,224,224,RGB,8,3,0.0,229.0
Training/Pituitary/BT-MRI PI Train (1138).jpg,Pituitary,224,224,RGB,8,3,0.0,235.0
Testing/No-tumor/BT-MRI NO Test (375).jpg,No-tumor,224,224,RGB,8,3,0.0,255.0
Training/Meningioma/BT-MRI  ME Train (1127).jpg,Meningioma,224,224,RGB,8,3,0.0,249.0
Training/Meningioma/BT-MRI  ME Train (112).jpg,Meningioma,224,224,RGB,8,3,0.0,230.0
Testing/No-tumor/BT-MRI NO Test (115).jpg,No-tumor,224,224,RGB,8,3,0.0,252.0
Training/Meningioma/BT-MRI  ME Train (975).jpg,Meningioma,224,224,RGB,8,3,0.0,241.0
Testing/No-tumor/BT-MRI NO Test (163).jpg,No-tumor,224,224,RGB,8,3,0.0,255.0
Testing/Glioma/BT-MRI Test GL (215).jpg,Glioma,224,224,RGB,8,3,0.0,241.0
Training/Pituitary/BT-MRI PI Train (1159).jpg,Pituitary,224,224,RGB,8,3,0.0,250.0
Training/Pituitary/BT-MRI PI Train (373).jpg,Pituitary,224,224,RGB,8,3,0.0,245.0
Training/No-tumor/BT-MRI NO Train (982).jpg,No-tumor,224,224,RGB,8,3,0.0,255.0
Training/Meningioma/BT-MRI  ME Train (737).jpg,Meningioma,224,224,RGB,8,3,0.0,252.0
Training/Glioma/BT-MRI GL Train  (58).jpg,Glioma,224,224,RGB,8,3,0.0,253.0
Training/Pituitary/BT-MRI PI Train (735).jpg,Pituitary,224,224,RGB,8,3,0.0,251.0
Training/Glioma/BT-MRI GL Train  (470).jpg,Glioma,224,224,RGB,8,3,0.0,230.0
Training/Pituitary/BT-MRI PI Train (300).jpg,Pituitary,224,224,RGB,8,3,0.0,255.0
Training/Pituitary/BT-MRI PI Train (1070).jpg,Pituitary,224,224,RGB,8,3,0.0,252.0
Training/No-tumor/BT-MRI NO Train (1436).jpg,No-tumor,224,224,RGB,8,3,0.0,255.0
Training/Pituitary/BT-MRI PI Train (20).jpg,Pituitary,224,224,RGB,8,3,1.0,254.0
Training/Glioma/BT-MRI GL Train  (228).jpg,Glioma,224,224,RGB,8,3,0.0,241.0
Training/Meningioma/BT-MRI  ME Train (457).jpg,Meningioma,224,224,RGB,8,3,0.0,250.0
Training/Meningioma/BT-MRI  ME Train (746).jpg,Meningioma,224,224,RGB,8,3,0.0,251.0
Testing/No-tumor/BT-MRI NO Test (196).jpg,No-tumor,224,224,RGB,8,3,0.0,255.0
Training/Meningioma/BT-MRI  ME Train (1166).jpg,Meningioma,224,224,RGB,8,3,0.0,255.0
Training/Pituitary/BT-MRI PI Train (991).jpg,Pituitary,224,224,RGB,8,3,0.0,226.0
Training/Glioma/BT-MRI GL Train  (1198).jpg,Glioma,224,224,RGB,8,3,0.0,232.0
Training/No-tumor/BT-MRI NO Train (1022).jpg,No-tumor,224,224,RGB,8,3,0.0,234.0
Training/Pituitary/BT-MRI PI Train (281).jpg,Pituitary,224,224,RGB,8,3,0.0,255.0
Training/Pituitary/BT-MRI PI Train (1299).jpg,Pituitary,224,224,RGB,8,3,0.0,230.0
Training/Meningioma/BT-MRI  ME Train (714).jpg,Meningioma,224,224,RGB,8,3,0.0,247.0
Training/Pituitary/BT-MRI PI Train (525).jpg,Pituitary,224,224,RGB,8,3,0.0,236.0
Training/Meningioma/BT-MRI  ME Train (539).jpg,Meningioma,224,224,RGB,8,3,0.0,238.0
Testing/Pituitary/BT-MRI PI Test (93).jpg,Pituitary,224,224,RGB,8,3,0.0,255.0
Training/Meningioma/BT-MRI  ME Train (806).jpg,Meningioma,224,224,RGB,8,3,0.0,255.0
Testing/Pituitary/BT-MRI PI Test (282).jpg,Pituitary,224,224,RGB,8,3,0.0,243.0
Training/Glioma/BT-MRI GL Train  (418).jpg,Glioma,224,224,RGB,8,3,0.0,243.0
Training/Glioma/BT-MRI GL Train  (726).jpg,Glioma,224,224,RGB,8,3,0.0,224.0
Training/Pituitary/BT-MRI PI Train (1010).jpg,Pituitary,224,224,RGB,8,3,0.0,240.0
Training/Pituitary/BT-MRI PI Train (3).jpg,Pituitary,224,224,RGB,8,3,0.0,231.0
Training/Pituitary/BT-MRI PI Train (252).jpg,Pituitary,224,224,RGB,8,3,0.0,238.0
Training/Pituitary/BT-MRI PI Train (463).jpg,Pituitary,224,224,RGB,8,3,0.0,252.0
Training/No-tumor/BT-MRI NO Train (1533).jpg,No-tumor,224,224,RGB,8,3,0.0,255.0
Training/Pituitary/BT-MRI PI Train (482).jpg,Pituitary,224,224,RGB,8,3,0.0,226.0
Training/Pituitary/BT-MRI PI Train (1413).jpg,Pituitary,224,224,RGB,8,3,0.0,255.0
Training/Pituitary/BT-MRI PI Train (1115).jpg,Pituitary,224,224,RGB,8,3,0.0,238.0
Training/Meningioma/BT-MRI  ME Train (808).jpg,Meningioma,224,224,RGB,8,3,0.0,240.0
Training/Glioma/BT-MRI GL Train  (967).jpg,Glioma,224,224,RGB,8,3,0.0,243.0
Training/Pituitary/BT-MRI PI Train (114).jpg,Pituitary,224,224,RGB,8,3,0.0,242.0
Training/Meningioma/BT-MRI  ME Train (736).jpg,Meningioma,224,224,RGB,8,3,0.0,255.0
Testing/Glioma/BT-MRI Test GL (33).jpg,Glioma,224,224,RGB,8,3,0.0,238.0
Testing/Meningioma/BT-MRI ME Test (209).jpg,Meningioma,224,224,RGB,8,3,0.0,250.0
Testing/Meningioma/BT-MRI ME Test (222).jpg,Meningioma,224,224,RGB,8,3,0.0,223.0
Training/Glioma/BT-MRI GL Train  (1106).jpg,Glioma,224,224,RGB,8,3,0.0,231.0
Testing/Pituitary/BT-MRI PI Test (291).jpg,Pituitary,224,224,RGB,8,3,0.0,242.0
Testing/Glioma/BT-MRI Test GL (16).jpg,Glioma,224,224,RGB,8,3,0.0,239.0
Training/Glioma/BT-MRI GL Train  (421).jpg,Glioma,224,224,RGB,8,3,0.0,229.0
Testing/No-tumor/BT-MRI NO Test (213).jpg,No-tumor,224,224,RGB,8,3,0.0,216.0
Training/No-tumor/BT-MRI NO Train (844).jpg,No-tumor,224,224,RGB,8,3,0.0,255.0
Testing/No-tumor/BT-MRI NO Test (389).jpg,No-tumor,224,224,RGB,8,3,0.0,255.0
Testing/No-tumor/BT-MRI NO Test (217).jpg,No-tumor,224,224,RGB,8,3,0.0,247.0
Training/Meningioma/BT-MRI  ME Train (445).jpg,Meningioma,224,224,RGB,8,3,0.0,225.0
Training/Pituitary/BT-MRI PI Train (799).jpg,Pituitary,224,224,RGB,8,3,0.0,235.0
Training/Meningioma/BT-MRI  ME Train (291).jpg,Meningioma,224,224,RGB,8,3,0.0,247.0
Training/Glioma/BT-MRI GL Train  (76).jpg,Glioma,224,224,RGB,8,3,0.0,241.0
Training/No-tumor/BT-MRI NO Train (1180).jpg,No-tumor,224,224,RGB,8,3,0.0,248.0
Testing/No-tumor/BT-MRI NO Test (122).jpg,No-tumor,224,224,RGB,8,3,0.0,255.0
Training/Pituitary/BT-MRI PI Train (1030).jpg,Pituitary,224,224,RGB,8,3,0.0,238.0
Testing/Pituitary/BT-MRI PI Test (212).jpg,Pituitary,224,224,RGB,8,3,0.0,254.0
Training/Pituitary/BT-MRI PI Train (1405).jpg,Pituitary,224,224,RGB,8,3,0.0,227.0
Training/Glioma/BT-MRI GL Train  (79).jpg,Glioma,224,224,RGB,8,3,0.0,220.0
Training/Glioma/BT-MRI GL Train  (1076).jpg,Glioma,224,224,RGB,8,3,0.0,233.0
Training/No-tumor/BT-MRI NO Train (758).jpg,No-tumor,224,224,RGB,8,3,0.0,255.0
Training/Meningioma/BT-MRI  ME Train (347).jpg,Meningioma,224,224,RGB,8,3,0.0,248.0
Training/No-tumor/BT-MRI NO Train (944).jpg,No-tumor,224,224,RGB,8,3,0.0,255.0
Training/Meningioma/BT-MRI  ME Train (839).jpg,Meningioma,224,224,RGB,8,3,0.0,246.0
Testing/Meningioma/BT-MRI ME Test (156).jpg,Meningioma,224,224,RGB,8,3,0.0,255.0
Testing/Pituitary/BT-MRI PI Test (88).jpg,Pituitary,224,224,RGB,8,3,0.0,255.0
Testing/No-tumor/BT-MRI NO Test (116).jpg,No-tumor,224,224,RGB,8,3,0.0,253.0
Training/Meningioma/BT-MRI  ME Train (1046).jpg,Meningioma,224,224,RGB,8,3,0.0,244.0
Training/Meningioma/BT-MRI  ME Train (164).jpg,Meningioma,224,224,RGB,8,3,0.0,245.0
Training/Pituitary/BT-MRI PI Train (1007).jpg,Pituitary,224,224,RGB,8,3,0.0,229.0
Training/Pituitary/BT-MRI PI Train (124).jpg,Pituitary,224,224,RGB,8,3,0.0,255.0
Training/No-tumor/BT-MRI NO Train (454).jpg,No-tumor,224,224,RGB,8,3,0.0,255.0
Training/Pituitary/BT-MRI PI Train (224).jpg,Pituitary,224,224,RGB,8,3,0.0,255.0
Training/Pituitary/BT-MRI PI Train (907).jpg,Pituitary,224,224,RGB,8,3,0.0,244.0
Training/Meningioma/BT-MRI  ME Train (1028).jpg,Meningioma,224,224,RGB,8,3,0.0,245.0
Training/No-tumor/BT-MRI NO Train (1546).jpg,No-tumor,224,224,RGB,8,3,0.0,255.0
Testing/Glioma/BT-MRI Test GL (75).jpg,Glioma,224,224,RGB,8,3,0.0,217.0
Training/Glioma/BT-MRI GL Train  (51).jpg,Glioma,224,224,RGB,8,3,0.0,221.0
Training/Pituitary/BT-MRI PI Train (1023).jpg,Pituitary,224,224,RGB,8,3,0.0,241.0
Training/Pituitary/BT-MRI PI Train (497).jpg,Pituitary,224,224,RGB,8,3,0.0,245.0
Testing/Pituitary/BT-MRI PI Test (102).jpg,Pituitary,224,224,RGB,8,3,0.0,241.0
Training/Pituitary/BT-MRI PI Train (615).jpg,Pituitary,224,224,RGB,8,3,0.0,233.0
Training/No-tumor/BT-MRI NO Train (1562).jpg,No-tumor,224,224,RGB,8,3,0.0,244.0
Training/Glioma/BT-MRI GL Train  (542).jpg,Glioma,224,224,RGB,8,3,0.0,233.0
Training/Pituitary/BT-MRI PI Train (31).jpg,Pituitary,224,224,RGB,8,3,0.0,255.0
Training/Pituitary/BT-MRI PI Train (778).jpg,Pituitary,224,224,RGB,8,3,0.0,244.0
Training/Pituitary/BT-MRI PI Train (1302).jpg,Pituitary,224,224,RGB,8,3,0.0,228.0
Training/Glioma/BT-MRI GL Train  (111).jpg,Glioma,224,224,RGB,8,3,0.0,218.0
Testing/Pituitary/BT-MRI PI Test (284).jpg,Pituitary,224,224,RGB,8,3,0.0,255.0
Training/Pituitary/BT-MRI PI Train (809).jpg,Pituitary,224,224,RGB,8,3,0.0,238.0
Training/Pituitary/BT-MRI PI Train (64).jpg,Pituitary,224,224,RGB,8,3,0.0,253.0
Training/Meningioma/BT-MRI  ME Train (337).jpg,Meningioma,224,224,RGB,8,3,0.0,255.0
Training/No-tumor/BT-MRI NO Train (325).jpg,No-tumor,224,224,RGB,8,3,0.0,190.0
Training/No-tumor/BT-MRI NO Train (1539).jpg,No-tumor,224,224,RGB,8,3,0.0,255.0
Training/Pituitary/BT-MRI PI Train (319).jpg,Pituitary,224,224,RGB,8,3,0.0,242.0
Training/Pituitary/BT-MRI PI Train (328).jpg,Pituitary,224,224,RGB,8,3,0.0,249.0
Training/Meningioma/BT-MRI  ME Train (559).jpg,Meningioma,224,224,RGB,8,3,0.0,255.0
Training/Pituitary/BT-MRI PI Train (1062).jpg,Pituitary,224,224,RGB,8,3,0.0,247.0
Training/Glioma/BT-MRI GL Train  (559).jpg,Glioma,224,224,RGB,8,3,0.0,234.0
Training/Meningioma/BT-MRI  ME Train (184).jpg,Meningioma,224,224,RGB,8,3,0.0,216.0
Training/Meningioma/BT-MRI  ME Train (1156).jpg,Meningioma,224,224,RGB,8,3,0.0,255.0
Training/No-tumor/BT-MRI NO Train (1545).jpg,No-tumor,224,224,RGB,8,3,0.0,255.0
Training/Glioma/BT-MRI GL Train  (710).jpg,Glioma,224,224,RGB,8,3,0.0,232.0
Testing/Glioma/BT-MRI Test GL (30).jpg,Glioma,224,224,RGB,8,3,0.0,255.0
Training/No-tumor/BT-MRI NO Train (1296).jpg,No-tumor,224,224,RGB,8,3,0.0,255.0
Training/Meningioma/BT-MRI  ME Train (901).jpg,Meningioma,224,224,RGB,8,3,0.0,248.0
Training/No-tumor/BT-MRI NO Train (1318).jpg,No-tumor,224,224,RGB,8,3,5.0,255.0
Training/Glioma/BT-MRI GL Train  (66).jpg,Glioma,224,224,RGB,8,3,0.0,242.0
Training/No-tumor/BT-MRI NO Train (1162).jpg,No-tumor,224,224,RGB,8,3,0.0,251.0
Training/Meningioma/BT-MRI  ME Train (983).jpg,Meningioma,224,224,RGB,8,3,0.0,250.0
Training/Pituitary/BT-MRI PI Train (122).jpg,Pituitary,224,224,RGB,8,3,0.0,255.0
Training/No-tumor/BT-MRI NO Train (765).jpg,No-tumor,224,224,RGB,8,3,0.0,255.0
Training/Meningioma/BT-MRI  ME Train (285).jpg,Meningioma,224,224,RGB,8,3,0.0,241.0
Testing/Glioma/BT-MRI Test GL (172).jpg,Glioma,224,224,RGB,8,3,0.0,232.0
Training/Meningioma/BT-MRI  ME Train (171).jpg,Meningioma,224,224,RGB,8,3,3.0,235.0
Training/No-tumor/BT-MRI NO Train (509).jpg,No-tumor,224,224,RGB,8,3,0.0,255.0
Training/Meningioma/BT-MRI  ME Train (302).jpg,Meningioma,224,224,RGB,8,3,0.0,230.0
Training/Glioma/BT-MRI GL Train  (362).jpg,Glioma,224,224,RGB,8,3,0.0,232.0
Training/Meningioma/BT-MRI  ME Train (386).jpg,Meningioma,224,224,RGB,8,3,0.0,251.0
Training/Glioma/BT-MRI GL Train  (979).jpg,Glioma,224,224,RGB,8,3,0.0,255.0
Training/Meningioma/BT-MRI  ME Train (277).jpg,Meningioma,224,224,RGB,8,3,0.0,253.0
Training/No-tumor/BT-MRI NO Train (1028).jpg,No-tumor,224,224,RGB,8,3,0.0,255.0
Training/Meningioma/BT-MRI  ME Train (909).jpg,Meningioma,224,224,RGB,8,3,0.0,247.0
Training/Glioma/BT-MRI GL Train  (70).jpg,Glioma,224,224,RGB,8,3,0.0,228.0
Testing/Glioma/BT-MRI Test GL (57).jpg,Glioma,224,224,RGB,8,3,0.0,237.0
Training/No-tumor/BT-MRI NO Train (1572).jpg,No-tumor,224,224,RGB,8,3,0.0,255.0
Training/Pituitary/BT-MRI PI Train (836).jpg,Pituitary,224,224,RGB,8,3,0.0,249.0
Training/Meningioma/BT-MRI  ME Train (801).jpg,Meningioma,224,224,RGB,8,3,0.0,229.0
Training/Glioma/BT-MRI GL Train  (74).jpg,Glioma,224,224,RGB,8,3,0.0,226.0
Training/Meningioma/BT-MRI  ME Train (319).jpg,Meningioma,224,224,RGB,8,3,0.0,255.0
Testing/Pituitary/BT-MRI PI Test (239).jpg,Pituitary,224,224,RGB,8,3,0.0,255.0
Training/No-tumor/BT-MRI NO Train (627).jpg,No-tumor,224,224,RGB,8,3,0.0,255.0
Training/Glioma/BT-MRI GL Train  (917).jpg,Glioma,224,224,RGB,8,3,0.0,239.0
Training/No-tumor/BT-MRI NO Train (1121).jpg,No-tumor,224,224,RGB,8,3,0.0,234.0
Testing/Meningioma/BT-MRI ME Test (122).jpg,Meningioma,224,224,RGB,8,3,0.0,250.0
Testing/Glioma/BT-MRI Test GL (177).jpg,Glioma,224,224,RGB,8,3,0.0,239.0
Training/Meningioma/BT-MRI  ME Train (466).jpg,Meningioma,224,224,RGB,8,3,0.0,255.0
Training/Meningioma/BT-MRI  ME Train (1085).jpg,Meningioma,224,224,RGB,8,3,0.0,248.0
Training/Meningioma/BT-MRI  ME Train (879).jpg,Meningioma,224,224,RGB,8,3,0.0,240.0
Training/No-tumor/BT-MRI NO Train (463).jpg,No-tumor,224,224,RGB,8,3,4.0,255.0
Training/Pituitary/BT-MRI PI Train (470).jpg,Pituitary,224,224,RGB,8,3,0.0,231.0
Training/Meningioma/BT-MRI  ME Train (500).jpg,Meningioma,224,224,RGB,8,3,0.0,253.0
Training/Meningioma/BT-MRI  ME Train (79).jpg,Meningioma,224,224,RGB,8,3,0.0,240.0
Training/Meningioma/BT-MRI  ME Train (968).jpg,Meningioma,224,224,RGB,8,3,0.0,219.0
Testing/Meningioma/BT-MRI ME Test (160).jpg,Meningioma,224,224,RGB,8,3,0.0,243.0
Testing/Pituitary/BT-MRI PI Test (267).jpg,Pituitary,224,224,RGB,8,3,0.0,255.0
Training/No-tumor/BT-MRI NO Train (592).jpg,No-tumor,224,224,RGB,8,3,0.0,255.0
Training/Pituitary/BT-MRI PI Train (785).jpg,Pituitary,224,224,RGB,8,3,0.0,225.0
Training/Meningioma/BT-MRI  ME Train (61).jpg,Meningioma,224,224,RGB,8,3,0.0,246.0
Training/No-tumor/BT-MRI NO Train (573).jpg,No-tumor,224,224,RGB,8,3,0.0,255.0
Training/Pituitary/BT-MRI PI Train (1024).jpg,Pituitary,224,224,RGB,8,3,0.0,250.0
Training/Pituitary/BT-MRI PI Train (461).jpg,Pituitary,224,224,RGB,8,3,0.0,255.0
Training/Meningioma/BT-MRI  ME Train (250).jpg,Meningioma,224,224,RGB,8,3,0.0,245.0
Training/Meningioma/BT-MRI  ME Train (725).jpg,Meningioma,224,224,RGB,8,3,0.0,255.0
Training/No-tumor/BT-MRI NO Train (645).jpg,No-tumor,224,224,RGB,8,3,0.0,255.0
Training/Meningioma/BT-MRI  ME Train (747).jpg,Meningioma,224,224,RGB,8,3,0.0,255.0
Training/Glioma/BT-MRI GL Train  (953).jpg,Glioma,224,224,RGB,8,3,0.0,255.0
Training/No-tumor/BT-MRI NO Train (515).jpg,No-tumor,224,224,RGB,8,3,0.0,255.0
Training/Meningioma/BT-MRI  ME Train (498).jpg,Meningioma,224,224,RGB,8,3,0.0,249.0
Training/Meningioma/BT-MRI  ME Train (784).jpg,Meningioma,224,224,RGB,8,3,0.0,251.0
Training/Pituitary/BT-MRI PI Train (987).jpg,Pituitary,224,224,RGB,8,3,0.0,247.0
Training/Glioma/BT-MRI GL Train  (164).jpg,Glioma,224,224,RGB,8,3,0.0,235.0
Testing/Meningioma/BT-MRI ME Test (194).jpg,Meningioma,224,224,RGB,8,3,0.0,253.0
Testing/Glioma/BT-MRI Test GL (22).jpg,Glioma,224,224,RGB,8,3,0.0,218.0
Training/Meningioma/BT-MRI  ME Train (781).jpg,Meningioma,224,224,RGB,8,3,0.0,240.0
Training/Glioma/BT-MRI GL Train  (1256).jpg,Glioma,224,224,RGB,8,3,0.0,254.0
Training/Meningioma/BT-MRI  ME Train (758).jpg,Meningioma,224,224,RGB,8,3,0.0,250.0
Training/Meningioma/BT-MRI  ME Train (832).jpg,Meningioma,224,224,RGB,8,3,0.0,240.0
Training/Meningioma/BT-MRI  ME Train (1020).jpg,Meningioma,224,224,RGB,8,3,0.0,246.0
Training/Glioma/BT-MRI GL Train  (582).jpg,Glioma,224,224,RGB,8,3,0.0,238.0
Training/No-tumor/BT-MRI NO Train (981).jpg,No-tumor,224,224,RGB,8,3,0.0,255.0
Training/No-tumor/BT-MRI NO Train (653).jpg,No-tumor,224,224,RGB,8,3,0.0,255.0
Training/No-tumor/BT-MRI NO Train (677).jpg,No-tumor,224,224,RGB,8,3,0.0,255.0
Training/No-tumor/BT-MRI NO Train (1579).jpg,No-tumor,224,224,RGB,8,3,0.0,255.0
Training/Meningioma/BT-MRI  ME Train (1208).jpg,Meningioma,224,224,RGB,8,3,0.0,255.0
Training/Meningioma/BT-MRI  ME Train (554).jpg,Meningioma,224,224,RGB,8,3,0.0,248.0
Training/Pituitary/BT-MRI PI Train (750).jpg,Pituitary,224,224,RGB,8,3,0.0,234.0
Testing/Pituitary/BT-MRI PI Test (128).jpg,Pituitary,224,224,RGB,8,3,0.0,255.0
Training/Pituitary/BT-MRI PI Train (260).jpg,Pituitary,224,224,RGB,8,3,0.0,252.0
Training/Meningioma/BT-MRI  ME Train (295).jpg,Meningioma,224,224,RGB,8,3,0.0,241.0
Testing/No-tumor/BT-MRI NO Test (318).jpg,No-tumor,224,224,RGB,8,3,0.0,255.0
Training/No-tumor/BT-MRI NO Train (648).jpg,No-tumor,224,224,RGB,8,3,0.0,255.0
Training/No-tumor/BT-MRI NO Train (1498).jpg,No-tumor,224,224,RGB,8,3,0.0,251.0
Training/Pituitary/BT-MRI PI Train (208).jpg,Pituitary,224,224,RGB,8,3,0.0,244.0
Training/Pituitary/BT-MRI PI Train (437).jpg,Pituitary,224,224,RGB,8,3,0.0,239.0
Training/No-tumor/BT-MRI NO Train (762).jpg,No-tumor,224,224,RGB,8,3,0.0,255.0
Testing/No-tumor/BT-MRI NO Test (105).jpg,No-tumor,224,224,RGB,8,3,0.0,255.0
Training/Meningioma/BT-MRI  ME Train (667).jpg,Meningioma,224,224,RGB,8,3,0.0,255.0
Training/Meningioma/BT-MRI  ME Train (780).jpg,Meningioma,224,224,RGB,8,3,0.0,241.0
Training/No-tumor/BT-MRI NO Train (530).jpg,No-tumor,224,224,RGB,8,3,0.0,232.0
Training/No-tumor/BT-MRI NO Train (1563).jpg,No-tumor,224,224,RGB,8,3,0.0,135.0
Training/Meningioma/BT-MRI  ME Train (339).jpg,Meningioma,224,224,RGB,8,3,0.0,255.0
Training/Pituitary/BT-MRI PI Train (1445).jpg,Pituitary,224,224,RGB,8,3,0.0,239.0
Training/No-tumor/BT-MRI NO Train (1319).jpg,No-tumor,224,224,RGB,8,3,0.0,255.0
Training/No-tumor/BT-MRI NO Train (1495).jpg,No-tumor,224,224,RGB,8,3,0.0,255.0
Training/Meningioma/BT-MRI  ME Train (125).jpg,Meningioma,224,224,RGB,8,3,0.0,240.0
Training/Glioma/BT-MRI GL Train  (778).jpg,Glioma,224,224,RGB,8,3,0.0,237.0
Training/Meningioma/BT-MRI  ME Train (368).jpg,Meningioma,224,224,RGB,8,3,0.0,220.0
Training/No-tumor/BT-MRI NO Train (440).jpg,No-tumor,224,224,RGB,8,3,0.0,255.0
Training/Pituitary/BT-MRI PI Train (634).jpg,Pituitary,224,224,RGB,8,3,0.0,203.0
Training/Pituitary/BT-MRI PI Train (798).jpg,Pituitary,224,224,RGB,8,3,0.0,244.0
Training/Pituitary/BT-MRI PI Train (659).jpg,Pituitary,224,224,RGB,8,3,0.0,231.0
Training/Pituitary/BT-MRI PI Train (468).jpg,Pituitary,224,224,RGB,8,3,0.0,231.0
Training/Pituitary/BT-MRI PI Train (134).jpg,Pituitary,224,224,RGB,8,3,0.0,255.0
Training/Pituitary/BT-MRI PI Train (770).jpg,Pituitary,224,224,RGB,8,3,0.0,241.0
Training/Meningioma/BT-MRI  ME Train (391).jpg,Meningioma,224,224,RGB,8,3,0.0,254.0
Training/Glioma/BT-MRI GL Train  (44).jpg,Glioma,224,224,RGB,8,3,0.0,224.0
Training/No-tumor/BT-MRI NO Train (370).jpg,No-tumor,224,224,RGB,8,3,0.0,255.0
Training/Meningioma/BT-MRI  ME Train (669).jpg,Meningioma,224,224,RGB,8,3,0.0,247.0
Training/Pituitary/BT-MRI PI Train (1197).jpg,Pituitary,224,224,RGB,8,3,0.0,231.0
Training/Meningioma/BT-MRI  ME Train (476).jpg,Meningioma,224,224,RGB,8,3,0.0,242.0
Training/Pituitary/BT-MRI PI Train (683).jpg,Pituitary,224,224,RGB,8,3,0.0,247.0
Training/No-tumor/BT-MRI NO Train (990).jpg,No-tumor,224,224,RGB,8,3,0.0,255.0
Testing/Meningioma/BT-MRI ME Test (221).jpg,Meningioma,224,224,RGB,8,3,0.0,239.0
Training/Pituitary/BT-MRI PI Train (1073).jpg,Pituitary,224,224,RGB,8,3,0.0,233.0
Training/Pituitary/BT-MRI PI Train (1058).jpg,Pituitary,224,224,RGB,8,3,0.0,234.0
Testing/Pituitary/BT-MRI PI Test (204).jpg,Pituitary,224,224,RGB,8,3,0.0,239.0
Training/Pituitary/BT-MRI PI Train (1429).jpg,Pituitary,224,224,RGB,8,3,0.0,229.0
Testing/No-tumor/BT-MRI NO Test (342).jpg,No-tumor,224,224,RGB,8,3,0.0,255.0
Training/Glioma/BT-MRI GL Train  (689).jpg,Glioma,224,224,RGB,8,3,0.0,243.0
Training/No-tumor/BT-MRI NO Train (441).jpg,No-tumor,224,224,RGB,8,3,0.0,255.0
Training/Glioma/BT-MRI GL Train  (643).jpg,Glioma,224,224,RGB,8,3,0.0,233.0
Training/Glioma/BT-MRI GL Train  (663).jpg,Glioma,224,224,RGB,8,3,0.0,227.0
Training/No-tumor/BT-MRI NO Train (679).jpg,No-tumor,224,224,RGB,8,3,0.0,255.0
Training/Pituitary/BT-MRI PI Train (1056).jpg,Pituitary,224,224,RGB,8,3,0.0,238.0
Training/Glioma/BT-MRI GL Train  (255).jpg,Glioma,224,224,RGB,8,3,0.0,230.0
Training/No-tumor/BT-MRI NO Train (1483).jpg,No-tumor,224,224,RGB,8,3,0.0,255.0
Training/Meningioma/BT-MRI  ME Train (528).jpg,Meningioma,224,224,RGB,8,3,0.0,250.0
Training/Meningioma/BT-MRI  ME Train (896).jpg,Meningioma,224,224,RGB,8,3,0.0,252.0
Training/Pituitary/BT-MRI PI Train (327).jpg,Pituitary,224,224,RGB,8,3,0.0,248.0
Training/No-tumor/BT-MRI NO Train (526).jpg,No-tumor,224,224,RGB,8,3,0.0,255.0
Testing/Glioma/BT-MRI Test GL (223).jpg,Glioma,224,224,RGB,8,3,0.0,246.0
Training/Pituitary/BT-MRI PI Train (32).jpg,Pituitary,224,224,RGB,8,3,0.0,255.0
Training/Glioma/BT-MRI GL Train  (1156).jpg,Glioma,224,224,RGB,8,3,0.0,249.0
Testing/Meningioma/BT-MRI ME Test (218).jpg,Meningioma,224,224,RGB,8,3,0.0,249.0
Training/Glioma/BT-MRI GL Train  (189).jpg,Glioma,224,224,RGB,8,3,0.0,238.0
Training/No-tumor/BT-MRI NO Train (662).jpg,No-tumor,224,224,RGB,8,3,0.0,255.0
Testing/Glioma/BT-MRI Test GL (211).jpg,Glioma,224,224,RGB,8,3,0.0,241.0
Training/Meningioma/BT-MRI  ME Train (299).jpg,Meningioma,224,224,RGB,8,3,0.0,253.0
Training/Pituitary/BT-MRI PI Train (643).jpg,Pituitary,224,224,RGB,8,3,0.0,240.0
Testing/No-tumor/BT-MRI NO Test (369).jpg,No-tumor,224,224,RGB,8,3,0.0,255.0
Training/No-tumor/BT-MRI NO Train (801).jpg,No-tumor,224,224,RGB,8,3,0.0,210.0
Training/Meningioma/BT-MRI  ME Train (204).jpg,Meningioma,224,224,RGB,8,3,0.0,255.0
Training/Glioma/BT-MRI GL Train  (297).jpg,Glioma,224,224,RGB,8,3,0.0,236.0
Training/Glioma/BT-MRI GL Train  (1062).jpg,Glioma,224,224,RGB,8,3,0.0,250.0
Training/Pituitary/BT-MRI PI Train (265).jpg,Pituitary,224,224,RGB,8,3,0.0,255.0
Training/Pituitary/BT-MRI PI Train (187).jpg,Pituitary,224,224,RGB,8,3,0.0,238.0
Training/Meningioma/BT-MRI  ME Train (233).jpg,Meningioma,224,224,RGB,8,3,0.0,255.0
Training/Pituitary/BT-MRI PI Train (1210).jpg,Pituitary,224,224,RGB,8,3,0.0,213.0
Training/No-tumor/BT-MRI NO Train (743).jpg,No-tumor,224,224,RGB,8,3,0.0,255.0
Training/Glioma/BT-MRI GL Train  (954).jpg,Glioma,224,224,RGB,8,3,0.0,249.0
Testing/Glioma/BT-MRI Test GL (236).jpg,Glioma,224,224,RGB,8,3,0.0,254.0
Training/Glioma/BT-MRI GL Train  (1072).jpg,Glioma,224,224,RGB,8,3,0.0,235.0
Training/Meningioma/BT-MRI  ME Train (502).jpg,Meningioma,224,224,RGB,8,3,0.0,252.0
Training/Meningioma/BT-MRI  ME Train (1000).jpg,Meningioma,224,224,RGB,8,3,0.0,255.0
Training/Glioma/BT-MRI GL Train  (1116).jpg,Glioma,224,224,RGB,8,3,0.0,252.0
Training/No-tumor/BT-MRI NO Train (881).jpg,No-tumor,224,224,RGB,8,3,0.0,255.0
Training/Meningioma/BT-MRI  ME Train (146).jpg,Meningioma,224,224,RGB,8,3,0.0,241.0
Training/Meningioma/BT-MRI  ME Train (883).jpg,Meningioma,224,224,RGB,8,3,0.0,239.0
Training/Pituitary/BT-MRI PI Train (803).jpg,Pituitary,224,224,RGB,8,3,0.0,220.0
Training/No-tumor/BT-MRI NO Train (1301).jpg,No-tumor,224,224,RGB,8,3,0.0,255.0
Training/Meningioma/BT-MRI  ME Train (506).jpg,Meningioma,224,224,RGB,8,3,0.0,245.0
Training/Glioma/BT-MRI GL Train  (938).jpg,Glioma,224,224,RGB,8,3,0.0,238.0
Training/Meningioma/BT-MRI  ME Train (97).jpg,Meningioma,224,224,RGB,8,3,0.0,249.0
Testing/Pituitary/BT-MRI PI Test (65).jpg,Pituitary,224,224,RGB,8,3,0.0,249.0
Training/No-tumor/BT-MRI NO Train (1548).jpg,No-tumor,224,224,RGB,8,3,0.0,230.0
Training/Pituitary/BT-MRI PI Train (115).jpg,Pituitary,224,224,RGB,8,3,0.0,224.0
Training/Glioma/BT-MRI GL Train  (469).jpg,Glioma,224,224,RGB,8,3,0.0,229.0
Training/Meningioma/BT-MRI  ME Train (208).jpg,Meningioma,224,224,RGB,8,3,0.0,255.0
Testing/Pituitary/BT-MRI PI Test (193).jpg,Pituitary,224,224,RGB,8,3,0.0,226.0
Testing/Glioma/BT-MRI Test GL (285).jpg,Glioma,224,224,RGB,8,3,0.0,255.0
Training/No-tumor/BT-MRI NO Train (701).jpg,No-tumor,224,224,RGB,8,3,0.0,255.0
Training/Pituitary/BT-MRI PI Train (754).jpg,Pituitary,224,224,RGB,8,3,0.0,255.0
Training/Pituitary/BT-MRI PI Train (163).jpg,Pituitary,224,224,RGB,8,3,0.0,239.0
Training/Meningioma/BT-MRI  ME Train (371).jpg,Meningioma,224,224,RGB,8,3,0.0,248.0
Training/Meningioma/BT-MRI  ME Train (367).jpg,Meningioma,224,224,RGB,8,3,0.0,232.0
Training/No-tumor/BT-MRI NO Train (637).jpg,No-tumor,224,224,RGB,8,3,0.0,255.0
Training/Glioma/BT-MRI GL Train  (1213).jpg,Glioma,224,224,RGB,8,3,0.0,255.0
Training/Glioma/BT-MRI GL Train  (888).jpg,Glioma,224,224,RGB,8,3,0.0,239.0
Training/Pituitary/BT-MRI PI Train (582).jpg,Pituitary,224,224,RGB,8,3,0.0,248.0
Training/Glioma/BT-MRI GL Train  (203).jpg,Glioma,224,224,RGB,8,3,0.0,226.0
Training/Meningioma/BT-MRI  ME Train (915).jpg,Meningioma,224,224,RGB,8,3,0.0,252.0
Training/Meningioma/BT-MRI  ME Train (115).jpg,Meningioma,224,224,RGB,8,3,0.0,232.0
Training/No-tumor/BT-MRI NO Train (1382).jpg,No-tumor,224,224,RGB,8,3,0.0,255.0
Training/Meningioma/BT-MRI  ME Train (631).jpg,Meningioma,224,224,RGB,8,3,0.0,255.0
Training/Meningioma/BT-MRI  ME Train (1066).jpg,Meningioma,224,224,RGB,8,3,0.0,251.0
Training/No-tumor/BT-MRI NO Train (736).jpg,No-tumor,224,224,RGB,8,3,0.0,255.0
Training/Meningioma/BT-MRI  ME Train (1171).jpg,Meningioma,224,224,RGB,8,3,0.0,250.0
Training/Meningioma/BT-MRI  ME Train (572).jpg,Meningioma,224,224,RGB,8,3,0.0,255.0
Training/No-tumor/BT-MRI NO Train (109).jpg,No-tumor,224,224,RGB,8,3,0.0,255.0
Training/Pituitary/BT-MRI PI Train (416).jpg,Pituitary,224,224,RGB,8,3,0.0,234.0
Training/No-tumor/BT-MRI NO Train (445).jpg,No-tumor,224,224,RGB,8,3,0.0,243.0
Training/Meningioma/BT-MRI  ME Train (374).jpg,Meningioma,224,224,RGB,8,3,0.0,255.0
Training/No-tumor/BT-MRI NO Train (1358).jpg,No-tumor,224,224,RGB,8,3,0.0,255.0
Training/Glioma/BT-MRI GL Train  (1060).jpg,Glioma,224,224,RGB,8,3,0.0,196.0
Training/Meningioma/BT-MRI  ME Train (439).jpg,Meningioma,224,224,RGB,8,3,0.0,251.0
Training/No-tumor/BT-MRI NO Train (21).jpg,No-tumor,224,224,RGB,8,3,0.0,245.0
Training/Pituitary/BT-MRI PI Train (318).jpg,Pituitary,224,224,RGB,8,3,0.0,253.0
Training/Pituitary/BT-MRI PI Train (1310).jpg,Pituitary,224,224,RGB,8,3,0.0,249.0
Training/No-tumor/BT-MRI NO Train (1015).jpg,No-tumor,224,224,RGB,8,3,0.0,251.0
Training/Glioma/BT-MRI GL Train  (1161).jpg,Glioma,224,224,RGB,8,3,0.0,250.0
Training/Glioma/BT-MRI GL Train  (12).jpg,Glioma,224,224,RGB,8,3,0.0,236.0
Training/Meningioma/BT-MRI  ME Train (20).jpg,Meningioma,224,224,RGB,8,3,0.0,250.0
Training/Pituitary/BT-MRI PI Train (1165).jpg,Pituitary,224,224,RGB,8,3,0.0,253.0
Testing/Pituitary/BT-MRI PI Test (120).jpg,Pituitary,224,224,RGB,8,3,0.0,255.0
Training/Glioma/BT-MRI GL Train  (734).jpg,Glioma,224,224,RGB,8,3,0.0,229.0
Testing/No-tumor/BT-MRI NO Test (222).jpg,No-tumor,224,224,RGB,8,3,0.0,255.0
Training/Pituitary/BT-MRI PI Train (1048).jpg,Pituitary,224,224,RGB,8,3,0.0,214.0
Training/Glioma/BT-MRI GL Train  (139).jpg,Glioma,224,224,RGB,8,3,0.0,231.0
Training/No-tumor/BT-MRI NO Train (730).jpg,No-tumor,224,224,RGB,8,3,0.0,255.0
Training/No-tumor/BT-MRI NO Train (1067).jpg,No-tumor,224,224,RGB,8,3,0.0,255.0
Training/No-tumor/BT-MRI NO Train (467).jpg,No-tumor,224,224,RGB,8,3,0.0,255.0
Training/Glioma/BT-MRI GL Train  (363).jpg,Glioma,224,224,RGB,8,3,0.0,230.0
Training/Glioma/BT-MRI GL Train  (193).jpg,Glioma,224,224,RGB,8,3,0.0,253.0
Training/Meningioma/BT-MRI  ME Train (117).jpg,Meningioma,224,224,RGB,8,3,0.0,228.0
Training/No-tumor/BT-MRI NO Train (382).jpg,No-tumor,224,224,RGB,8,3,0.0,255.0
Training/Glioma/BT-MRI GL Train  (800).jpg,Glioma,224,224,RGB,8,3,0.0,238.0
Testing/No-tumor/BT-MRI NO Test (175).jpg,No-tumor,224,224,RGB,8,3,0.0,251.0
Training/Pituitary/BT-MRI PI Train (368).jpg,Pituitary,224,224,RGB,8,3,0.0,239.0
Training/Meningioma/BT-MRI  ME Train (55).jpg,Meningioma,224,224,RGB,8,3,0.0,253.0
Training/No-tumor/BT-MRI NO Train (864).jpg,No-tumor,224,224,RGB,8,3,0.0,255.0
Training/Pituitary/BT-MRI PI Train (934).jpg,Pituitary,224,224,RGB,8,3,0.0,255.0
Testing/Pituitary/BT-MRI PI Test (47).jpg,Pituitary,224,224,RGB,8,3,0.0,221.0
Testing/No-tumor/BT-MRI NO Test (243).jpg,No-tumor,224,224,RGB,8,3,0.0,255.0
Training/No-tumor/BT-MRI NO Train (936).jpg,No-tumor,224,224,RGB,8,3,0.0,255.0
Training/No-tumor/BT-MRI NO Train (948).jpg,No-tumor,224,224,RGB,8,3,0.0,238.0
Training/Pituitary/BT-MRI PI Train (1420).jpg,Pituitary,224,224,RGB,8,3,0.0,249.0
Training/No-tumor/BT-MRI NO Train (626).jpg,No-tumor,224,224,RGB,8,3,0.0,255.0
Training/Pituitary/BT-MRI PI Train (640).jpg,Pituitary,224,224,RGB,8,3,0.0,249.0
Training/Pituitary/BT-MRI PI Train (901).jpg,Pituitary,224,224,RGB,8,3,0.0,234.0
Training/Pituitary/BT-MRI PI Train (609).jpg,Pituitary,224,224,RGB,8,3,0.0,247.0
Training/Pituitary/BT-MRI PI Train (630).jpg,Pituitary,224,224,RGB,8,3,0.0,221.0
Training/Pituitary/BT-MRI PI Train (496).jpg,Pituitary,224,224,RGB,8,3,0.0,226.0
Training/Glioma/BT-MRI GL Train  (285).jpg,Glioma,224,224,RGB,8,3,0.0,205.0
Training/No-tumor/BT-MRI NO Train (811).jpg,No-tumor,224,224,RGB,8,3,0.0,255.0
Training/Glioma/BT-MRI GL Train  (742).jpg,Glioma,224,224,RGB,8,3,0.0,239.0
Testing/Glioma/BT-MRI Test GL (25).jpg,Glioma,224,224,RGB,8,3,0.0,223.0
Training/Pituitary/BT-MRI PI Train (565).jpg,Pituitary,224,224,RGB,8,3,0.0,236.0
Training/No-tumor/BT-MRI NO Train (1549).jpg,No-tumor,224,224,RGB,8,3,0.0,255.0
Training/Pituitary/BT-MRI PI Train (676).jpg,Pituitary,224,224,RGB,8,3,0.0,236.0
Testing/No-tumor/BT-MRI NO Test (109).jpg,No-tumor,224,224,RGB,8,3,0.0,255.0
Training/Pituitary/BT-MRI PI Train (1129).jpg,Pituitary,224,224,RGB,8,3,0.0,253.0
Training/Glioma/BT-MRI GL Train  (200).jpg,Glioma,224,224,RGB,8,3,0.0,219.0
Training/Meningioma/BT-MRI  ME Train (585).jpg,Meningioma,224,224,RGB,8,3,0.0,255.0
Training/Pituitary/BT-MRI PI Train (895).jpg,Pituitary,224,224,RGB,8,3,0.0,255.0
Training/No-tumor/BT-MRI NO Train (1186).jpg,No-tumor,224,224,RGB,8,3,0.0,255.0
Training/Pituitary/BT-MRI PI Train (25).jpg,Pituitary,224,224,RGB,8,3,0.0,238.0
Training/Glioma/BT-MRI GL Train  (1145).jpg,Glioma,224,224,RGB,8,3,0.0,216.0
Training/No-tumor/BT-MRI NO Train (257).jpg,No-tumor,224,224,RGB,8,3,0.0,255.0
Training/No-tumor/BT-MRI NO Train (133).jpg,No-tumor,224,224,RGB,8,3,0.0,234.0
Training/Glioma/BT-MRI GL Train  (628).jpg,Glioma,224,224,RGB,8,3,0.0,230.0
Training/No-tumor/BT-MRI NO Train (52).jpg,No-tumor,224,224,RGB,8,3,0.0,255.0
Training/No-tumor/BT-MRI NO Train (1143).jpg,No-tumor,224,224,RGB,8,3,0.0,255.0
Training/Glioma/BT-MRI GL Train  (378).jpg,Glioma,224,224,RGB,8,3,0.0,228.0
Training/Meningioma/BT-MRI  ME Train (387).jpg,Meningioma,224,224,RGB,8,3,0.0,239.0
Training/Pituitary/BT-MRI PI Train (246).jpg,Pituitary,224,224,RGB,8,3,0.0,255.0
Training/Meningioma/BT-MRI  ME Train (682).jpg,Meningioma,224,224,RGB,8,3,0.0,237.0
Training/No-tumor/BT-MRI NO Train (1244).jpg,No-tumor,224,224,RGB,8,3,0.0,255.0
Testing/Pituitary/BT-MRI PI Test (24).jpg,Pituitary,224,224,RGB,8,3,0.0,248.0
Training/No-tumor/BT-MRI NO Train (97).jpg,No-tumor,224,224,RGB,8,3,0.0,255.0
Testing/No-tumor/BT-MRI NO Test (101).jpg,No-tumor,224,224,RGB,8,3,0.0,255.0
Training/No-tumor/BT-MRI NO Train (280).jpg,No-tumor,224,224,RGB,8,3,0.0,255.0
Testing/Pituitary/BT-MRI PI Test (260).jpg,Pituitary,224,224,RGB,8,3,0.0,253.0
Training/Meningioma/BT-MRI  ME Train (697).jpg,Meningioma,224,224,RGB,8,3,0.0,255.0
Training/Pituitary/BT-MRI PI Train (1340).jpg,Pituitary,224,224,RGB,8,3,0.0,255.0
Testing/Pituitary/BT-MRI PI Test (138).jpg,Pituitary,224,224,RGB,8,3,0.0,223.0
Training/Pituitary/BT-MRI PI Train (1411).jpg,Pituitary,224,224,RGB,8,3,0.0,238.0
Training/No-tumor/BT-MRI NO Train (683).jpg,No-tumor,224,224,RGB,8,3,0.0,255.0
Training/No-tumor/BT-MRI NO Train (1321).jpg,No-tumor,224,224,RGB,8,3,0.0,255.0
Testing/No-tumor/BT-MRI NO Test (301).jpg,No-tumor,224,224,RGB,8,3,0.0,248.0
Training/Meningioma/BT-MRI  ME Train (1184).jpg,Meningioma,224,224,RGB,8,3,0.0,252.0
Training/No-tumor/BT-MRI NO Train (1462).jpg,No-tumor,224,224,RGB,8,3,0.0,255.0
Training/Pituitary/BT-MRI PI Train (117).jpg,Pituitary,224,224,RGB,8,3,0.0,246.0
Training/Glioma/BT-MRI GL Train  (1320).jpg,Glioma,224,224,RGB,8,3,0.0,191.0
Training/Meningioma/BT-MRI  ME Train (238).jpg,Meningioma,224,224,RGB,8,3,0.0,255.0
Testing/Glioma/BT-MRI Test GL (263).jpg,Glioma,224,224,RGB,8,3,0.0,255.0
Training/Meningioma/BT-MRI  ME Train (158).jpg,Meningioma,224,224,RGB,8,3,0.0,250.0
Testing/Pituitary/BT-MRI PI Test (29).jpg,Pituitary,224,224,RGB,8,3,0.0,236.0
Training/No-tumor/BT-MRI NO Train (1312).jpg,No-tumor,224,224,RGB,8,3,0.0,255.0
Training/Glioma/BT-MRI GL Train  (437).jpg,Glioma,224,224,RGB,8,3,0.0,249.0
Training/Meningioma/BT-MRI  ME Train (838).jpg,Meningioma,224,224,RGB,8,3,0.0,242.0
Training/Pituitary/BT-MRI PI Train (1191).jpg,Pituitary,224,224,RGB,8,3,0.0,245.0
Training/Pituitary/BT-MRI PI Train (351).jpg,Pituitary,224,224,RGB,8,3,0.0,255.0
Training/Pituitary/BT-MRI PI Train (887).jpg,Pituitary,224,224,RGB,8,3,0.0,241.0
Training/No-tumor/BT-MRI NO Train (539).jpg,No-tumor,224,224,RGB,8,3,0.0,239.0
Training/Pituitary/BT-MRI PI Train (776).jpg,Pituitary,224,224,RGB,8,3,0.0,231.0
Training/No-tumor/BT-MRI NO Train (1211).jpg,No-tumor,224,224,RGB,8,3,0.0,255.0
Testing/Pituitary/BT-MRI PI Test (141).jpg,Pituitary,224,224,RGB,8,3,0.0,245.0
Training/Meningioma/BT-MRI  ME Train (143).jpg,Meningioma,224,224,RGB,8,3,0.0,245.0
Training/Glioma/BT-MRI GL Train  (465).jpg,Glioma,224,224,RGB,8,3,0.0,227.0
Training/Pituitary/BT-MRI PI Train (745).jpg,Pituitary,224,224,RGB,8,3,0.0,252.0
Testing/Meningioma/BT-MRI ME Test (81).jpg,Meningioma,224,224,RGB,8,3,0.0,253.0
Training/Meningioma/BT-MRI  ME Train (1243).jpg,Meningioma,224,224,RGB,8,3,0.0,244.0
Training/Meningioma/BT-MRI  ME Train (954).jpg,Meningioma,224,224,RGB,8,3,0.0,244.0
Training/No-tumor/BT-MRI NO Train (387).jpg,No-tumor,224,224,RGB,8,3,0.0,255.0
Training/No-tumor/BT-MRI NO Train (187).jpg,No-tumor,224,224,RGB,8,3,0.0,255.0
Training/Glioma/BT-MRI GL Train  (1228).jpg,Glioma,224,224,RGB,8,3,0.0,236.0
Training/Meningioma/BT-MRI  ME Train (1047).jpg,Meningioma,224,224,RGB,8,3,0.0,238.0
Training/Meningioma/BT-MRI  ME Train (611).jpg,Meningioma,224,224,RGB,8,3,0.0,245.0
Training/Pituitary/BT-MRI PI Train (783).jpg,Pituitary,224,224,RGB,8,3,0.0,224.0
Training/Glioma/BT-MRI GL Train  (1041).jpg,Glioma,224,224,RGB,8,3,0.0,247.0
Testing/Glioma/BT-MRI Test GL (231).jpg,Glioma,224,224,RGB,8,3,0.0,233.0
Training/Meningioma/BT-MRI  ME Train (907).jpg,Meningioma,224,224,RGB,8,3,0.0,229.0
Training/Pituitary/BT-MRI PI Train (961).jpg,Pituitary,224,224,RGB,8,3,0.0,235.0
Training/Meningioma/BT-MRI  ME Train (962).jpg,Meningioma,224,224,RGB,8,3,0.0,239.0
Training/Pituitary/BT-MRI PI Train (873).jpg,Pituitary,224,224,RGB,8,3,0.0,248.0
Testing/No-tumor/BT-MRI NO Test (194).jpg,No-tumor,224,224,RGB,8,3,0.0,233.0
Training/Meningioma/BT-MRI  ME Train (1038).jpg,Meningioma,224,224,RGB,8,3,0.0,244.0
Training/No-tumor/BT-MRI NO Train (998).jpg,No-tumor,224,224,RGB,8,3,0.0,255.0
Training/Glioma/BT-MRI GL Train  (289).jpg,Glioma,224,224,RGB,8,3,0.0,220.0
Training/Pituitary/BT-MRI PI Train (410).jpg,Pituitary,224,224,RGB,8,3,0.0,226.0
Training/Pituitary/BT-MRI PI Train (267).jpg,Pituitary,224,224,RGB,8,3,0.0,240.0
Training/Meningioma/BT-MRI  ME Train (1045).jpg,Meningioma,224,224,RGB,8,3,0.0,237.0
Testing/Meningioma/BT-MRI ME Test (182).jpg,Meningioma,224,224,RGB,8,3,0.0,244.0
Training/No-tumor/BT-MRI NO Train (1079).jpg,No-tumor,224,224,RGB,8,3,0.0,255.0
Training/No-tumor/BT-MRI NO Train (252).jpg,No-tumor,224,224,RGB,8,3,0.0,255.0
Training/Glioma/BT-MRI GL Train  (1083).jpg,Glioma,224,224,RGB,8,3,0.0,255.0
Training/Pituitary/BT-MRI PI Train (1085).jpg,Pituitary,224,224,RGB,8,3,0.0,233.0
Training/Glioma/BT-MRI GL Train  (450).jpg,Glioma,224,224,RGB,8,3,0.0,248.0
Training/No-tumor/BT-MRI NO Train (540).jpg,No-tumor,224,224,RGB,8,3,0.0,255.0
Training/Meningioma/BT-MRI  ME Train (283).jpg,Meningioma,224,224,RGB,8,3,0.0,255.0
Training/Meningioma/BT-MRI  ME Train (1125).jpg,Meningioma,224,224,RGB,8,3,0.0,255.0
Training/Meningioma/BT-MRI  ME Train (604).jpg,Meningioma,224,224,RGB,8,3,0.0,247.0
Training/Glioma/BT-MRI GL Train  (306).jpg,Glioma,224,224,RGB,8,3,0.0,219.0
Training/No-tumor/BT-MRI NO Train (1225).jpg,No-tumor,224,224,RGB,8,3,0.0,255.0
Training/No-tumor/BT-MRI NO Train (182).jpg,No-tumor,224,224,RGB,8,3,0.0,255.0
Training/Meningioma/BT-MRI  ME Train (424).jpg,Meningioma,224,224,RGB,8,3,0.0,242.0
Training/Glioma/BT-MRI GL Train  (1138).jpg,Glioma,224,224,RGB,8,3,0.0,237.0
Training/Glioma/BT-MRI GL Train  (606).jpg,Glioma,224,224,RGB,8,3,0.0,235.0
Training/Glioma/BT-MRI GL Train  (1037).jpg,Glioma,224,224,RGB,8,3,0.0,245.0
Training/No-tumor/BT-MRI NO Train (1003).jpg,No-tumor,224,224,RGB,8,3,0.0,255.0
Training/Meningioma/BT-MRI  ME Train (601).jpg,Meningioma,224,224,RGB,8,3,0.0,255.0
Training/No-tumor/BT-MRI NO Train (729).jpg,No-tumor,224,224,RGB,8,3,0.0,255.0
Training/Meningioma/BT-MRI  ME Train (709).jpg,Meningioma,224,224,RGB,8,3,0.0,255.0
Training/Glioma/BT-MRI GL Train  (1003).jpg,Glioma,224,224,RGB,8,3,0.0,239.0
Training/No-tumor/BT-MRI NO Train (1517).jpg,No-tumor,224,224,RGB,8,3,0.0,255.0
Training/Pituitary/BT-MRI PI Train (831).jpg,Pituitary,224,224,RGB,8,3,0.0,252.0
Training/Meningioma/BT-MRI  ME Train (236).jpg,Meningioma,224,224,RGB,8,3,0.0,255.0
Training/Meningioma/BT-MRI  ME Train (1068).jpg,Meningioma,224,224,RGB,8,3,0.0,243.0
Training/No-tumor/BT-MRI NO Train (85).jpg,No-tumor,224,224,RGB,8,3,0.0,255.0
Training/Meningioma/BT-MRI  ME Train (401).jpg,Meningioma,224,224,RGB,8,3,0.0,243.0
Training/Meningioma/BT-MRI  ME Train (530).jpg,Meningioma,224,224,RGB,8,3,0.0,250.0
Training/Meningioma/BT-MRI  ME Train (1281).jpg,Meningioma,224,224,RGB,8,3,0.0,251.0
Training/Meningioma/BT-MRI  ME Train (1267).jpg,Meningioma,224,224,RGB,8,3,0.0,248.0
Training/Pituitary/BT-MRI PI Train (879).jpg,Pituitary,224,224,RGB,8,3,0.0,238.0
Training/Glioma/BT-MRI GL Train  (1095).jpg,Glioma,224,224,RGB,8,3,0.0,237.0
Training/Pituitary/BT-MRI PI Train (1430).jpg,Pituitary,224,224,RGB,8,3,0.0,255.0
Testing/Pituitary/BT-MRI PI Test (91).jpg,Pituitary,224,224,RGB,8,3,0.0,248.0
Training/Pituitary/BT-MRI PI Train (1344).jpg,Pituitary,224,224,RGB,8,3,0.0,251.0
Training/Pituitary/BT-MRI PI Train (916).jpg,Pituitary,224,224,RGB,8,3,0.0,241.0
Training/Meningioma/BT-MRI  ME Train (163).jpg,Meningioma,224,224,RGB,8,3,0.0,251.0
Testing/No-tumor/BT-MRI NO Test (370).jpg,No-tumor,224,224,RGB,8,3,0.0,255.0
Training/Glioma/BT-MRI GL Train  (660).jpg,Glioma,224,224,RGB,8,3,0.0,234.0
Training/Glioma/BT-MRI GL Train  (682).jpg,Glioma,224,224,RGB,8,3,0.0,215.0
Training/Meningioma/BT-MRI  ME Train (1095).jpg,Meningioma,224,224,RGB,8,3,0.0,254.0
Testing/Glioma/BT-MRI Test GL (153).jpg,Glioma,224,224,RGB,8,3,0.0,244.0
Testing/Pituitary/BT-MRI PI Test (53).jpg,Pituitary,224,224,RGB,8,3,0.0,247.0
Training/Pituitary/BT-MRI PI Train (284).jpg,Pituitary,224,224,RGB,8,3,0.0,248.0
Training/Pituitary/BT-MRI PI Train (952).jpg,Pituitary,224,224,RGB,8,3,0.0,228.0
Training/Meningioma/BT-MRI  ME Train (496).jpg,Meningioma,224,224,RGB,8,3,0.0,254.0
Training/No-tumor/BT-MRI NO Train (932).jpg,No-tumor,224,224,RGB,8,3,0.0,255.0
Training/Pituitary/BT-MRI PI Train (375).jpg,Pituitary,224,224,RGB,8,3,0.0,245.0
Training/Meningioma/BT-MRI  ME Train (1259).jpg,Meningioma,224,224,RGB,8,3,0.0,247.0
Training/Meningioma/BT-MRI  ME Train (503).jpg,Meningioma,224,224,RGB,8,3,0.0,240.0
Training/Glioma/BT-MRI GL Train  (383).jpg,Glioma,224,224,RGB,8,3,0.0,222.0
Training/Glioma/BT-MRI GL Train  (801).jpg,Glioma,224,224,RGB,8,3,0.0,233.0
Training/No-tumor/BT-MRI NO Train (833).jpg,No-tumor,224,224,RGB,8,3,0.0,255.0
Training/Meningioma/BT-MRI  ME Train (1153).jpg,Meningioma,224,224,RGB,8,3,0.0,244.0
Training/Glioma/BT-MRI GL Train  (332).jpg,Glioma,224,224,RGB,8,3,0.0,226.0
Training/No-tumor/BT-MRI NO Train (841).jpg,No-tumor,224,224,RGB,8,3,0.0,255.0
Training/Glioma/BT-MRI GL Train  (253).jpg,Glioma,224,224,RGB,8,3,0.0,215.0
Training/No-tumor/BT-MRI NO Train (910).jpg,No-tumor,224,224,RGB,8,3,0.0,255.0
Training/Glioma/BT-MRI GL Train  (622).jpg,Glioma,224,224,RGB,8,3,0.0,216.0
Training/Pituitary/BT-MRI PI Train (1137).jpg,Pituitary,224,224,RGB,8,3,0.0,244.0
Training/Glioma/BT-MRI GL Train  (739).jpg,Glioma,224,224,RGB,8,3,0.0,208.0
Training/Meningioma/BT-MRI  ME Train (375).jpg,Meningioma,224,224,RGB,8,3,0.0,252.0
Training/Meningioma/BT-MRI  ME Train (1034).jpg,Meningioma,224,224,RGB,8,3,0.0,245.0
Training/Glioma/BT-MRI GL Train  (747).jpg,Glioma,224,224,RGB,8,3,0.0,224.0
Training/Glioma/BT-MRI GL Train  (411).jpg,Glioma,224,224,RGB,8,3,0.0,242.0
Training/No-tumor/BT-MRI NO Train (1231).jpg,No-tumor,224,224,RGB,8,3,0.0,255.0
Training/Pituitary/BT-MRI PI Train (295).jpg,Pituitary,224,224,RGB,8,3,0.0,248.0
Training/Meningioma/BT-MRI  ME Train (1015).jpg,Meningioma,224,224,RGB,8,3,0.0,245.0
Training/Pituitary/BT-MRI PI Train (699).jpg,Pituitary,224,224,RGB,8,3,0.0,250.0
Training/Meningioma/BT-MRI  ME Train (460).jpg,Meningioma,224,224,RGB,8,3,0.0,228.0
Training/No-tumor/BT-MRI NO Train (790).jpg,No-tumor,224,224,RGB,8,3,0.0,255.0
Training/Glioma/BT-MRI GL Train  (743).jpg,Glioma,224,224,RGB,8,3,0.0,220.0
Testing/Glioma/BT-MRI Test GL (299).jpg,Glioma,224,224,RGB,8,3,0.0,255.0
Training/Meningioma/BT-MRI  ME Train (855).jpg,Meningioma,224,224,RGB,8,3,0.0,255.0
Training/Meningioma/BT-MRI  ME Train (515).jpg,Meningioma,224,224,RGB,8,3,0.0,241.0
Training/No-tumor/BT-MRI NO Train (1485).jpg,No-tumor,224,224,RGB,8,3,0.0,255.0
Training/Meningioma/BT-MRI  ME Train (576).jpg,Meningioma,224,224,RGB,8,3,0.0,255.0
Training/Pituitary/BT-MRI PI Train (1100).jpg,Pituitary,224,224,RGB,8,3,0.0,238.0
Training/No-tumor/BT-MRI NO Train (1219).jpg,No-tumor,224,224,RGB,8,3,0.0,255.0
Testing/Pituitary/BT-MRI PI Test (15).jpg,Pituitary,224,224,RGB,8,3,0.0,239.0
Testing/Pituitary/BT-MRI PI Test (179).jpg,Pituitary,224,224,RGB,8,3,0.0,248.0
Training/No-tumor/BT-MRI NO Train (1339).jpg,No-tumor,224,224,RGB,8,3,0.0,255.0
Training/No-tumor/BT-MRI NO Train (531).jpg,No-tumor,224,224,RGB,8,3,0.0,255.0
Training/Meningioma/BT-MRI  ME Train (629).jpg,Meningioma,224,224,RGB,8,3,0.0,249.0
Testing/No-tumor/BT-MRI NO Test (334).jpg,No-tumor,224,224,RGB,8,3,0.0,253.0
Testing/Meningioma/BT-MRI ME Test (190).jpg,Meningioma,224,224,RGB,8,3,0.0,249.0
Training/Glioma/BT-MRI GL Train  (144).jpg,Glioma,224,224,RGB,8,3,0.0,232.0
Training/Glioma/BT-MRI GL Train  (1236).jpg,Glioma,224,224,RGB,8,3,0.0,255.0
Training/Meningioma/BT-MRI  ME Train (1131).jpg,Meningioma,224,224,RGB,8,3,0.0,254.0
Training/Meningioma/BT-MRI  ME Train (219).jpg,Meningioma,224,224,RGB,8,3,0.0,255.0
Training/Meningioma/BT-MRI  ME Train (119).jpg,Meningioma,224,224,RGB,8,3,0.0,233.0
Training/No-tumor/BT-MRI NO Train (234).jpg,No-tumor,224,224,RGB,8,3,6.0,255.0
Testing/Glioma/BT-MRI Test GL (262).jpg,Glioma,224,224,RGB,8,3,0.0,255.0
Testing/No-tumor/BT-MRI NO Test (161).jpg,No-tumor,224,224,RGB,8,3,0.0,255.0
Training/Glioma/BT-MRI GL Train  (179).jpg,Glioma,224,224,RGB,8,3,0.0,241.0
Training/Meningioma/BT-MRI  ME Train (42).jpg,Meningioma,224,224,RGB,8,3,0.0,235.0
Training/No-tumor/BT-MRI NO Train (551).jpg,No-tumor,224,224,RGB,8,3,0.0,253.0
Training/No-tumor/BT-MRI NO Train (857).jpg,No-tumor,224,224,RGB,8,3,0.0,255.0
Training/Glioma/BT-MRI GL Train  (220).jpg,Glioma,224,224,RGB,8,3,0.0,254.0
Training/Glioma/BT-MRI GL Train  (965).jpg,Glioma,224,224,RGB,8,3,0.0,237.0
Testing/Meningioma/BT-MRI ME Test (293).jpg,Meningioma,224,224,RGB,8,3,0.0,253.0
Training/Glioma/BT-MRI GL Train  (653).jpg,Glioma,224,224,RGB,8,3,0.0,253.0
Training/Pituitary/BT-MRI PI Train (408).jpg,Pituitary,224,224,RGB,8,3,0.0,232.0
Training/Glioma/BT-MRI GL Train  (1317).jpg,Glioma,224,224,RGB,8,3,0.0,213.0
Training/Pituitary/BT-MRI PI Train (234).jpg,Pituitary,224,224,RGB,8,3,0.0,255.0
Training/Meningioma/BT-MRI  ME Train (19).jpg,Meningioma,224,224,RGB,8,3,0.0,248.0
Training/Glioma/BT-MRI GL Train  (804).jpg,Glioma,224,224,RGB,8,3,0.0,229.0
Training/Meningioma/BT-MRI  ME Train (118).jpg,Meningioma,224,224,RGB,8,3,0.0,250.0
Training/Meningioma/BT-MRI  ME Train (1336).jpg,Meningioma,224,224,RGB,8,3,0.0,236.0
Training/Pituitary/BT-MRI PI Train (181).jpg,Pituitary,224,224,RGB,8,3,0.0,250.0
Training/No-tumor/BT-MRI NO Train (298).jpg,No-tumor,224,224,RGB,8,3,0.0,255.0
Training/Meningioma/BT-MRI  ME Train (160).jpg,Meningioma,224,224,RGB,8,3,0.0,244.0
Training/No-tumor/BT-MRI NO Train (783).jpg,No-tumor,224,224,RGB,8,3,0.0,255.0
Testing/Glioma/BT-MRI Test GL (102).jpg,Glioma,224,224,RGB,8,3,0.0,219.0
Training/Meningioma/BT-MRI  ME Train (303).jpg,Meningioma,224,224,RGB,8,3,0.0,226.0
Testing/Pituitary/BT-MRI PI Test (10).jpg,Pituitary,224,224,RGB,8,3,0.0,229.0
Training/Glioma/BT-MRI GL Train  (741).jpg,Glioma,224,224,RGB,8,3,0.0,224.0
Training/Pituitary/BT-MRI PI Train (321).jpg,Pituitary,224,224,RGB,8,3,0.0,255.0
Training/Pituitary/BT-MRI PI Train (436).jpg,Pituitary,224,224,RGB,8,3,0.0,247.0
Training/Glioma/BT-MRI GL Train  (1044).jpg,Glioma,224,224,RGB,8,3,0.0,214.0
Training/Meningioma/BT-MRI  ME Train (544).jpg,Meningioma,224,224,RGB,8,3,0.0,252.0
Training/No-tumor/BT-MRI NO Train (1419).jpg,No-tumor,224,224,RGB,8,3,0.0,255.0
Training/Glioma/BT-MRI GL Train  (844).jpg,Glioma,224,224,RGB,8,3,0.0,229.0
Training/Pituitary/BT-MRI PI Train (1149).jpg,Pituitary,224,224,RGB,8,3,0.0,240.0
Training/Meningioma/BT-MRI  ME Train (333).jpg,Meningioma,224,224,RGB,8,3,0.0,219.0
Training/No-tumor/BT-MRI NO Train (427).jpg,No-tumor,224,224,RGB,8,3,0.0,255.0
Testing/No-tumor/BT-MRI NO Test (326).jpg,No-tumor,224,224,RGB,8,3,0.0,255.0
Training/Meningioma/BT-MRI  ME Train (300).jpg,Meningioma,224,224,RGB,8,3,0.0,242.0
Testing/Pituitary/BT-MRI PI Test (178).jpg,Pituitary,224,224,RGB,8,3,0.0,244.0
Training/Meningioma/BT-MRI  ME Train (167).jpg,Meningioma,224,224,RGB,8,3,0.0,255.0
Training/Pituitary/BT-MRI PI Train (848).jpg,Pituitary,224,224,RGB,8,3,0.0,232.0
Training/Pituitary/BT-MRI PI Train (560).jpg,Pituitary,224,224,RGB,8,3,0.0,220.0
Training/Pituitary/BT-MRI PI Train (466).jpg,Pituitary,224,224,RGB,8,3,0.0,248.0
Training/Glioma/BT-MRI GL Train  (54).jpg,Glioma,224,224,RGB,8,3,0.0,241.0
Training/Glioma/BT-MRI GL Train  (846).jpg,Glioma,224,224,RGB,8,3,0.0,234.0
Testing/No-tumor/BT-MRI NO Test (182).jpg,No-tumor,224,224,RGB,8,3,0.0,255.0
Training/Meningioma/BT-MRI  ME Train (613).jpg,Meningioma,224,224,RGB,8,3,0.0,245.0
Training/Meningioma/BT-MRI  ME Train (1321).jpg,Meningioma,224,224,RGB,8,3,0.0,247.0
Training/Meningioma/BT-MRI  ME Train (1164).jpg,Meningioma,224,224,RGB,8,3,0.0,249.0
Testing/Pituitary/BT-MRI PI Test (118).jpg,Pituitary,224,224,RGB,8,3,0.0,237.0
Training/No-tumor/BT-MRI NO Train (925).jpg,No-tumor,224,224,RGB,8,3,0.0,255.0
Testing/Pituitary/BT-MRI PI Test (229).jpg,Pituitary,224,224,RGB,8,3,0.0,252.0
Testing/Pituitary/BT-MRI PI Test (56).jpg,Pituitary,224,224,RGB,8,3,0.0,244.0
Training/Meningioma/BT-MRI  ME Train (1009).jpg,Meningioma,224,224,RGB,8,3,0.0,255.0
Training/Glioma/BT-MRI GL Train  (276).jpg,Glioma,224,224,RGB,8,3,0.0,234.0
Training/No-tumor/BT-MRI NO Train (748).jpg,No-tumor,224,224,RGB,8,3,0.0,255.0
Training/Meningioma/BT-MRI  ME Train (688).jpg,Meningioma,224,224,RGB,8,3,0.0,255.0
Training/Meningioma/BT-MRI  ME Train (449).jpg,Meningioma,224,224,RGB,8,3,0.0,255.0
Training/Pituitary/BT-MRI PI Train (1313).jpg,Pituitary,224,224,RGB,8,3,0.0,249.0
Training/No-tumor/BT-MRI NO Train (517).jpg,No-tumor,224,224,RGB,8,3,0.0,255.0
Training/Meningioma/BT-MRI  ME Train (96).jpg,Meningioma,224,224,RGB,8,3,0.0,242.0
Training/Meningioma/BT-MRI  ME Train (745).jpg,Meningioma,224,224,RGB,8,3,0.0,255.0
Training/No-tumor/BT-MRI NO Train (593).jpg,No-tumor,224,224,RGB,8,3,0.0,241.0
Training/Meningioma/BT-MRI  ME Train (621).jpg,Meningioma,224,224,RGB,8,3,0.0,253.0
Training/Glioma/BT-MRI GL Train  (447).jpg,Glioma,224,224,RGB,8,3,0.0,248.0
Training/Glioma/BT-MRI GL Train  (641).jpg,Glioma,224,224,RGB,8,3,0.0,243.0
Testing/Pituitary/BT-MRI PI Test (218).jpg,Pituitary,224,224,RGB,8,3,0.0,239.0
Training/Meningioma/BT-MRI  ME Train (231).jpg,Meningioma,224,224,RGB,8,3,3.0,255.0
Training/Glioma/BT-MRI GL Train  (522).jpg,Glioma,224,224,RGB,8,3,0.0,220.0
Training/No-tumor/BT-MRI NO Train (1585).jpg,No-tumor,224,224,RGB,8,3,0.0,241.0
Testing/Pituitary/BT-MRI PI Test (200).jpg,Pituitary,224,224,RGB,8,3,0.0,234.0
Training/No-tumor/BT-MRI NO Train (1304).jpg,No-tumor,224,224,RGB,8,3,0.0,255.0
Training/Glioma/BT-MRI GL Train  (1124).jpg,Glioma,224,224,RGB,8,3,0.0,241.0
Training/Pituitary/BT-MRI PI Train (1202).jpg,Pituitary,224,224,RGB,8,3,0.0,242.0
Training/No-tumor/BT-MRI NO Train (1272).jpg,No-tumor,224,224,RGB,8,3,0.0,244.0
Training/Meningioma/BT-MRI  ME Train (1264).jpg,Meningioma,224,224,RGB,8,3,0.0,237.0
Training/Pituitary/BT-MRI PI Train (202).jpg,Pituitary,224,224,RGB,8,3,0.0,243.0
Training/No-tumor/BT-MRI NO Train (1383).jpg,No-tumor,224,224,RGB,8,3,0.0,255.0
Training/Glioma/BT-MRI GL Train  (239).jpg,Glioma,224,224,RGB,8,3,0.0,255.0
Training/Meningioma/BT-MRI  ME Train (654).jpg,Meningioma,224,224,RGB,8,3,0.0,254.0
Training/Meningioma/BT-MRI  ME Train (527).jpg,Meningioma,224,224,RGB,8,3,0.0,250.0
Testing/Pituitary/BT-MRI PI Test (8).jpg,Pituitary,224,224,RGB,8,3,0.0,253.0
Training/Pituitary/BT-MRI PI Train (1027).jpg,Pituitary,224,224,RGB,8,3,0.0,245.0
Training/Glioma/BT-MRI GL Train  (32).jpg,Glioma,224,224,RGB,8,3,0.0,243.0
Training/No-tumor/BT-MRI NO Train (873).jpg,No-tumor,224,224,RGB,8,3,0.0,255.0
Training/No-tumor/BT-MRI NO Train (641).jpg,No-tumor,224,224,RGB,8,3,0.0,255.0
Training/Glioma/BT-MRI GL Train  (540).jpg,Glioma,224,224,RGB,8,3,0.0,228.0
Training/Meningioma/BT-MRI  ME Train (414).jpg,Meningioma,224,224,RGB,8,3,0.0,230.0
Training/Meningioma/BT-MRI  ME Train (566).jpg,Meningioma,224,224,RGB,8,3,0.0,249.0
Testing/Meningioma/BT-MRI ME Test (118).jpg,Meningioma,224,224,RGB,8,3,0.0,244.0
Training/Meningioma/BT-MRI  ME Train (516).jpg,Meningioma,224,224,RGB,8,3,0.0,251.0
Training/No-tumor/BT-MRI NO Train (1136).jpg,No-tumor,224,224,RGB,8,3,0.0,255.0
Testing/Glioma/BT-MRI Test GL (157).jpg,Glioma,224,224,RGB,8,3,0.0,239.0
Testing/No-tumor/BT-MRI NO Test (348).jpg,No-tumor,224,224,RGB,8,3,0.0,242.0
Training/No-tumor/BT-MRI NO Train (660).jpg,No-tumor,224,224,RGB,8,3,0.0,255.0
Training/Glioma/BT-MRI GL Train  (1250).jpg,Glioma,224,224,RGB,8,3,0.0,253.0
Testing/Pituitary/BT-MRI PI Test (116).jpg,Pituitary,224,224,RGB,8,3,0.0,235.0
Training/No-tumor/BT-MRI NO Train (1505).jpg,No-tumor,224,224,RGB,8,3,0.0,255.0
Training/No-tumor/BT-MRI NO Train (474).jpg,No-tumor,224,224,RGB,8,3,0.0,255.0
Training/Meningioma/BT-MRI  ME Train (1229).jpg,Meningioma,224,224,RGB,8,3,0.0,236.0
Training/Pituitary/BT-MRI PI Train (566).jpg,Pituitary,224,224,RGB,8,3,0.0,231.0
Training/Glioma/BT-MRI GL Train  (834).jpg,Glioma,224,224,RGB,8,3,0.0,235.0
Training/No-tumor/BT-MRI NO Train (446).jpg,No-tumor,224,224,RGB,8,3,0.0,255.0
Training/Meningioma/BT-MRI  ME Train (570).jpg,Meningioma,224,224,RGB,8,3,0.0,255.0
Training/Glioma/BT-MRI GL Train  (1243).jpg,Glioma,224,224,RGB,8,3,0.0,244.0
Training/Glioma/BT-MRI GL Train  (384).jpg,Glioma,224,224,RGB,8,3,0.0,236.0
Training/No-tumor/BT-MRI NO Train (795).jpg,No-tumor,224,224,RGB,8,3,0.0,255.0
Training/Pituitary/BT-MRI PI Train (1211).jpg,Pituitary,224,224,RGB,8,3,0.0,238.0
Testing/No-tumor/BT-MRI NO Test (177).jpg,No-tumor,224,224,RGB,8,3,0.0,255.0
Training/No-tumor/BT-MRI NO Train (1218).jpg,No-tumor,224,224,RGB,8,3,0.0,255.0
Training/Meningioma/BT-MRI  ME Train (1252).jpg,Meningioma,224,224,RGB,8,3,0.0,250.0
Training/No-tumor/BT-MRI NO Train (1059).jpg,No-tumor,224,224,RGB,8,3,0.0,228.0
Training/Glioma/BT-MRI GL Train  (1096).jpg,Glioma,224,224,RGB,8,3,0.0,236.0
Training/Pituitary/BT-MRI PI Train (902).jpg,Pituitary,224,224,RGB,8,3,0.0,250.0
Training/Glioma/BT-MRI GL Train  (237).jpg,Glioma,224,224,RGB,8,3,0.0,243.0
Training/No-tumor/BT-MRI NO Train (1513).jpg,No-tumor,224,224,RGB,8,3,0.0,255.0
Training/Pituitary/BT-MRI PI Train (1281).jpg,Pituitary,224,224,RGB,8,3,0.0,255.0
Training/Meningioma/BT-MRI  ME Train (166).jpg,Meningioma,224,224,RGB,8,3,0.0,255.0
Training/Meningioma/BT-MRI  ME Train (12).jpg,Meningioma,224,224,RGB,8,3,0.0,220.0
Training/Meningioma/BT-MRI  ME Train (536).jpg,Meningioma,224,224,RGB,8,3,0.0,250.0
Training/No-tumor/BT-MRI NO Train (1096).jpg,No-tumor,224,224,RGB,8,3,0.0,255.0
Training/Meningioma/BT-MRI  ME Train (41).jpg,Meningioma,224,224,RGB,8,3,0.0,247.0
Training/Glioma/BT-MRI GL Train  (983).jpg,Glioma,224,224,RGB,8,3,0.0,233.0
Testing/Pituitary/BT-MRI PI Test (288).jpg,Pituitary,224,224,RGB,8,3,0.0,251.0
Training/Meningioma/BT-MRI  ME Train (902).jpg,Meningioma,224,224,RGB,8,3,0.0,237.0
Training/Meningioma/BT-MRI  ME Train (1100).jpg,Meningioma,224,224,RGB,8,3,0.0,249.0
Training/No-tumor/BT-MRI NO Train (99).jpg,No-tumor,224,224,RGB,8,3,0.0,255.0
Training/Meningioma/BT-MRI  ME Train (921).jpg,Meningioma,224,224,RGB,8,3,0.0,255.0
Training/Pituitary/BT-MRI PI Train (475).jpg,Pituitary,224,224,RGB,8,3,0.0,212.0
Training/Glioma/BT-MRI GL Train  (140).jpg,Glioma,224,224,RGB,8,3,0.0,228.0
Training/No-tumor/BT-MRI NO Train (281).jpg,No-tumor,224,224,RGB,8,3,0.0,255.0
Training/No-tumor/BT-MRI NO Train (993).jpg,No-tumor,224,224,RGB,8,3,0.0,255.0
Testing/Glioma/BT-MRI Test GL (39).jpg,Glioma,224,224,RGB,8,3,0.0,248.0
Training/Pituitary/BT-MRI PI Train (1171).jpg,Pituitary,224,224,RGB,8,3,0.0,238.0
Training/Meningioma/BT-MRI  ME Train (365).jpg,Meningioma,224,224,RGB,8,3,0.0,233.0
Training/Meningioma/BT-MRI  ME Train (1119).jpg,Meningioma,224,224,RGB,8,3,0.0,255.0
Training/No-tumor/BT-MRI NO Train (1192).jpg,No-tumor,224,224,RGB,8,3,0.0,251.0
Training/Meningioma/BT-MRI  ME Train (1195).jpg,Meningioma,224,224,RGB,8,3,0.0,248.0
Training/Meningioma/BT-MRI  ME Train (350).jpg,Meningioma,224,224,RGB,8,3,0.0,255.0
Training/Pituitary/BT-MRI PI Train (717).jpg,Pituitary,224,224,RGB,8,3,0.0,251.0
Training/Glioma/BT-MRI GL Train  (506).jpg,Glioma,224,224,RGB,8,3,0.0,249.0
Training/Meningioma/BT-MRI  ME Train (609).jpg,Meningioma,224,224,RGB,8,3,0.0,238.0
Training/No-tumor/BT-MRI NO Train (89).jpg,No-tumor,224,224,RGB,8,3,0.0,255.0
Training/Meningioma/BT-MRI  ME Train (210).jpg,Meningioma,224,224,RGB,8,3,0.0,255.0
Testing/Meningioma/BT-MRI ME Test (203).jpg,Meningioma,224,224,RGB,8,3,0.0,252.0
Training/No-tumor/BT-MRI NO Train (1502).jpg,No-tumor,224,224,RGB,8,3,0.0,255.0
Training/Pituitary/BT-MRI PI Train (1259).jpg,Pituitary,224,224,RGB,8,3,0.0,249.0
Training/No-tumor/BT-MRI NO Train (1457).jpg,No-tumor,224,224,RGB,8,3,0.0,249.0
Training/Meningioma/BT-MRI  ME Train (700).jpg,Meningioma,224,224,RGB,8,3,0.0,254.0
Training/No-tumor/BT-MRI NO Train (1267).jpg,No-tumor,224,224,RGB,8,3,0.0,244.0
Training/Glioma/BT-MRI GL Train  (107).jpg,Glioma,224,224,RGB,8,3,0.0,227.0
Training/No-tumor/BT-MRI NO Train (773).jpg,No-tumor,224,224,RGB,8,3,0.0,255.0
Training/Pituitary/BT-MRI PI Train (340).jpg,Pituitary,224,224,RGB,8,3,0.0,249.0
Training/No-tumor/BT-MRI NO Train (1510).jpg,No-tumor,224,224,RGB,8,3,0.0,255.0
Training/No-tumor/BT-MRI NO Train (350).jpg,No-tumor,224,224,RGB,8,3,0.0,255.0
Training/No-tumor/BT-MRI NO Train (396).jpg,No-tumor,224,224,RGB,8,3,0.0,255.0
Training/Glioma/BT-MRI GL Train  (1086).jpg,Glioma,224,224,RGB,8,3,0.0,246.0
Training/No-tumor/BT-MRI NO Train (101).jpg,No-tumor,224,224,RGB,8,3,0.0,255.0
Training/No-tumor/BT-MRI NO Train (374).jpg,No-tumor,224,224,RGB,8,3,0.0,255.0
Training/Pituitary/BT-MRI PI Train (1439).jpg,Pituitary,224,224,RGB,8,3,0.0,234.0
Training/No-tumor/BT-MRI NO Train (1531).jpg,No-tumor,224,224,RGB,8,3,0.0,255.0
Training/No-tumor/BT-MRI NO Train (915).jpg,No-tumor,224,224,RGB,8,3,0.0,255.0
Training/Meningioma/BT-MRI  ME Train (831).jpg,Meningioma,224,224,RGB,8,3,0.0,239.0
Training/Glioma/BT-MRI GL Train  (294).jpg,Glioma,224,224,RGB,8,3,0.0,244.0
Training/Meningioma/BT-MRI  ME Train (384).jpg,Meningioma,224,224,RGB,8,3,0.0,244.0
Training/Pituitary/BT-MRI PI Train (885).jpg,Pituitary,224,224,RGB,8,3,0.0,245.0
Training/Pituitary/BT-MRI PI Train (715).jpg,Pituitary,224,224,RGB,8,3,0.0,232.0
Training/No-tumor/BT-MRI NO Train (1525).jpg,No-tumor,224,224,RGB,8,3,0.0,255.0
Training/No-tumor/BT-MRI NO Train (104).jpg,No-tumor,224,224,RGB,8,3,0.0,188.0
Testing/Meningioma/BT-MRI ME Test (283).jpg,Meningioma,224,224,RGB,8,3,0.0,233.0
Training/Meningioma/BT-MRI  ME Train (799).jpg,Meningioma,224,224,RGB,8,3,0.0,250.0
Testing/Pituitary/BT-MRI PI Test (43).jpg,Pituitary,224,224,RGB,8,3,0.0,237.0
Training/No-tumor/BT-MRI NO Train (1266).jpg,No-tumor,224,224,RGB,8,3,0.0,255.0
Training/No-tumor/BT-MRI NO Train (1412).jpg,No-tumor,224,224,RGB,8,3,0.0,244.0
Training/No-tumor/BT-MRI NO Train (1245).jpg,No-tumor,224,224,RGB,8,3,1.0,223.0
Training/Glioma/BT-MRI GL Train  (951).jpg,Glioma,224,224,RGB,8,3,0.0,243.0
Training/Pituitary/BT-MRI PI Train (703).jpg,Pituitary,224,224,RGB,8,3,0.0,244.0
Training/Meningioma/BT-MRI  ME Train (495).jpg,Meningioma,224,224,RGB,8,3,0.0,252.0
Testing/Pituitary/BT-MRI PI Test (286).jpg,Pituitary,224,224,RGB,8,3,0.0,226.0
Training/Glioma/BT-MRI GL Train  (291).jpg,Glioma,224,224,RGB,8,3,0.0,247.0
Training/Glioma/BT-MRI GL Train  (446).jpg,Glioma,224,224,RGB,8,3,0.0,251.0
Training/Glioma/BT-MRI GL Train  (1312).jpg,Glioma,224,224,RGB,8,3,0.0,253.0
Training/No-tumor/BT-MRI NO Train (1092).jpg,No-tumor,224,224,RGB,8,3,0.0,245.0
Training/Glioma/BT-MRI GL Train  (696).jpg,Glioma,224,224,RGB,8,3,0.0,235.0
Testing/Glioma/BT-MRI Test GL (47).jpg,Glioma,224,224,RGB,8,3,0.0,248.0
Training/Pituitary/BT-MRI PI Train (701).jpg,Pituitary,224,224,RGB,8,3,0.0,247.0
Training/Meningioma/BT-MRI  ME Train (918).jpg,Meningioma,224,224,RGB,8,3,0.0,249.0
Training/Glioma/BT-MRI GL Train  (1281).jpg,Glioma,224,224,RGB,8,3,0.0,243.0
Training/Meningioma/BT-MRI  ME Train (490).jpg,Meningioma,224,224,RGB,8,3,0.0,248.0
Training/Glioma/BT-MRI GL Train  (913).jpg,Glioma,224,224,RGB,8,3,0.0,255.0
Training/Meningioma/BT-MRI  ME Train (105).jpg,Meningioma,224,224,RGB,8,3,0.0,247.0
Testing/No-tumor/BT-MRI NO Test (260).jpg,No-tumor,224,224,RGB,8,3,0.0,255.0
Training/Meningioma/BT-MRI  ME Train (967).jpg,Meningioma,224,224,RGB,8,3,0.0,234.0
Training/No-tumor/BT-MRI NO Train (693).jpg,No-tumor,224,224,RGB,8,3,0.0,255.0
Training/Glioma/BT-MRI GL Train  (1297).jpg,Glioma,224,224,RGB,8,3,0.0,244.0
Training/No-tumor/BT-MRI NO Train (835).jpg,No-tumor,224,224,RGB,8,3,0.0,255.0
Training/No-tumor/BT-MRI NO Train (651).jpg,No-tumor,224,224,RGB,8,3,0.0,255.0
Training/Pituitary/BT-MRI PI Train (1043).jpg,Pituitary,224,224,RGB,8,3,0.0,236.0
Training/Meningioma/BT-MRI  ME Train (131).jpg,Meningioma,224,224,RGB,8,3,0.0,250.0
Testing/Meningioma/BT-MRI ME Test (124).jpg,Meningioma,224,224,RGB,8,3,0.0,235.0
Training/Glioma/BT-MRI GL Train  (1129).jpg,Glioma,224,224,RGB,8,3,0.0,243.0
Training/Meningioma/BT-MRI  ME Train (524).jpg,Meningioma,224,224,RGB,8,3,0.0,238.0
Training/No-tumor/BT-MRI NO Train (358).jpg,No-tumor,224,224,RGB,8,3,0.0,255.0
Testing/Glioma/BT-MRI Test GL (132).jpg,Glioma,224,224,RGB,8,3,0.0,206.0
Testing/Glioma/BT-MRI Test GL (26).jpg,Glioma,224,224,RGB,8,3,0.0,239.0
Training/No-tumor/BT-MRI NO Train (896).jpg,No-tumor,224,224,RGB,8,3,0.0,255.0
Training/Pituitary/BT-MRI PI Train (1412).jpg,Pituitary,224,224,RGB,8,3,0.0,252.0
Training/Pituitary/BT-MRI PI Train (212).jpg,Pituitary,224,224,RGB,8,3,0.0,252.0
Testing/Pituitary/BT-MRI PI Test (101).jpg,Pituitary,224,224,RGB,8,3,0.0,250.0
Training/No-tumor/BT-MRI NO Train (1164).jpg,No-tumor,224,224,RGB,8,3,0.0,240.0
Training/No-tumor/BT-MRI NO Train (655).jpg,No-tumor,224,224,RGB,8,3,0.0,251.0
Training/Glioma/BT-MRI GL Train  (303).jpg,Glioma,224,224,RGB,8,3,0.0,243.0
Training/Glioma/BT-MRI GL Train  (862).jpg,Glioma,224,224,RGB,8,3,0.0,242.0
Testing/No-tumor/BT-MRI NO Test (352).jpg,No-tumor,224,224,RGB,8,3,0.0,255.0
Training/Pituitary/BT-MRI PI Train (1396).jpg,Pituitary,224,224,RGB,8,3,0.0,254.0
Training/Meningioma/BT-MRI  ME Train (175).jpg,Meningioma,224,224,RGB,8,3,0.0,255.0
Training/Glioma/BT-MRI GL Train  (769).jpg,Glioma,224,224,RGB,8,3,0.0,191.0
Training/No-tumor/BT-MRI NO Train (1536).jpg,No-tumor,224,224,RGB,8,3,0.0,255.0
Training/No-tumor/BT-MRI NO Train (926).jpg,No-tumor,224,224,RGB,8,3,0.0,255.0
Training/Pituitary/BT-MRI PI Train (18).jpg,Pituitary,224,224,RGB,8,3,0.0,245.0
Training/Pituitary/BT-MRI PI Train (1217).jpg,Pituitary,224,224,RGB,8,3,0.0,255.0
Training/Pituitary/BT-MRI PI Train (1275).jpg,Pituitary,224,224,RGB,8,3,0.0,253.0
Training/Glioma/BT-MRI GL Train  (657).jpg,Glioma,224,224,RGB,8,3,0.0,220.0
Training/No-tumor/BT-MRI NO Train (1227).jpg,No-tumor,224,224,RGB,8,3,0.0,255.0
Training/Meningioma/BT-MRI  ME Train (292).jpg,Meningioma,224,224,RGB,8,3,0.0,234.0
Training/No-tumor/BT-MRI NO Train (399).jpg,No-tumor,224,224,RGB,8,3,0.0,229.0
Training/No-tumor/BT-MRI NO Train (12).jpg,No-tumor,224,224,RGB,8,3,0.0,255.0
Training/Pituitary/BT-MRI PI Train (1151).jpg,Pituitary,224,224,RGB,8,3,0.0,220.0
Training/No-tumor/BT-MRI NO Train (900).jpg,No-tumor,224,224,RGB,8,3,0.0,255.0
Testing/Meningioma/BT-MRI ME Test (153).jpg,Meningioma,224,224,RGB,8,3,0.0,255.0
Training/Pituitary/BT-MRI PI Train (915).jpg,Pituitary,224,224,RGB,8,3,0.0,239.0
Testing/Meningioma/BT-MRI ME Test (266).jpg,Meningioma,224,224,RGB,8,3,0.0,249.0
Training/Pituitary/BT-MRI PI Train (1182).jpg,Pituitary,224,224,RGB,8,3,0.0,251.0
Training/Meningioma/BT-MRI  ME Train (686).jpg,Meningioma,224,224,RGB,8,3,0.0,245.0
Training/Glioma/BT-MRI GL Train  (244).jpg,Glioma,224,224,RGB,8,3,0.0,246.0
Training/No-tumor/BT-MRI NO Train (264).jpg,No-tumor,224,224,RGB,8,3,0.0,247.0
Training/Glioma/BT-MRI GL Train  (212).jpg,Glioma,224,224,RGB,8,3,0.0,245.0
Training/No-tumor/BT-MRI NO Train (1489).jpg,No-tumor,224,224,RGB,8,3,0.0,255.0
Training/Glioma/BT-MRI GL Train  (700).jpg,Glioma,224,224,RGB,8,3,0.0,245.0
Training/No-tumor/BT-MRI NO Train (1116).jpg,No-tumor,224,224,RGB,8,3,0.0,255.0
Training/Glioma/BT-MRI GL Train  (1120).jpg,Glioma,224,224,RGB,8,3,0.0,234.0
Training/Glioma/BT-MRI GL Train  (630).jpg,Glioma,224,224,RGB,8,3,0.0,239.0
Training/No-tumor/BT-MRI NO Train (1046).jpg,No-tumor,224,224,RGB,8,3,0.0,235.0
Training/Glioma/BT-MRI GL Train  (455).jpg,Glioma,224,224,RGB,8,3,0.0,224.0
Training/No-tumor/BT-MRI NO Train (825).jpg,No-tumor,224,224,RGB,8,3,0.0,255.0
Testing/Meningioma/BT-MRI ME Test (243).jpg,Meningioma,224,224,RGB,8,3,0.0,255.0
Training/Glioma/BT-MRI GL Train  (785).jpg,Glioma,224,224,RGB,8,3,0.0,225.0
Training/Pituitary/BT-MRI PI Train (780).jpg,Pituitary,224,224,RGB,8,3,0.0,248.0
Training/Meningioma/BT-MRI  ME Train (1228).jpg,Meningioma,224,224,RGB,8,3,0.0,255.0
Training/Pituitary/BT-MRI PI Train (1134).jpg,Pituitary,224,224,RGB,8,3,0.0,251.0
Testing/No-tumor/BT-MRI NO Test (244).jpg,No-tumor,224,224,RGB,8,3,0.0,255.0
Training/Pituitary/BT-MRI PI Train (299).jpg,Pituitary,224,224,RGB,8,3,0.0,244.0
Training/Glioma/BT-MRI GL Train  (1206).jpg,Glioma,224,224,RGB,8,3,0.0,249.0
Training/No-tumor/BT-MRI NO Train (707).jpg,No-tumor,224,224,RGB,8,3,0.0,255.0
Training/Glioma/BT-MRI GL Train  (1150).jpg,Glioma,224,224,RGB,8,3,0.0,244.0
Training/Meningioma/BT-MRI  ME Train (428).jpg,Meningioma,224,224,RGB,8,3,0.0,245.0
Testing/Glioma/BT-MRI Test GL (103).jpg,Glioma,224,224,RGB,8,3,0.0,218.0
Testing/Meningioma/BT-MRI ME Test (273).jpg,Meningioma,224,224,RGB,8,3,0.0,247.0
Training/Pituitary/BT-MRI PI Train (394).jpg,Pituitary,224,224,RGB,8,3,0.0,235.0
Training/Pituitary/BT-MRI PI Train (993).jpg,Pituitary,224,224,RGB,8,3,0.0,221.0
Testing/No-tumor/BT-MRI NO Test (256).jpg,No-tumor,224,224,RGB,8,3,0.0,255.0
Training/Meningioma/BT-MRI  ME Train (1012).jpg,Meningioma,224,224,RGB,8,3,0.0,255.0
Testing/Glioma/BT-MRI Test GL (229).jpg,Glioma,224,224,RGB,8,3,0.0,255.0
Training/Glioma/BT-MRI GL Train  (1268).jpg,Glioma,224,224,RGB,8,3,0.0,246.0
Training/Pituitary/BT-MRI PI Train (793).jpg,Pituitary,224,224,RGB,8,3,0.0,241.0
Testing/Glioma/BT-MRI Test GL (79).jpg,Glioma,224,224,RGB,8,3,0.0,233.0
Training/Meningioma/BT-MRI  ME Train (226).jpg,Meningioma,224,224,RGB,8,3,0.0,255.0
Training/Pituitary/BT-MRI PI Train (1252).jpg,Pituitary,224,224,RGB,8,3,0.0,244.0
Training/No-tumor/BT-MRI NO Train (448).jpg,No-tumor,224,224,RGB,8,3,0.0,255.0
Training/Meningioma/BT-MRI  ME Train (590).jpg,Meningioma,224,224,RGB,8,3,0.0,246.0
Training/Pituitary/BT-MRI PI Train (540).jpg,Pituitary,224,224,RGB,8,3,0.0,231.0
Testing/Pituitary/BT-MRI PI Test (134).jpg,Pituitary,224,224,RGB,8,3,0.0,251.0
Testing/Meningioma/BT-MRI ME Test (148).jpg,Meningioma,224,224,RGB,8,3,0.0,250.0
Training/Glioma/BT-MRI GL Train  (838).jpg,Glioma,224,224,RGB,8,3,0.0,251.0
Training/No-tumor/BT-MRI NO Train (1367).jpg,No-tumor,224,224,RGB,8,3,0.0,247.0
Testing/Meningioma/BT-MRI ME Test (256).jpg,Meningioma,224,224,RGB,8,3,0.0,241.0
Training/No-tumor/BT-MRI NO Train (987).jpg,No-tumor,224,224,RGB,8,3,0.0,255.0
Testing/No-tumor/BT-MRI NO Test (295).jpg,No-tumor,224,224,RGB,8,3,0.0,255.0
Training/Pituitary/BT-MRI PI Train (27).jpg,Pituitary,224,224,RGB,8,3,0.0,255.0
Training/Meningioma/BT-MRI  ME Train (701).jpg,Meningioma,224,224,RGB,8,3,0.0,251.0
Training/No-tumor/BT-MRI NO Train (778).jpg,No-tumor,224,224,RGB,8,3,0.0,255.0
Training/Glioma/BT-MRI GL Train  (271).jpg,Glioma,224,224,RGB,8,3,0.0,225.0
Training/Glioma/BT-MRI GL Train  (1191).jpg,Glioma,224,224,RGB,8,3,0.0,246.0
Training/Pituitary/BT-MRI PI Train (1057).jpg,Pituitary,224,224,RGB,8,3,0.0,238.0
Testing/Meningioma/BT-MRI ME Test (213).jpg,Meningioma,224,224,RGB,8,3,0.0,255.0
Training/Pituitary/BT-MRI PI Train (57).jpg,Pituitary,224,224,RGB,8,3,0.0,254.0
Testing/Glioma/BT-MRI Test GL (191).jpg,Glioma,224,224,RGB,8,3,0.0,243.0
Training/Pituitary/BT-MRI PI Train (650).jpg,Pituitary,224,224,RGB,8,3,0.0,252.0
Training/Glioma/BT-MRI GL Train  (274).jpg,Glioma,224,224,RGB,8,3,0.0,217.0
Training/No-tumor/BT-MRI NO Train (471).jpg,No-tumor,224,224,RGB,8,3,0.0,255.0
Testing/Meningioma/BT-MRI ME Test (207).jpg,Meningioma,224,224,RGB,8,3,0.0,249.0
Testing/Glioma/BT-MRI Test GL (116).jpg,Glioma,224,224,RGB,8,3,0.0,245.0
Training/Glioma/BT-MRI GL Train  (1128).jpg,Glioma,224,224,RGB,8,3,0.0,230.0
Training/Meningioma/BT-MRI  ME Train (57).jpg,Meningioma,224,224,RGB,8,3,0.0,252.0
Testing/Pituitary/BT-MRI PI Test (242).jpg,Pituitary,224,224,RGB,8,3,0.0,216.0
Training/Glioma/BT-MRI GL Train  (1039).jpg,Glioma,224,224,RGB,8,3,0.0,246.0
Training/No-tumor/BT-MRI NO Train (608).jpg,No-tumor,224,224,RGB,8,3,0.0,255.0
Training/Pituitary/BT-MRI PI Train (1102).jpg,Pituitary,224,224,RGB,8,3,0.0,217.0
Testing/Pituitary/BT-MRI PI Test (55).jpg,Pituitary,224,224,RGB,8,3,0.0,232.0
Training/No-tumor/BT-MRI NO Train (135).jpg,No-tumor,224,224,RGB,8,3,0.0,255.0
Training/Glioma/BT-MRI GL Train  (323).jpg,Glioma,224,224,RGB,8,3,0.0,212.0
Training/Pituitary/BT-MRI PI Train (1354).jpg,Pituitary,224,224,RGB,8,3,0.0,255.0
Testing/Meningioma/BT-MRI ME Test (289).jpg,Meningioma,224,224,RGB,8,3,0.0,223.0
Training/Glioma/BT-MRI GL Train  (1246).jpg,Glioma,224,224,RGB,8,3,0.0,209.0
Training/Glioma/BT-MRI GL Train  (92).jpg,Glioma,224,224,RGB,8,3,0.0,238.0
Training/Glioma/BT-MRI GL Train  (1027).jpg,Glioma,224,224,RGB,8,3,0.0,240.0
Training/No-tumor/BT-MRI NO Train (1160).jpg,No-tumor,224,224,RGB,8,3,0.0,255.0
Training/Meningioma/BT-MRI  ME Train (845).jpg,Meningioma,224,224,RGB,8,3,0.0,228.0
Training/Glioma/BT-MRI GL Train  (243).jpg,Glioma,224,224,RGB,8,3,0.0,234.0
Training/Pituitary/BT-MRI PI Train (309).jpg,Pituitary,224,224,RGB,8,3,0.0,255.0
Training/No-tumor/BT-MRI NO Train (405).jpg,No-tumor,224,224,RGB,8,3,0.0,255.0
Training/Pituitary/BT-MRI PI Train (576).jpg,Pituitary,224,224,RGB,8,3,0.0,249.0
Training/No-tumor/BT-MRI NO Train (302).jpg,No-tumor,224,224,RGB,8,3,18.0,255.0
Training/Pituitary/BT-MRI PI Train (433).jpg,Pituitary,224,224,RGB,8,3,0.0,246.0
Training/Meningioma/BT-MRI  ME Train (122).jpg,Meningioma,224,224,RGB,8,3,0.0,255.0
Training/No-tumor/BT-MRI NO Train (1300).jpg,No-tumor,224,224,RGB,8,3,0.0,255.0
Training/Glioma/BT-MRI GL Train  (887).jpg,Glioma,224,224,RGB,8,3,0.0,222.0
Testing/Glioma/BT-MRI Test GL (272).jpg,Glioma,224,224,RGB,8,3,0.0,247.0
Training/Pituitary/BT-MRI PI Train (188).jpg,Pituitary,224,224,RGB,8,3,0.0,235.0
Training/No-tumor/BT-MRI NO Train (709).jpg,No-tumor,224,224,RGB,8,3,0.0,255.0
Testing/No-tumor/BT-MRI NO Test (331).jpg,No-tumor,224,224,RGB,8,3,0.0,255.0
Training/Pituitary/BT-MRI PI Train (1248).jpg,Pituitary,224,224,RGB,8,3,0.0,252.0
Testing/Glioma/BT-MRI Test GL (112).jpg,Glioma,224,224,RGB,8,3,0.0,219.0
Training/Pituitary/BT-MRI PI Train (837).jpg,Pituitary,224,224,RGB,8,3,0.0,255.0
Training/Pituitary/BT-MRI PI Train (713).jpg,Pituitary,224,224,RGB,8,3,0.0,233.0
Training/Glioma/BT-MRI GL Train  (1100).jpg,Glioma,224,224,RGB,8,3,0.0,238.0
Training/Glioma/BT-MRI GL Train  (870).jpg,Glioma,224,224,RGB,8,3,0.0,238.0
Testing/Pituitary/BT-MRI PI Test (227).jpg,Pituitary,224,224,RGB,8,3,0.0,255.0
Training/No-tumor/BT-MRI NO Train (918).jpg,No-tumor,224,224,RGB,8,3,0.0,255.0
Training/Pituitary/BT-MRI PI Train (342).jpg,Pituitary,224,224,RGB,8,3,0.0,244.0
Training/Pituitary/BT-MRI PI Train (167).jpg,Pituitary,224,224,RGB,8,3,0.0,246.0
Training/No-tumor/BT-MRI NO Train (1586).jpg,No-tumor,224,224,RGB,8,3,0.0,255.0
Training/Pituitary/BT-MRI PI Train (498).jpg,Pituitary,224,224,RGB,8,3,0.0,229.0
Training/Meningioma/BT-MRI  ME Train (1175).jpg,Meningioma,224,224,RGB,8,3,0.0,249.0
Training/Pituitary/BT-MRI PI Train (521).jpg,Pituitary,224,224,RGB,8,3,0.0,255.0
Testing/Meningioma/BT-MRI ME Test (157).jpg,Meningioma,224,224,RGB,8,3,0.0,251.0
Training/No-tumor/BT-MRI NO Train (1).jpg,No-tumor,224,224,RGB,8,3,0.0,255.0
Training/Glioma/BT-MRI GL Train  (1300).jpg,Glioma,224,224,RGB,8,3,0.0,241.0
Training/No-tumor/BT-MRI NO Train (921).jpg,No-tumor,224,224,RGB,8,3,0.0,255.0
Training/Pituitary/BT-MRI PI Train (383).jpg,Pituitary,224,224,RGB,8,3,0.0,251.0
Training/Pituitary/BT-MRI PI Train (278).jpg,Pituitary,224,224,RGB,8,3,0.0,247.0
Training/No-tumor/BT-MRI NO Train (700).jpg,No-tumor,224,224,RGB,8,3,0.0,255.0
Training/No-tumor/BT-MRI NO Train (219).jpg,No-tumor,224,224,RGB,8,3,0.0,206.0
Training/Meningioma/BT-MRI  ME Train (338).jpg,Meningioma,224,224,RGB,8,3,0.0,255.0
Testing/Pituitary/BT-MRI PI Test (130).jpg,Pituitary,224,224,RGB,8,3,0.0,227.0
Training/Meningioma/BT-MRI  ME Train (564).jpg,Meningioma,224,224,RGB,8,3,0.0,250.0
Training/Pituitary/BT-MRI PI Train (381).jpg,Pituitary,224,224,RGB,8,3,0.0,247.0
Training/Glioma/BT-MRI GL Train  (1035).jpg,Glioma,224,224,RGB,8,3,0.0,245.0
Training/Glioma/BT-MRI GL Train  (895).jpg,Glioma,224,224,RGB,8,3,0.0,241.0
Training/Pituitary/BT-MRI PI Train (376).jpg,Pituitary,224,224,RGB,8,3,0.0,255.0
Training/Glioma/BT-MRI GL Train  (572).jpg,Glioma,224,224,RGB,8,3,0.0,244.0
Training/Glioma/BT-MRI GL Train  (1098).jpg,Glioma,224,224,RGB,8,3,0.0,249.0
Testing/Pituitary/BT-MRI PI Test (219).jpg,Pituitary,224,224,RGB,8,3,0.0,247.0
Training/Meningioma/BT-MRI  ME Train (29).jpg,Meningioma,224,224,RGB,8,3,0.0,239.0
Training/Pituitary/BT-MRI PI Train (198).jpg,Pituitary,224,224,RGB,8,3,0.0,255.0
Training/Meningioma/BT-MRI  ME Train (454).jpg,Meningioma,224,224,RGB,8,3,0.0,245.0
Training/No-tumor/BT-MRI NO Train (740).jpg,No-tumor,224,224,RGB,8,3,0.0,255.0
Training/Meningioma/BT-MRI  ME Train (580).jpg,Meningioma,224,224,RGB,8,3,0.0,255.0
Training/Pituitary/BT-MRI PI Train (1380).jpg,Pituitary,224,224,RGB,8,3,0.0,243.0
Training/No-tumor/BT-MRI NO Train (1518).jpg,No-tumor,224,224,RGB,8,3,0.0,255.0
Training/Glioma/BT-MRI GL Train  (213).jpg,Glioma,224,224,RGB,8,3,0.0,252.0
Training/Glioma/BT-MRI GL Train  (632).jpg,Glioma,224,224,RGB,8,3,0.0,243.0
Training/Glioma/BT-MRI GL Train  (652).jpg,Glioma,224,224,RGB,8,3,0.0,244.0
Testing/Pituitary/BT-MRI PI Test (181).jpg,Pituitary,224,224,RGB,8,3,0.0,242.0
Training/Glioma/BT-MRI GL Train  (737).jpg,Glioma,224,224,RGB,8,3,0.0,215.0
Training/Meningioma/BT-MRI  ME Train (1059).jpg,Meningioma,224,224,RGB,8,3,0.0,220.0
Training/No-tumor/BT-MRI NO Train (1338).jpg,No-tumor,224,224,RGB,8,3,0.0,255.0
Training/Pituitary/BT-MRI PI Train (850).jpg,Pituitary,224,224,RGB,8,3,0.0,252.0
Training/No-tumor/BT-MRI NO Train (1057).jpg,No-tumor,224,224,RGB,8,3,0.0,224.0
Training/Glioma/BT-MRI GL Train  (916).jpg,Glioma,224,224,RGB,8,3,0.0,233.0
Testing/Glioma/BT-MRI Test GL (209).jpg,Glioma,224,224,RGB,8,3,0.0,221.0
Training/No-tumor/BT-MRI NO Train (1407).jpg,No-tumor,224,224,RGB,8,3,0.0,241.0
Testing/Glioma/BT-MRI Test GL (83).jpg,Glioma,224,224,RGB,8,3,0.0,229.0
Testing/No-tumor/BT-MRI NO Test (395).jpg,No-tumor,224,224,RGB,8,3,0.0,255.0
Training/No-tumor/BT-MRI NO Train (550).jpg,No-tumor,224,224,RGB,8,3,0.0,255.0
Training/No-tumor/BT-MRI NO Train (1491).jpg,No-tumor,224,224,RGB,8,3,0.0,255.0
Training/No-tumor/BT-MRI NO Train (658).jpg,No-tumor,224,224,RGB,8,3,0.0,255.0
Training/No-tumor/BT-MRI NO Train (183).jpg,No-tumor,224,224,RGB,8,3,0.0,255.0
Training/Glioma/BT-MRI GL Train  (335).jpg,Glioma,224,224,RGB,8,3,0.0,233.0
Training/Pituitary/BT-MRI PI Train (172).jpg,Pituitary,224,224,RGB,8,3,0.0,255.0
Training/Pituitary/BT-MRI PI Train (944).jpg,Pituitary,224,224,RGB,8,3,0.0,215.0
Testing/Glioma/BT-MRI Test GL (71).jpg,Glioma,224,224,RGB,8,3,0.0,229.0
Testing/Meningioma/BT-MRI ME Test (233).jpg,Meningioma,224,224,RGB,8,3,0.0,244.0
Testing/Glioma/BT-MRI Test GL (293).jpg,Glioma,224,224,RGB,8,3,0.0,205.0
Training/Glioma/BT-MRI GL Train  (1181).jpg,Glioma,224,224,RGB,8,3,0.0,231.0
Training/Glioma/BT-MRI GL Train  (272).jpg,Glioma,224,224,RGB,8,3,0.0,249.0
Training/No-tumor/BT-MRI NO Train (945).jpg,No-tumor,224,224,RGB,8,3,0.0,255.0
Training/Pituitary/BT-MRI PI Train (1203).jpg,Pituitary,224,224,RGB,8,3,0.0,241.0
Training/No-tumor/BT-MRI NO Train (554).jpg,No-tumor,224,224,RGB,8,3,0.0,255.0
Training/Glioma/BT-MRI GL Train  (417).jpg,Glioma,224,224,RGB,8,3,0.0,231.0
Testing/Pituitary/BT-MRI PI Test (238).jpg,Pituitary,224,224,RGB,8,3,0.0,248.0
Training/Meningioma/BT-MRI  ME Train (1334).jpg,Meningioma,224,224,RGB,8,3,0.0,238.0
Training/No-tumor/BT-MRI NO Train (433).jpg,No-tumor,224,224,RGB,8,3,0.0,255.0
Training/No-tumor/BT-MRI NO Train (767).jpg,No-tumor,224,224,RGB,8,3,0.0,255.0
Testing/No-tumor/BT-MRI NO Test (150).jpg,No-tumor,224,224,RGB,8,3,0.0,255.0
Training/Meningioma/BT-MRI  ME Train (956).jpg,Meningioma,224,224,RGB,8,3,0.0,243.0
Training/No-tumor/BT-MRI NO Train (96).jpg,No-tumor,224,224,RGB,8,3,0.0,255.0
Training/Glioma/BT-MRI GL Train  (518).jpg,Glioma,224,224,RGB,8,3,0.0,239.0
Training/No-tumor/BT-MRI NO Train (708).jpg,No-tumor,224,224,RGB,8,3,0.0,255.0
Training/No-tumor/BT-MRI NO Train (1299).jpg,No-tumor,224,224,RGB,8,3,0.0,255.0
Training/Meningioma/BT-MRI  ME Train (889).jpg,Meningioma,224,224,RGB,8,3,0.0,246.0
Testing/Glioma/BT-MRI Test GL (24).jpg,Glioma,224,224,RGB,8,3,0.0,224.0
Testing/No-tumor/BT-MRI NO Test (281).jpg,No-tumor,224,224,RGB,8,3,0.0,255.0
Training/Glioma/BT-MRI GL Train  (1216).jpg,Glioma,224,224,RGB,8,3,0.0,248.0
Training/Glioma/BT-MRI GL Train  (1313).jpg,Glioma,224,224,RGB,8,3,0.0,242.0
Training/Meningioma/BT-MRI  ME Train (591).jpg,Meningioma,224,224,RGB,8,3,0.0,241.0
Training/No-tumor/BT-MRI NO Train (86).jpg,No-tumor,224,224,RGB,8,3,0.0,255.0
Training/Meningioma/BT-MRI  ME Train (492).jpg,Meningioma,224,224,RGB,8,3,0.0,255.0
Training/Glioma/BT-MRI GL Train  (403).jpg,Glioma,224,224,RGB,8,3,0.0,215.0
Testing/Pituitary/BT-MRI PI Test (226).jpg,Pituitary,224,224,RGB,8,3,0.0,231.0
Training/Meningioma/BT-MRI  ME Train (603).jpg,Meningioma,224,224,RGB,8,3,0.0,255.0
Training/Pituitary/BT-MRI PI Train (1410).jpg,Pituitary,224,224,RGB,8,3,0.0,237.0
Training/Pituitary/BT-MRI PI Train (1180).jpg,Pituitary,224,224,RGB,8,3,0.0,241.0
Training/Pituitary/BT-MRI PI Train (1404).jpg,Pituitary,224,224,RGB,8,3,0.0,253.0
Training/No-tumor/BT-MRI NO Train (797).jpg,No-tumor,224,224,RGB,8,3,0.0,255.0
Training/No-tumor/BT-MRI NO Train (1247).jpg,No-tumor,224,224,RGB,8,3,0.0,255.0
Training/Glioma/BT-MRI GL Train  (184).jpg,Glioma,224,224,RGB,8,3,0.0,235.0
Training/Glioma/BT-MRI GL Train  (488).jpg,Glioma,224,224,RGB,8,3,0.0,235.0
Training/No-tumor/BT-MRI NO Train (1132).jpg,No-tumor,224,224,RGB,8,3,0.0,255.0
Training/No-tumor/BT-MRI NO Train (1565).jpg,No-tumor,224,224,RGB,8,3,0.0,255.0
Training/No-tumor/BT-MRI NO Train (1145).jpg,No-tumor,224,224,RGB,8,3,0.0,255.0
Training/Meningioma/BT-MRI  ME Train (182).jpg,Meningioma,224,224,RGB,8,3,0.0,255.0
Training/Glioma/BT-MRI GL Train  (71).jpg,Glioma,224,224,RGB,8,3,0.0,245.0
Training/Pituitary/BT-MRI PI Train (317).jpg,Pituitary,224,224,RGB,8,3,0.0,248.0
Training/No-tumor/BT-MRI NO Train (571).jpg,No-tumor,224,224,RGB,8,3,0.0,219.0
Training/No-tumor/BT-MRI NO Train (1167).jpg,No-tumor,224,224,RGB,8,3,0.0,255.0
Training/Glioma/BT-MRI GL Train  (1277).jpg,Glioma,224,224,RGB,8,3,0.0,247.0
Training/No-tumor/BT-MRI NO Train (846).jpg,No-tumor,224,224,RGB,8,3,0.0,255.0
Training/Glioma/BT-MRI GL Train  (57).jpg,Glioma,224,224,RGB,8,3,0.0,214.0
Training/No-tumor/BT-MRI NO Train (1058).jpg,No-tumor,224,224,RGB,8,3,0.0,228.0
Testing/Pituitary/BT-MRI PI Test (244).jpg,Pituitary,224,224,RGB,8,3,0.0,248.0
Training/Meningioma/BT-MRI  ME Train (1260).jpg,Meningioma,224,224,RGB,8,3,0.0,224.0
Training/Meningioma/BT-MRI  ME Train (1051).jpg,Meningioma,224,224,RGB,8,3,0.0,254.0
Training/No-tumor/BT-MRI NO Train (977).jpg,No-tumor,224,224,RGB,8,3,0.0,255.0
Training/Pituitary/BT-MRI PI Train (578).jpg,Pituitary,224,224,RGB,8,3,0.0,254.0
Training/No-tumor/BT-MRI NO Train (563).jpg,No-tumor,224,224,RGB,8,3,0.0,255.0
Training/No-tumor/BT-MRI NO Train (1314).jpg,No-tumor,224,224,RGB,8,3,0.0,255.0
Training/Meningioma/BT-MRI  ME Train (459).jpg,Meningioma,224,224,RGB,8,3,0.0,234.0
Training/Meningioma/BT-MRI  ME Train (52).jpg,Meningioma,224,224,RGB,8,3,0.0,253.0
Testing/Glioma/BT-MRI Test GL (186).jpg,Glioma,224,224,RGB,8,3,0.0,252.0
Training/Pituitary/BT-MRI PI Train (1433).jpg,Pituitary,224,224,RGB,8,3,0.0,253.0
Training/Glioma/BT-MRI GL Train  (635).jpg,Glioma,224,224,RGB,8,3,0.0,232.0
Training/No-tumor/BT-MRI NO Train (869).jpg,No-tumor,224,224,RGB,8,3,0.0,255.0
Testing/No-tumor/BT-MRI NO Test (311).jpg,No-tumor,224,224,RGB,8,3,0.0,255.0
Training/Meningioma/BT-MRI  ME Train (1002).jpg,Meningioma,224,224,RGB,8,3,0.0,245.0
Testing/No-tumor/BT-MRI NO Test (297).jpg,No-tumor,224,224,RGB,8,3,0.0,252.0
Training/Meningioma/BT-MRI  ME Train (597).jpg,Meningioma,224,224,RGB,8,3,0.0,232.0
Training/Pituitary/BT-MRI PI Train (1351).jpg,Pituitary,224,224,RGB,8,3,0.0,255.0
Training/Pituitary/BT-MRI PI Train (1325).jpg,Pituitary,224,224,RGB,8,3,0.0,249.0
Training/Glioma/BT-MRI GL Train  (223).jpg,Glioma,224,224,RGB,8,3,0.0,227.0
Training/Pituitary/BT-MRI PI Train (1153).jpg,Pituitary,224,224,RGB,8,3,0.0,247.0
Training/No-tumor/BT-MRI NO Train (862).jpg,No-tumor,224,224,RGB,8,3,0.0,255.0
Training/No-tumor/BT-MRI NO Train (1509).jpg,No-tumor,224,224,RGB,8,3,0.0,255.0
Training/Pituitary/BT-MRI PI Train (842).jpg,Pituitary,224,224,RGB,8,3,0.0,255.0
Training/Pituitary/BT-MRI PI Train (459).jpg,Pituitary,224,224,RGB,8,3,0.0,246.0
Training/Glioma/BT-MRI GL Train  (444).jpg,Glioma,224,224,RGB,8,3,0.0,234.0
Training/Meningioma/BT-MRI  ME Train (1160).jpg,Meningioma,224,224,RGB,8,3,0.0,254.0
Training/Meningioma/BT-MRI  ME Train (612).jpg,Meningioma,224,224,RGB,8,3,0.0,204.0
Training/Meningioma/BT-MRI  ME Train (731).jpg,Meningioma,224,224,RGB,8,3,0.0,232.0
Testing/Glioma/BT-MRI Test GL (243).jpg,Glioma,224,224,RGB,8,3,0.0,247.0
Training/Meningioma/BT-MRI  ME Train (48).jpg,Meningioma,224,224,RGB,8,3,0.0,229.0
Training/No-tumor/BT-MRI NO Train (1543).jpg,No-tumor,224,224,RGB,8,3,0.0,255.0
Training/Glioma/BT-MRI GL Train  (912).jpg,Glioma,224,224,RGB,8,3,0.0,213.0
Training/Glioma/BT-MRI GL Train  (354).jpg,Glioma,224,224,RGB,8,3,0.0,228.0
Training/Meningioma/BT-MRI  ME Train (85).jpg,Meningioma,224,224,RGB,8,3,0.0,248.0
Testing/Meningioma/BT-MRI ME Test (138).jpg,Meningioma,224,224,RGB,8,3,0.0,234.0
Training/No-tumor/BT-MRI NO Train (1375).jpg,No-tumor,224,224,RGB,8,3,0.0,233.0
Testing/No-tumor/BT-MRI NO Test (325).jpg,No-tumor,224,224,RGB,8,3,0.0,251.0
Training/Meningioma/BT-MRI  ME Train (1026).jpg,Meningioma,224,224,RGB,8,3,0.0,239.0
Training/Meningioma/BT-MRI  ME Train (198).jpg,Meningioma,224,224,RGB,8,3,0.0,255.0
Training/Meningioma/BT-MRI  ME Train (1035).jpg,Meningioma,224,224,RGB,8,3,0.0,252.0
Testing/Pituitary/BT-MRI PI Test (3).jpg,Pituitary,224,224,RGB,8,3,0.0,237.0
Testing/Meningioma/BT-MRI ME Test (244).jpg,Meningioma,224,224,RGB,8,3,0.0,242.0
Testing/No-tumor/BT-MRI NO Test (210).jpg,No-tumor,224,224,RGB,8,3,0.0,255.0
Training/Glioma/BT-MRI GL Train  (1071).jpg,Glioma,224,224,RGB,8,3,0.0,214.0
Training/Pituitary/BT-MRI PI Train (98).jpg,Pituitary,224,224,RGB,8,3,0.0,237.0
Training/Meningioma/BT-MRI  ME Train (961).jpg,Meningioma,224,224,RGB,8,3,0.0,245.0
Training/No-tumor/BT-MRI NO Train (1043).jpg,No-tumor,224,224,RGB,8,3,0.0,255.0
Training/No-tumor/BT-MRI NO Train (1182).jpg,No-tumor,224,224,RGB,8,3,0.0,179.0
Training/No-tumor/BT-MRI NO Train (815).jpg,No-tumor,224,224,RGB,8,3,0.0,255.0
Training/Pituitary/BT-MRI PI Train (438).jpg,Pituitary,224,224,RGB,8,3,0.0,240.0
Training/Pituitary/BT-MRI PI Train (141).jpg,Pituitary,224,224,RGB,8,3,0.0,255.0
Training/Meningioma/BT-MRI  ME Train (89).jpg,Meningioma,224,224,RGB,8,3,0.0,241.0
Testing/Meningioma/BT-MRI ME Test (250).jpg,Meningioma,224,224,RGB,8,3,0.0,252.0
Training/Meningioma/BT-MRI  ME Train (981).jpg,Meningioma,224,224,RGB,8,3,0.0,254.0
Training/No-tumor/BT-MRI NO Train (1558).jpg,No-tumor,224,224,RGB,8,3,0.0,255.0
Training/Meningioma/BT-MRI  ME Train (960).jpg,Meningioma,224,224,RGB,8,3,0.0,247.0
Training/Glioma/BT-MRI GL Train  (116).jpg,Glioma,224,224,RGB,8,3,0.0,229.0
Training/Glioma/BT-MRI GL Train  (989).jpg,Glioma,224,224,RGB,8,3,0.0,214.0
Training/Pituitary/BT-MRI PI Train (477).jpg,Pituitary,224,224,RGB,8,3,0.0,238.0
Testing/Glioma/BT-MRI Test GL (27).jpg,Glioma,224,224,RGB,8,3,0.0,236.0
Testing/Meningioma/BT-MRI ME Test (205).jpg,Meningioma,224,224,RGB,8,3,0.0,253.0
Training/Glioma/BT-MRI GL Train  (1066).jpg,Glioma,224,224,RGB,8,3,0.0,232.0
Training/No-tumor/BT-MRI NO Train (1168).jpg,No-tumor,224,224,RGB,8,3,0.0,255.0
Testing/Glioma/BT-MRI Test GL (108).jpg,Glioma,224,224,RGB,8,3,0.0,239.0
Training/Pituitary/BT-MRI PI Train (183).jpg,Pituitary,224,224,RGB,8,3,0.0,255.0
Training/No-tumor/BT-MRI NO Train (1064).jpg,No-tumor,224,224,RGB,8,3,0.0,252.0
Training/Meningioma/BT-MRI  ME Train (717).jpg,Meningioma,224,224,RGB,8,3,0.0,244.0
Training/No-tumor/BT-MRI NO Train (1580).jpg,No-tumor,224,224,RGB,8,3,0.0,255.0
Testing/No-tumor/BT-MRI NO Test (125).jpg,No-tumor,224,224,RGB,8,3,0.0,250.0
Training/Glioma/BT-MRI GL Train  (865).jpg,Glioma,224,224,RGB,8,3,0.0,229.0
Training/Pituitary/BT-MRI PI Train (1016).jpg,Pituitary,224,224,RGB,8,3,0.0,249.0
Training/No-tumor/BT-MRI NO Train (934).jpg,No-tumor,224,224,RGB,8,3,0.0,255.0
Training/Meningioma/BT-MRI  ME Train (247).jpg,Meningioma,224,224,RGB,8,3,0.0,255.0
Training/Pituitary/BT-MRI PI Train (34).jpg,Pituitary,224,224,RGB,8,3,0.0,244.0
Training/No-tumor/BT-MRI NO Train (1425).jpg,No-tumor,224,224,RGB,8,3,0.0,246.0
Testing/Meningioma/BT-MRI ME Test (200).jpg,Meningioma,224,224,RGB,8,3,0.0,245.0
Training/Pituitary/BT-MRI PI Train (574).jpg,Pituitary,224,224,RGB,8,3,0.0,245.0
Training/Pituitary/BT-MRI PI Train (992).jpg,Pituitary,224,224,RGB,8,3,0.0,229.0
Testing/No-tumor/BT-MRI NO Test (277).jpg,No-tumor,224,224,RGB,8,3,0.0,255.0
Testing/Glioma/BT-MRI Test GL (273).jpg,Glioma,224,224,RGB,8,3,0.0,224.0
Training/No-tumor/BT-MRI NO Train (1278).jpg,No-tumor,224,224,RGB,8,3,0.0,255.0
Training/Glioma/BT-MRI GL Train  (957).jpg,Glioma,224,224,RGB,8,3,0.0,224.0
Training/Glioma/BT-MRI GL Train  (224).jpg,Glioma,224,224,RGB,8,3,0.0,230.0
Training/Pituitary/BT-MRI PI Train (1273).jpg,Pituitary,224,224,RGB,8,3,0.0,242.0
Training/Meningioma/BT-MRI  ME Train (594).jpg,Meningioma,224,224,RGB,8,3,0.0,253.0
Training/Pituitary/BT-MRI PI Train (396).jpg,Pituitary,224,224,RGB,8,3,0.0,248.0
Training/Pituitary/BT-MRI PI Train (423).jpg,Pituitary,224,224,RGB,8,3,0.0,233.0
Training/Pituitary/BT-MRI PI Train (262).jpg,Pituitary,224,224,RGB,8,3,0.0,250.0
Training/Pituitary/BT-MRI PI Train (989).jpg,Pituitary,224,224,RGB,8,3,0.0,204.0
Training/Pituitary/BT-MRI PI Train (5).jpg,Pituitary,224,224,RGB,8,3,0.0,254.0
Training/Pituitary/BT-MRI PI Train (7).jpg,Pituitary,224,224,RGB,8,3,0.0,249.0
Training/Pituitary/BT-MRI PI Train (1192).jpg,Pituitary,224,224,RGB,8,3,0.0,242.0
Training/Meningioma/BT-MRI  ME Train (546).jpg,Meningioma,224,224,RGB,8,3,0.0,240.0
Training/Glioma/BT-MRI GL Train  (499).jpg,Glioma,224,224,RGB,8,3,0.0,245.0
Training/Glioma/BT-MRI GL Train  (310).jpg,Glioma,224,224,RGB,8,3,0.0,229.0
Training/Pituitary/BT-MRI PI Train (1374).jpg,Pituitary,224,224,RGB,8,3,0.0,252.0
Training/Meningioma/BT-MRI  ME Train (489).jpg,Meningioma,224,224,RGB,8,3,0.0,255.0
Training/Glioma/BT-MRI GL Train  (988).jpg,Glioma,224,224,RGB,8,3,0.0,238.0
Training/No-tumor/BT-MRI NO Train (1402).jpg,No-tumor,224,224,RGB,8,3,0.0,255.0
Training/Pituitary/BT-MRI PI Train (688).jpg,Pituitary,224,224,RGB,8,3,0.0,254.0
Training/No-tumor/BT-MRI NO Train (1242).jpg,No-tumor,224,224,RGB,8,3,0.0,255.0
Training/No-tumor/BT-MRI NO Train (1271).jpg,No-tumor,224,224,RGB,8,3,0.0,255.0
Training/Pituitary/BT-MRI PI Train (815).jpg,Pituitary,224,224,RGB,8,3,0.0,234.0
Training/Meningioma/BT-MRI  ME Train (203).jpg,Meningioma,224,224,RGB,8,3,0.0,255.0
Training/Meningioma/BT-MRI  ME Train (733).jpg,Meningioma,224,224,RGB,8,3,0.0,255.0
Training/Glioma/BT-MRI GL Train  (1063).jpg,Glioma,224,224,RGB,8,3,0.0,243.0
Training/No-tumor/BT-MRI NO Train (837).jpg,No-tumor,224,224,RGB,8,3,0.0,255.0
Training/No-tumor/BT-MRI NO Train (480).jpg,No-tumor,224,224,RGB,8,3,0.0,255.0
Training/No-tumor/BT-MRI NO Train (35).jpg,No-tumor,224,224,RGB,8,3,0.0,225.0
Training/Glioma/BT-MRI GL Train  (1187).jpg,Glioma,224,224,RGB,8,3,0.0,240.0
Training/No-tumor/BT-MRI NO Train (1236).jpg,No-tumor,224,224,RGB,8,3,0.0,255.0
Training/Glioma/BT-MRI GL Train  (687).jpg,Glioma,224,224,RGB,8,3,0.0,242.0
Testing/No-tumor/BT-MRI NO Test (110).jpg,No-tumor,224,224,RGB,8,3,0.0,255.0
Training/Glioma/BT-MRI GL Train  (679).jpg,Glioma,224,224,RGB,8,3,0.0,205.0
Training/Pituitary/BT-MRI PI Train (434).jpg,Pituitary,224,224,RGB,8,3,0.0,253.0
Training/Meningioma/BT-MRI  ME Train (180).jpg,Meningioma,224,224,RGB,8,3,0.0,255.0
Training/Pituitary/BT-MRI PI Train (1226).jpg,Pituitary,224,224,RGB,8,3,0.0,242.0
Training/Pituitary/BT-MRI PI Train (556).jpg,Pituitary,224,224,RGB,8,3,0.0,223.0
Training/No-tumor/BT-MRI NO Train (927).jpg,No-tumor,224,224,RGB,8,3,0.0,255.0
Training/Pituitary/BT-MRI PI Train (215).jpg,Pituitary,224,224,RGB,8,3,0.0,255.0
Training/No-tumor/BT-MRI NO Train (1325).jpg,No-tumor,224,224,RGB,8,3,0.0,255.0
Training/Meningioma/BT-MRI  ME Train (378).jpg,Meningioma,224,224,RGB,8,3,0.0,252.0
Training/No-tumor/BT-MRI NO Train (1129).jpg,No-tumor,224,224,RGB,8,3,0.0,255.0
Training/No-tumor/BT-MRI NO Train (1107).jpg,No-tumor,224,224,RGB,8,3,0.0,255.0
Training/Meningioma/BT-MRI  ME Train (435).jpg,Meningioma,224,224,RGB,8,3,0.0,239.0
Training/No-tumor/BT-MRI NO Train (1142).jpg,No-tumor,224,224,RGB,8,3,0.0,236.0
Training/Meningioma/BT-MRI  ME Train (349).jpg,Meningioma,224,224,RGB,8,3,0.0,255.0
Training/Pituitary/BT-MRI PI Train (816).jpg,Pituitary,224,224,RGB,8,3,0.0,247.0
Training/Meningioma/BT-MRI  ME Train (436).jpg,Meningioma,224,224,RGB,8,3,0.0,247.0
Training/Pituitary/BT-MRI PI Train (65).jpg,Pituitary,224,224,RGB,8,3,0.0,237.0
Training/Glioma/BT-MRI GL Train  (859).jpg,Glioma,224,224,RGB,8,3,0.0,224.0
Testing/Glioma/BT-MRI Test GL (197).jpg,Glioma,224,224,RGB,8,3,0.0,247.0
Training/No-tumor/BT-MRI NO Train (1177).jpg,No-tumor,224,224,RGB,8,3,0.0,255.0
Training/Pituitary/BT-MRI PI Train (990).jpg,Pituitary,224,224,RGB,8,3,0.0,226.0
Training/Pituitary/BT-MRI PI Train (631).jpg,Pituitary,224,224,RGB,8,3,0.0,242.0
Training/Glioma/BT-MRI GL Train  (308).jpg,Glioma,224,224,RGB,8,3,0.0,219.0
Testing/Glioma/BT-MRI Test GL (50).jpg,Glioma,224,224,RGB,8,3,0.0,244.0
Training/Pituitary/BT-MRI PI Train (1190).jpg,Pituitary,224,224,RGB,8,3,0.0,245.0
Training/Meningioma/BT-MRI  ME Train (869).jpg,Meningioma,224,224,RGB,8,3,0.0,248.0
Training/Pituitary/BT-MRI PI Train (979).jpg,Pituitary,224,224,RGB,8,3,0.0,238.0
Training/Meningioma/BT-MRI  ME Train (911).jpg,Meningioma,224,224,RGB,8,3,0.0,222.0
Testing/No-tumor/BT-MRI NO Test (231).jpg,No-tumor,224,224,RGB,8,3,0.0,255.0
Training/Glioma/BT-MRI GL Train  (1004).jpg,Glioma,224,224,RGB,8,3,0.0,241.0
Training/Meningioma/BT-MRI  ME Train (534).jpg,Meningioma,224,224,RGB,8,3,0.0,236.0
Training/Meningioma/BT-MRI  ME Train (165).jpg,Meningioma,224,224,RGB,8,3,0.0,225.0
Training/Glioma/BT-MRI GL Train  (349).jpg,Glioma,224,224,RGB,8,3,0.0,246.0
Training/Pituitary/BT-MRI PI Train (867).jpg,Pituitary,224,224,RGB,8,3,0.0,255.0
Training/Glioma/BT-MRI GL Train  (23).jpg,Glioma,224,224,RGB,8,3,0.0,237.0
Testing/Pituitary/BT-MRI PI Test (262).jpg,Pituitary,224,224,RGB,8,3,0.0,255.0
Training/Pituitary/BT-MRI PI Train (225).jpg,Pituitary,224,224,RGB,8,3,0.0,247.0
Testing/Pituitary/BT-MRI PI Test (294).jpg,Pituitary,224,224,RGB,8,3,0.0,255.0
Training/No-tumor/BT-MRI NO Train (400).jpg,No-tumor,224,224,RGB,8,3,0.0,255.0
Training/Pituitary/BT-MRI PI Train (160).jpg,Pituitary,224,224,RGB,8,3,0.0,251.0
Training/No-tumor/BT-MRI NO Train (995).jpg,No-tumor,224,224,RGB,8,3,0.0,251.0
Training/No-tumor/BT-MRI NO Train (167).jpg,No-tumor,224,224,RGB,8,3,0.0,251.0
Training/No-tumor/BT-MRI NO Train (1557).jpg,No-tumor,224,224,RGB,8,3,0.0,255.0
Training/Pituitary/BT-MRI PI Train (205).jpg,Pituitary,224,224,RGB,8,3,0.0,250.0
Training/Meningioma/BT-MRI  ME Train (777).jpg,Meningioma,224,224,RGB,8,3,0.0,237.0
Training/Glioma/BT-MRI GL Train  (909).jpg,Glioma,224,224,RGB,8,3,0.0,247.0
Training/Pituitary/BT-MRI PI Train (838).jpg,Pituitary,224,224,RGB,8,3,0.0,253.0
Training/No-tumor/BT-MRI NO Train (600).jpg,No-tumor,224,224,RGB,8,3,0.0,217.0
Testing/Meningioma/BT-MRI ME Test (215).jpg,Meningioma,224,224,RGB,8,3,0.0,255.0
Training/No-tumor/BT-MRI NO Train (920).jpg,No-tumor,224,224,RGB,8,3,0.0,255.0
Training/No-tumor/BT-MRI NO Train (617).jpg,No-tumor,224,224,RGB,8,3,0.0,255.0
Training/Pituitary/BT-MRI PI Train (1019).jpg,Pituitary,224,224,RGB,8,3,0.0,249.0
Training/Pituitary/BT-MRI PI Train (1254).jpg,Pituitary,224,224,RGB,8,3,0.0,237.0
Testing/Pituitary/BT-MRI PI Test (194).jpg,Pituitary,224,224,RGB,8,3,0.0,247.0
Training/Pituitary/BT-MRI PI Train (1328).jpg,Pituitary,224,224,RGB,8,3,0.0,255.0
Training/Meningioma/BT-MRI  ME Train (444).jpg,Meningioma,224,224,RGB,8,3,0.0,234.0
Training/Pituitary/BT-MRI PI Train (1384).jpg,Pituitary,224,224,RGB,8,3,0.0,255.0
Training/No-tumor/BT-MRI NO Train (639).jpg,No-tumor,224,224,RGB,8,3,0.0,255.0
Training/No-tumor/BT-MRI NO Train (430).jpg,No-tumor,224,224,RGB,8,3,0.0,251.0
Training/Meningioma/BT-MRI  ME Train (1329).jpg,Meningioma,224,224,RGB,8,3,0.0,255.0
Training/No-tumor/BT-MRI NO Train (738).jpg,No-tumor,224,224,RGB,8,3,0.0,255.0
Testing/No-tumor/BT-MRI NO Test (264).jpg,No-tumor,224,224,RGB,8,3,0.0,255.0
Training/Meningioma/BT-MRI  ME Train (78).jpg,Meningioma,224,224,RGB,8,3,0.0,211.0
Training/Meningioma/BT-MRI  ME Train (77).jpg,Meningioma,224,224,RGB,8,3,0.0,246.0
Training/Meningioma/BT-MRI  ME Train (1280).jpg,Meningioma,224,224,RGB,8,3,0.0,238.0
Training/Glioma/BT-MRI GL Train  (1111).jpg,Glioma,224,224,RGB,8,3,0.0,243.0
Training/Meningioma/BT-MRI  ME Train (195).jpg,Meningioma,224,224,RGB,8,3,0.0,255.0
Training/Pituitary/BT-MRI PI Train (140).jpg,Pituitary,224,224,RGB,8,3,0.0,255.0
Training/Pituitary/BT-MRI PI Train (1123).jpg,Pituitary,224,224,RGB,8,3,0.0,235.0
Testing/No-tumor/BT-MRI NO Test (365).jpg,No-tumor,224,224,RGB,8,3,0.0,255.0
Testing/Meningioma/BT-MRI ME Test (269).jpg,Meningioma,224,224,RGB,8,3,0.0,255.0
Training/Meningioma/BT-MRI  ME Train (1169).jpg,Meningioma,224,224,RGB,8,3,0.0,243.0
Training/Pituitary/BT-MRI PI Train (1339).jpg,Pituitary,224,224,RGB,8,3,0.0,232.0
Training/Pituitary/BT-MRI PI Train (981).jpg,Pituitary,224,224,RGB,8,3,0.0,212.0
Testing/Pituitary/BT-MRI PI Test (228).jpg,Pituitary,224,224,RGB,8,3,0.0,243.0
Training/Glioma/BT-MRI GL Train  (1065).jpg,Glioma,224,224,RGB,8,3,0.0,249.0
Training/Meningioma/BT-MRI  ME Train (220).jpg,Meningioma,224,224,RGB,8,3,0.0,244.0
Training/Pituitary/BT-MRI PI Train (106).jpg,Pituitary,224,224,RGB,8,3,0.0,253.0
Testing/Pituitary/BT-MRI PI Test (131).jpg,Pituitary,224,224,RGB,8,3,0.0,233.0
Training/No-tumor/BT-MRI NO Train (713).jpg,No-tumor,224,224,RGB,8,3,0.0,255.0
Training/Glioma/BT-MRI GL Train  (791).jpg,Glioma,224,224,RGB,8,3,0.0,238.0
Training/No-tumor/BT-MRI NO Train (200).jpg,No-tumor,224,224,RGB,8,3,0.0,210.0
Training/Glioma/BT-MRI GL Train  (299).jpg,Glioma,224,224,RGB,8,3,0.0,237.0
Training/Meningioma/BT-MRI  ME Train (1292).jpg,Meningioma,224,224,RGB,8,3,0.0,250.0
Training/Meningioma/BT-MRI  ME Train (376).jpg,Meningioma,224,224,RGB,8,3,0.0,252.0
Training/Glioma/BT-MRI GL Train  (815).jpg,Glioma,224,224,RGB,8,3,0.0,237.0
Training/Glioma/BT-MRI GL Train  (62).jpg,Glioma,224,224,RGB,8,3,0.0,228.0
Training/Meningioma/BT-MRI  ME Train (641).jpg,Meningioma,224,224,RGB,8,3,0.0,244.0
Training/Meningioma/BT-MRI  ME Train (1337).jpg,Meningioma,224,224,RGB,8,3,0.0,235.0
Training/Glioma/BT-MRI GL Train  (181).jpg,Glioma,224,224,RGB,8,3,0.0,241.0
Training/Glioma/BT-MRI GL Train  (414).jpg,Glioma,224,224,RGB,8,3,0.0,248.0
Training/Glioma/BT-MRI GL Train  (160).jpg,Glioma,224,224,RGB,8,3,0.0,235.0
Training/Glioma/BT-MRI GL Train  (33).jpg,Glioma,224,224,RGB,8,3,0.0,241.0
Training/Meningioma/BT-MRI  ME Train (1226).jpg,Meningioma,224,224,RGB,8,3,0.0,248.0
Testing/Meningioma/BT-MRI ME Test (189).jpg,Meningioma,224,224,RGB,8,3,0.0,230.0
Testing/No-tumor/BT-MRI NO Test (384).jpg,No-tumor,224,224,RGB,8,3,0.0,255.0
Training/Pituitary/BT-MRI PI Train (277).jpg,Pituitary,224,224,RGB,8,3,0.0,230.0
Training/Meningioma/BT-MRI  ME Train (211).jpg,Meningioma,224,224,RGB,8,3,0.0,255.0
Training/No-tumor/BT-MRI NO Train (1033).jpg,No-tumor,224,224,RGB,8,3,0.0,255.0
Training/Meningioma/BT-MRI  ME Train (887).jpg,Meningioma,224,224,RGB,8,3,0.0,240.0
Training/Glioma/BT-MRI GL Train  (474).jpg,Glioma,224,224,RGB,8,3,0.0,239.0
Training/Meningioma/BT-MRI  ME Train (677).jpg,Meningioma,224,224,RGB,8,3,0.0,243.0
Testing/Glioma/BT-MRI Test GL (45).jpg,Glioma,224,224,RGB,8,3,0.0,230.0
Testing/Glioma/BT-MRI Test GL (266).jpg,Glioma,224,224,RGB,8,3,0.0,243.0
Training/Pituitary/BT-MRI PI Train (1198).jpg,Pituitary,224,224,RGB,8,3,0.0,238.0
Training/Pituitary/BT-MRI PI Train (95).jpg,Pituitary,224,224,RGB,8,3,0.0,255.0
Training/Pituitary/BT-MRI PI Train (221).jpg,Pituitary,224,224,RGB,8,3,0.0,247.0
Training/No-tumor/BT-MRI NO Train (805).jpg,No-tumor,224,224,RGB,8,3,0.0,255.0
Training/Meningioma/BT-MRI  ME Train (212).jpg,Meningioma,224,224,RGB,8,3,0.0,255.0
Testing/No-tumor/BT-MRI NO Test (137).jpg,No-tumor,224,224,RGB,8,3,0.0,255.0
Training/Pituitary/BT-MRI PI Train (1350).jpg,Pituitary,224,224,RGB,8,3,0.0,253.0
Testing/Meningioma/BT-MRI ME Test (254).jpg,Meningioma,224,224,RGB,8,3,0.0,249.0
Training/Pituitary/BT-MRI PI Train (976).jpg,Pituitary,224,224,RGB,8,3,0.0,240.0
Training/Glioma/BT-MRI GL Train  (382).jpg,Glioma,224,224,RGB,8,3,0.0,233.0
Training/Glioma/BT-MRI GL Train  (977).jpg,Glioma,224,224,RGB,8,3,0.0,248.0
Training/No-tumor/BT-MRI NO Train (177).jpg,No-tumor,224,224,RGB,8,3,0.0,255.0
Training/No-tumor/BT-MRI NO Train (1461).jpg,No-tumor,224,224,RGB,8,3,0.0,255.0
Training/No-tumor/BT-MRI NO Train (1205).jpg,No-tumor,224,224,RGB,8,3,0.0,255.0
Training/Pituitary/BT-MRI PI Train (119).jpg,Pituitary,224,224,RGB,8,3,0.0,243.0
Training/Glioma/BT-MRI GL Train  (100).jpg,Glioma,224,224,RGB,8,3,0.0,243.0
Training/Meningioma/BT-MRI  ME Train (315).jpg,Meningioma,224,224,RGB,8,3,0.0,255.0
Training/Glioma/BT-MRI GL Train  (19).jpg,Glioma,224,224,RGB,8,3,0.0,242.0
Training/Pituitary/BT-MRI PI Train (1140).jpg,Pituitary,224,224,RGB,8,3,0.0,246.0
Training/No-tumor/BT-MRI NO Train (756).jpg,No-tumor,224,224,RGB,8,3,0.0,255.0
Testing/Glioma/BT-MRI Test GL (51).jpg,Glioma,224,224,RGB,8,3,0.0,230.0
Training/Pituitary/BT-MRI PI Train (1255).jpg,Pituitary,224,224,RGB,8,3,0.0,240.0
Training/Pituitary/BT-MRI PI Train (1099).jpg,Pituitary,224,224,RGB,8,3,0.0,229.0
Training/Pituitary/BT-MRI PI Train (449).jpg,Pituitary,224,224,RGB,8,3,0.0,254.0
Training/Glioma/BT-MRI GL Train  (407).jpg,Glioma,224,224,RGB,8,3,0.0,254.0
Training/Glioma/BT-MRI GL Train  (1239).jpg,Glioma,224,224,RGB,8,3,0.0,247.0
Testing/No-tumor/BT-MRI NO Test (98).jpg,No-tumor,224,224,RGB,8,3,0.0,233.0
Training/Glioma/BT-MRI GL Train  (1140).jpg,Glioma,224,224,RGB,8,3,0.0,252.0
Training/Pituitary/BT-MRI PI Train (922).jpg,Pituitary,224,224,RGB,8,3,0.0,228.0
Training/Pituitary/BT-MRI PI Train (791).jpg,Pituitary,224,224,RGB,8,3,0.0,226.0
Training/Meningioma/BT-MRI  ME Train (630).jpg,Meningioma,224,224,RGB,8,3,0.0,249.0
Testing/Meningioma/BT-MRI ME Test (143).jpg,Meningioma,224,224,RGB,8,3,0.0,253.0
Training/Glioma/BT-MRI GL Train  (14).jpg,Glioma,224,224,RGB,8,3,0.0,238.0
Testing/No-tumor/BT-MRI NO Test (308).jpg,No-tumor,224,224,RGB,8,3,0.0,255.0
Training/No-tumor/BT-MRI NO Train (278).jpg,No-tumor,224,224,RGB,8,3,20.0,218.0
Training/Meningioma/BT-MRI  ME Train (1247).jpg,Meningioma,224,224,RGB,8,3,0.0,248.0
Training/Glioma/BT-MRI GL Train  (664).jpg,Glioma,224,224,RGB,8,3,0.0,238.0
Training/No-tumor/BT-MRI NO Train (1356).jpg,No-tumor,224,224,RGB,8,3,0.0,255.0
Training/Pituitary/BT-MRI PI Train (1082).jpg,Pituitary,224,224,RGB,8,3,0.0,219.0
Training/Meningioma/BT-MRI  ME Train (692).jpg,Meningioma,224,224,RGB,8,3,0.0,255.0
Training/No-tumor/BT-MRI NO Train (1253).jpg,No-tumor,224,224,RGB,8,3,0.0,255.0
Training/Meningioma/BT-MRI  ME Train (172).jpg,Meningioma,224,224,RGB,8,3,0.0,255.0
Testing/Meningioma/BT-MRI ME Test (114).jpg,Meningioma,224,224,RGB,8,3,0.0,246.0
Testing/No-tumor/BT-MRI NO Test (169).jpg,No-tumor,224,224,RGB,8,3,0.0,255.0
Training/Meningioma/BT-MRI  ME Train (582).jpg,Meningioma,224,224,RGB,8,3,0.0,255.0
Training/Pituitary/BT-MRI PI Train (1053).jpg,Pituitary,224,224,RGB,8,3,0.0,255.0
Training/Pituitary/BT-MRI PI Train (227).jpg,Pituitary,224,224,RGB,8,3,0.0,247.0
Training/Glioma/BT-MRI GL Train  (1157).jpg,Glioma,224,224,RGB,8,3,0.0,250.0
Testing/Glioma/BT-MRI Test GL (194).jpg,Glioma,224,224,RGB,8,3,0.0,231.0
Training/No-tumor/BT-MRI NO Train (479).jpg,No-tumor,224,224,RGB,8,3,0.0,253.0
Training/Meningioma/BT-MRI  ME Train (1070).jpg,Meningioma,224,224,RGB,8,3,0.0,255.0
Training/No-tumor/BT-MRI NO Train (256).jpg,No-tumor,224,224,RGB,8,3,0.0,255.0
Training/Pituitary/BT-MRI PI Train (977).jpg,Pituitary,224,224,RGB,8,3,0.0,254.0
Training/No-tumor/BT-MRI NO Train (478).jpg,No-tumor,224,224,RGB,8,3,0.0,255.0
Training/No-tumor/BT-MRI NO Train (1071).jpg,No-tumor,224,224,RGB,8,3,0.0,247.0
Training/No-tumor/BT-MRI NO Train (496).jpg,No-tumor,224,224,RGB,8,3,0.0,255.0
Testing/Pituitary/BT-MRI PI Test (145).jpg,Pituitary,224,224,RGB,8,3,0.0,241.0
Training/No-tumor/BT-MRI NO Train (537).jpg,No-tumor,224,224,RGB,8,3,0.0,255.0
Training/Meningioma/BT-MRI  ME Train (668).jpg,Meningioma,224,224,RGB,8,3,0.0,248.0
Testing/Meningioma/BT-MRI ME Test (193).jpg,Meningioma,224,224,RGB,8,3,0.0,232.0
Training/Meningioma/BT-MRI  ME Train (366).jpg,Meningioma,224,224,RGB,8,3,0.0,248.0
Training/Meningioma/BT-MRI  ME Train (1196).jpg,Meningioma,224,224,RGB,8,3,0.0,255.0
Training/No-tumor/BT-MRI NO Train (696).jpg,No-tumor,224,224,RGB,8,3,0.0,255.0
Testing/Glioma/BT-MRI Test GL (256).jpg,Glioma,224,224,RGB,8,3,0.0,238.0
Testing/Pituitary/BT-MRI PI Test (79).jpg,Pituitary,224,224,RGB,8,3,0.0,226.0
Training/No-tumor/BT-MRI NO Train (129).jpg,No-tumor,224,224,RGB,8,3,0.0,255.0
Training/Meningioma/BT-MRI  ME Train (972).jpg,Meningioma,224,224,RGB,8,3,0.0,237.0
Training/No-tumor/BT-MRI NO Train (318).jpg,No-tumor,224,224,RGB,8,3,0.0,175.0
Training/No-tumor/BT-MRI NO Train (505).jpg,No-tumor,224,224,RGB,8,3,0.0,255.0
Training/Meningioma/BT-MRI  ME Train (1087).jpg,Meningioma,224,224,RGB,8,3,0.0,230.0
Training/No-tumor/BT-MRI NO Train (269).jpg,No-tumor,224,224,RGB,8,3,0.0,252.0
Training/Meningioma/BT-MRI  ME Train (876).jpg,Meningioma,224,224,RGB,8,3,0.0,251.0
Training/No-tumor/BT-MRI NO Train (486).jpg,No-tumor,224,224,RGB,8,3,0.0,255.0
Training/Pituitary/BT-MRI PI Train (789).jpg,Pituitary,224,224,RGB,8,3,0.0,240.0
Training/Glioma/BT-MRI GL Train  (1085).jpg,Glioma,224,224,RGB,8,3,0.0,252.0
Training/Meningioma/BT-MRI  ME Train (877).jpg,Meningioma,224,224,RGB,8,3,0.0,245.0
Training/Meningioma/BT-MRI  ME Train (642).jpg,Meningioma,224,224,RGB,8,3,0.0,251.0
Training/No-tumor/BT-MRI NO Train (1411).jpg,No-tumor,224,224,RGB,8,3,0.0,255.0
Training/Glioma/BT-MRI GL Train  (16).jpg,Glioma,224,224,RGB,8,3,0.0,229.0
Training/Glioma/BT-MRI GL Train  (458).jpg,Glioma,224,224,RGB,8,3,0.0,238.0
Testing/No-tumor/BT-MRI NO Test (140).jpg,No-tumor,224,224,RGB,8,3,0.0,255.0
Training/No-tumor/BT-MRI NO Train (697).jpg,No-tumor,224,224,RGB,8,3,0.0,255.0
Testing/No-tumor/BT-MRI NO Test (391).jpg,No-tumor,224,224,RGB,8,3,0.0,255.0
Training/Glioma/BT-MRI GL Train  (931).jpg,Glioma,224,224,RGB,8,3,0.0,245.0
Testing/Glioma/BT-MRI Test GL (247).jpg,Glioma,224,224,RGB,8,3,0.0,252.0
Training/Glioma/BT-MRI GL Train  (368).jpg,Glioma,224,224,RGB,8,3,0.0,213.0
Training/No-tumor/BT-MRI NO Train (1184).jpg,No-tumor,224,224,RGB,8,3,0.0,255.0
Training/Meningioma/BT-MRI  ME Train (1209).jpg,Meningioma,224,224,RGB,8,3,0.0,237.0
Training/Meningioma/BT-MRI  ME Train (324).jpg,Meningioma,224,224,RGB,8,3,0.0,244.0
Testing/Glioma/BT-MRI Test GL (19).jpg,Glioma,224,224,RGB,8,3,0.0,245.0
Training/Pituitary/BT-MRI PI Train (1448).jpg,Pituitary,224,224,RGB,8,3,0.0,245.0
Training/Glioma/BT-MRI GL Train  (776).jpg,Glioma,224,224,RGB,8,3,0.0,231.0
Training/No-tumor/BT-MRI NO Train (586).jpg,No-tumor,224,224,RGB,8,3,0.0,183.0
Training/No-tumor/BT-MRI NO Train (1453).jpg,No-tumor,224,224,RGB,8,3,0.0,255.0
Training/Pituitary/BT-MRI PI Train (725).jpg,Pituitary,224,224,RGB,8,3,0.0,224.0
Training/Glioma/BT-MRI GL Train  (1248).jpg,Glioma,224,224,RGB,8,3,0.0,249.0
Testing/Glioma/BT-MRI Test GL (225).jpg,Glioma,224,224,RGB,8,3,0.0,251.0
Training/Glioma/BT-MRI GL Train  (490).jpg,Glioma,224,224,RGB,8,3,0.0,239.0
Training/No-tumor/BT-MRI NO Train (1232).jpg,No-tumor,224,224,RGB,8,3,0.0,255.0
Testing/Glioma/BT-MRI Test GL (80).jpg,Glioma,224,224,RGB,8,3,0.0,227.0
Testing/No-tumor/BT-MRI NO Test (173).jpg,No-tumor,224,224,RGB,8,3,0.0,255.0
Training/Meningioma/BT-MRI  ME Train (1115).jpg,Meningioma,224,224,RGB,8,3,0.0,237.0
Testing/Glioma/BT-MRI Test GL (207).jpg,Glioma,224,224,RGB,8,3,0.0,241.0
Training/No-tumor/BT-MRI NO Train (443).jpg,No-tumor,224,224,RGB,8,3,0.0,255.0
Training/No-tumor/BT-MRI NO Train (1249).jpg,No-tumor,224,224,RGB,8,3,5.0,255.0
Training/Meningioma/BT-MRI  ME Train (407).jpg,Meningioma,224,224,RGB,8,3,0.0,241.0
Training/Pituitary/BT-MRI PI Train (1074).jpg,Pituitary,224,224,RGB,8,3,0.0,239.0
Training/Pituitary/BT-MRI PI Train (819).jpg,Pituitary,224,224,RGB,8,3,0.0,252.0
Training/No-tumor/BT-MRI NO Train (1056).jpg,No-tumor,224,224,RGB,8,3,0.0,219.0
Training/Glioma/BT-MRI GL Train  (341).jpg,Glioma,224,224,RGB,8,3,0.0,230.0
Training/No-tumor/BT-MRI NO Train (1287).jpg,No-tumor,224,224,RGB,8,3,0.0,255.0
Training/No-tumor/BT-MRI NO Train (406).jpg,No-tumor,224,224,RGB,8,3,0.0,230.0
Training/Pituitary/BT-MRI PI Train (687).jpg,Pituitary,224,224,RGB,8,3,0.0,231.0
Testing/Glioma/BT-MRI Test GL (23).jpg,Glioma,224,224,RGB,8,3,0.0,244.0
Training/Meningioma/BT-MRI  ME Train (462).jpg,Meningioma,224,224,RGB,8,3,0.0,249.0
Training/Meningioma/BT-MRI  ME Train (1071).jpg,Meningioma,224,224,RGB,8,3,0.0,247.0
Training/Meningioma/BT-MRI  ME Train (769).jpg,Meningioma,224,224,RGB,8,3,0.0,233.0
Training/Pituitary/BT-MRI PI Train (464).jpg,Pituitary,224,224,RGB,8,3,0.0,248.0
Training/Pituitary/BT-MRI PI Train (320).jpg,Pituitary,224,224,RGB,8,3,0.0,242.0
Training/Meningioma/BT-MRI  ME Train (279).jpg,Meningioma,224,224,RGB,8,3,0.0,242.0
Training/Meningioma/BT-MRI  ME Train (323).jpg,Meningioma,224,224,RGB,8,3,0.0,252.0
Training/No-tumor/BT-MRI NO Train (481).jpg,No-tumor,224,224,RGB,8,3,0.0,255.0
Training/Glioma/BT-MRI GL Train  (1090).jpg,Glioma,224,224,RGB,8,3,0.0,237.0
Training/No-tumor/BT-MRI NO Train (1110).jpg,No-tumor,224,224,RGB,8,3,0.0,255.0
Training/Meningioma/BT-MRI  ME Train (1230).jpg,Meningioma,224,224,RGB,8,3,0.0,255.0
Testing/No-tumor/BT-MRI NO Test (333).jpg,No-tumor,224,224,RGB,8,3,0.0,255.0
Training/Meningioma/BT-MRI  ME Train (1268).jpg,Meningioma,224,224,RGB,8,3,0.0,245.0
Training/Glioma/BT-MRI GL Train  (73).jpg,Glioma,224,224,RGB,8,3,0.0,223.0
Training/Pituitary/BT-MRI PI Train (440).jpg,Pituitary,224,224,RGB,8,3,0.0,226.0
Training/Meningioma/BT-MRI  ME Train (1033).jpg,Meningioma,224,224,RGB,8,3,0.0,255.0
Training/Glioma/BT-MRI GL Train  (26).jpg,Glioma,224,224,RGB,8,3,0.0,236.0
Training/Meningioma/BT-MRI  ME Train (1323).jpg,Meningioma,224,224,RGB,8,3,0.0,234.0
Training/No-tumor/BT-MRI NO Train (1035).jpg,No-tumor,224,224,RGB,8,3,0.0,251.0
Testing/Pituitary/BT-MRI PI Test (100).jpg,Pituitary,224,224,RGB,8,3,0.0,252.0
Training/Meningioma/BT-MRI  ME Train (332).jpg,Meningioma,224,224,RGB,8,3,0.0,242.0
Training/No-tumor/BT-MRI NO Train (1564).jpg,No-tumor,224,224,RGB,8,3,0.0,255.0
Training/Meningioma/BT-MRI  ME Train (72).jpg,Meningioma,224,224,RGB,8,3,0.0,243.0
Training/Pituitary/BT-MRI PI Train (1367).jpg,Pituitary,224,224,RGB,8,3,0.0,255.0
Testing/Glioma/BT-MRI Test GL (146).jpg,Glioma,224,224,RGB,8,3,0.0,220.0
Training/Glioma/BT-MRI GL Train  (984).jpg,Glioma,224,224,RGB,8,3,0.0,228.0
Training/Pituitary/BT-MRI PI Train (1435).jpg,Pituitary,224,224,RGB,8,3,0.0,237.0
Training/No-tumor/BT-MRI NO Train (895).jpg,No-tumor,224,224,RGB,8,3,0.0,255.0
Training/Pituitary/BT-MRI PI Train (1301).jpg,Pituitary,224,224,RGB,8,3,0.0,255.0
Training/No-tumor/BT-MRI NO Train (1202).jpg,No-tumor,224,224,RGB,8,3,0.0,255.0
Training/Glioma/BT-MRI GL Train  (731).jpg,Glioma,224,224,RGB,8,3,0.0,248.0
Training/No-tumor/BT-MRI NO Train (668).jpg,No-tumor,224,224,RGB,8,3,0.0,255.0
Training/Meningioma/BT-MRI  ME Train (942).jpg,Meningioma,224,224,RGB,8,3,0.0,246.0
Training/Meningioma/BT-MRI  ME Train (1111).jpg,Meningioma,224,224,RGB,8,3,0.0,244.0
Training/Meningioma/BT-MRI  ME Train (878).jpg,Meningioma,224,224,RGB,8,3,0.0,232.0
Testing/Glioma/BT-MRI Test GL (227).jpg,Glioma,224,224,RGB,8,3,0.0,253.0
Training/Glioma/BT-MRI GL Train  (959).jpg,Glioma,224,224,RGB,8,3,0.0,235.0
Training/No-tumor/BT-MRI NO Train (87).jpg,No-tumor,224,224,RGB,8,3,0.0,255.0
Training/Meningioma/BT-MRI  ME Train (721).jpg,Meningioma,224,224,RGB,8,3,0.0,255.0
Training/Pituitary/BT-MRI PI Train (573).jpg,Pituitary,224,224,RGB,8,3,0.0,251.0
Training/Pituitary/BT-MRI PI Train (411).jpg,Pituitary,224,224,RGB,8,3,0.0,245.0
Training/Glioma/BT-MRI GL Train  (2).jpg,Glioma,224,224,RGB,8,3,0.0,232.0
Training/No-tumor/BT-MRI NO Train (690).jpg,No-tumor,224,224,RGB,8,3,0.0,255.0
Testing/Pituitary/BT-MRI PI Test (144).jpg,Pituitary,224,224,RGB,8,3,0.0,252.0
Training/Meningioma/BT-MRI  ME Train (28).jpg,Meningioma,224,224,RGB,8,3,0.0,249.0
Training/Pituitary/BT-MRI PI Train (107).jpg,Pituitary,224,224,RGB,8,3,0.0,251.0
Training/No-tumor/BT-MRI NO Train (260).jpg,No-tumor,224,224,RGB,8,3,0.0,255.0
Training/No-tumor/BT-MRI NO Train (1156).jpg,No-tumor,224,224,RGB,8,3,0.0,228.0
Training/Pituitary/BT-MRI PI Train (1042).jpg,Pituitary,224,224,RGB,8,3,0.0,244.0
Testing/Glioma/BT-MRI Test GL (117).jpg,Glioma,224,224,RGB,8,3,0.0,233.0
Training/Pituitary/BT-MRI PI Train (652).jpg,Pituitary,224,224,RGB,8,3,0.0,244.0
Testing/No-tumor/BT-MRI NO Test (343).jpg,No-tumor,224,224,RGB,8,3,0.0,248.0
Testing/Glioma/BT-MRI Test GL (3).jpg,Glioma,224,224,RGB,8,3,0.0,206.0
Training/Glioma/BT-MRI GL Train  (1227).jpg,Glioma,224,224,RGB,8,3,0.0,254.0
Training/Glioma/BT-MRI GL Train  (541).jpg,Glioma,224,224,RGB,8,3,0.0,237.0
Training/Pituitary/BT-MRI PI Train (1343).jpg,Pituitary,224,224,RGB,8,3,0.0,251.0
Training/Meningioma/BT-MRI  ME Train (139).jpg,Meningioma,224,224,RGB,8,3,0.0,248.0
Training/Meningioma/BT-MRI  ME Train (335).jpg,Meningioma,224,224,RGB,8,3,0.0,241.0
Training/Pituitary/BT-MRI PI Train (1135).jpg,Pituitary,224,224,RGB,8,3,0.0,236.0
Testing/Pituitary/BT-MRI PI Test (192).jpg,Pituitary,224,224,RGB,8,3,0.0,252.0
Training/Meningioma/BT-MRI  ME Train (1162).jpg,Meningioma,224,224,RGB,8,3,0.0,242.0
Training/No-tumor/BT-MRI NO Train (1478).jpg,No-tumor,224,224,RGB,8,3,0.0,255.0
Training/Pituitary/BT-MRI PI Train (539).jpg,Pituitary,224,224,RGB,8,3,0.0,212.0
Training/Meningioma/BT-MRI  ME Train (973).jpg,Meningioma,224,224,RGB,8,3,0.0,255.0
Training/No-tumor/BT-MRI NO Train (906).jpg,No-tumor,224,224,RGB,8,3,0.0,255.0
Training/Glioma/BT-MRI GL Train  (677).jpg,Glioma,224,224,RGB,8,3,0.0,220.0
Testing/Pituitary/BT-MRI PI Test (300).jpg,Pituitary,224,224,RGB,8,3,0.0,242.0
Training/Glioma/BT-MRI GL Train  (639).jpg,Glioma,224,224,RGB,8,3,0.0,228.0
Training/Pituitary/BT-MRI PI Train (1215).jpg,Pituitary,224,224,RGB,8,3,0.0,236.0
Training/Glioma/BT-MRI GL Train  (892).jpg,Glioma,224,224,RGB,8,3,0.0,248.0
Training/No-tumor/BT-MRI NO Train (780).jpg,No-tumor,224,224,RGB,8,3,0.0,255.0
Training/Glioma/BT-MRI GL Train  (1306).jpg,Glioma,224,224,RGB,8,3,0.0,242.0
Training/No-tumor/BT-MRI NO Train (1070).jpg,No-tumor,224,224,RGB,8,3,0.0,222.0
Testing/No-tumor/BT-MRI NO Test (246).jpg,No-tumor,224,224,RGB,8,3,0.0,246.0
Training/Glioma/BT-MRI GL Train  (1092).jpg,Glioma,224,224,RGB,8,3,0.0,243.0
Testing/Pituitary/BT-MRI PI Test (61).jpg,Pituitary,224,224,RGB,8,3,0.0,245.0
Training/Glioma/BT-MRI GL Train  (214).jpg,Glioma,224,224,RGB,8,3,0.0,224.0
Testing/No-tumor/BT-MRI NO Test (290).jpg,No-tumor,224,224,RGB,8,3,0.0,255.0
Testing/Pituitary/BT-MRI PI Test (184).jpg,Pituitary,224,224,RGB,8,3,0.0,237.0
Training/No-tumor/BT-MRI NO Train (544).jpg,No-tumor,224,224,RGB,8,3,0.0,255.0
Training/Pituitary/BT-MRI PI Train (1308).jpg,Pituitary,224,224,RGB,8,3,0.0,255.0
Training/Pituitary/BT-MRI PI Train (443).jpg,Pituitary,224,224,RGB,8,3,0.0,255.0
Training/No-tumor/BT-MRI NO Train (1025).jpg,No-tumor,224,224,RGB,8,3,0.0,255.0
Testing/Glioma/BT-MRI Test GL (121).jpg,Glioma,224,224,RGB,8,3,0.0,239.0
Training/Pituitary/BT-MRI PI Train (1305).jpg,Pituitary,224,224,RGB,8,3,0.0,250.0
Testing/No-tumor/BT-MRI NO Test (180).jpg,No-tumor,224,224,RGB,8,3,0.0,255.0
Training/Meningioma/BT-MRI  ME Train (84).jpg,Meningioma,224,224,RGB,8,3,0.0,248.0
Training/No-tumor/BT-MRI NO Train (1384).jpg,No-tumor,224,224,RGB,8,3,0.0,255.0
Training/Pituitary/BT-MRI PI Train (840).jpg,Pituitary,224,224,RGB,8,3,0.0,254.0
Training/No-tumor/BT-MRI NO Train (777).jpg,No-tumor,224,224,RGB,8,3,0.0,255.0
Training/Glioma/BT-MRI GL Train  (64).jpg,Glioma,224,224,RGB,8,3,0.0,238.0
Training/Glioma/BT-MRI GL Train  (352).jpg,Glioma,224,224,RGB,8,3,0.0,244.0
Training/Glioma/BT-MRI GL Train  (1075).jpg,Glioma,224,224,RGB,8,3,0.0,246.0
Training/Meningioma/BT-MRI  ME Train (336).jpg,Meningioma,224,224,RGB,8,3,0.0,246.0
Training/Pituitary/BT-MRI PI Train (13).jpg,Pituitary,224,224,RGB,8,3,0.0,248.0
Testing/No-tumor/BT-MRI NO Test (215).jpg,No-tumor,224,224,RGB,8,3,0.0,255.0
Training/Pituitary/BT-MRI PI Train (721).jpg,Pituitary,224,224,RGB,8,3,0.0,255.0
Training/Glioma/BT-MRI GL Train  (1242).jpg,Glioma,224,224,RGB,8,3,0.0,235.0
Training/Pituitary/BT-MRI PI Train (1160).jpg,Pituitary,224,224,RGB,8,3,0.0,250.0
Training/Pituitary/BT-MRI PI Train (244).jpg,Pituitary,224,224,RGB,8,3,0.0,242.0
Training/Meningioma/BT-MRI  ME Train (1296).jpg,Meningioma,224,224,RGB,8,3,0.0,218.0
Testing/Glioma/BT-MRI Test GL (10).jpg,Glioma,224,224,RGB,8,3,0.0,219.0
Training/Pituitary/BT-MRI PI Train (667).jpg,Pituitary,224,224,RGB,8,3,0.0,254.0
Training/No-tumor/BT-MRI NO Train (901).jpg,No-tumor,224,224,RGB,8,3,0.0,250.0
Training/No-tumor/BT-MRI NO Train (1526).jpg,No-tumor,224,224,RGB,8,3,0.0,255.0
Training/Meningioma/BT-MRI  ME Train (767).jpg,Meningioma,224,224,RGB,8,3,0.0,254.0
Training/Pituitary/BT-MRI PI Train (1451).jpg,Pituitary,224,224,RGB,8,3,0.0,231.0
Training/Glioma/BT-MRI GL Train  (498).jpg,Glioma,224,224,RGB,8,3,0.0,225.0
Training/Meningioma/BT-MRI  ME Train (70).jpg,Meningioma,224,224,RGB,8,3,0.0,234.0
Training/No-tumor/BT-MRI NO Train (292).jpg,No-tumor,224,224,RGB,8,3,3.0,255.0
Training/Meningioma/BT-MRI  ME Train (485).jpg,Meningioma,224,224,RGB,8,3,0.0,246.0
Training/Glioma/BT-MRI GL Train  (874).jpg,Glioma,224,224,RGB,8,3,0.0,246.0
Training/Glioma/BT-MRI GL Train  (99).jpg,Glioma,224,224,RGB,8,3,0.0,240.0
Training/No-tumor/BT-MRI NO Train (1222).jpg,No-tumor,224,224,RGB,8,3,0.0,255.0
Training/Glioma/BT-MRI GL Train  (753).jpg,Glioma,224,224,RGB,8,3,0.0,241.0
Training/Meningioma/BT-MRI  ME Train (632).jpg,Meningioma,224,224,RGB,8,3,0.0,251.0
Training/Pituitary/BT-MRI PI Train (1127).jpg,Pituitary,224,224,RGB,8,3,0.0,240.0
Training/No-tumor/BT-MRI NO Train (197).jpg,No-tumor,224,224,RGB,8,3,0.0,195.0
Training/Glioma/BT-MRI GL Train  (504).jpg,Glioma,224,224,RGB,8,3,0.0,238.0
Training/No-tumor/BT-MRI NO Train (1463).jpg,No-tumor,224,224,RGB,8,3,0.0,255.0
Training/Glioma/BT-MRI GL Train  (477).jpg,Glioma,224,224,RGB,8,3,0.0,232.0
Training/Pituitary/BT-MRI PI Train (335).jpg,Pituitary,224,224,RGB,8,3,0.0,255.0
Training/No-tumor/BT-MRI NO Train (574).jpg,No-tumor,224,224,RGB,8,3,0.0,255.0
Training/Pituitary/BT-MRI PI Train (1348).jpg,Pituitary,224,224,RGB,8,3,0.0,253.0
Training/Pituitary/BT-MRI PI Train (1414).jpg,Pituitary,224,224,RGB,8,3,0.0,255.0
Training/Glioma/BT-MRI GL Train  (494).jpg,Glioma,224,224,RGB,8,3,0.0,250.0
Testing/Glioma/BT-MRI Test GL (92).jpg,Glioma,224,224,RGB,8,3,0.0,244.0
Training/Meningioma/BT-MRI  ME Train (25).jpg,Meningioma,224,224,RGB,8,3,0.0,247.0
Training/No-tumor/BT-MRI NO Train (536).jpg,No-tumor,224,224,RGB,8,3,0.0,255.0
Training/No-tumor/BT-MRI NO Train (73).jpg,No-tumor,224,224,RGB,8,3,0.0,255.0
Training/Meningioma/BT-MRI  ME Train (346).jpg,Meningioma,224,224,RGB,8,3,0.0,249.0
Training/Glioma/BT-MRI GL Train  (1269).jpg,Glioma,224,224,RGB,8,3,0.0,241.0
Training/Pituitary/BT-MRI PI Train (39).jpg,Pituitary,224,224,RGB,8,3,0.0,255.0
Training/Meningioma/BT-MRI  ME Train (36).jpg,Meningioma,224,224,RGB,8,3,0.0,243.0
Testing/Glioma/BT-MRI Test GL (156).jpg,Glioma,224,224,RGB,8,3,0.0,227.0
Testing/Glioma/BT-MRI Test GL (200).jpg,Glioma,224,224,RGB,8,3,0.0,240.0
Training/No-tumor/BT-MRI NO Train (1516).jpg,No-tumor,224,224,RGB,8,3,1.0,255.0
Training/Pituitary/BT-MRI PI Train (797).jpg,Pituitary,224,224,RGB,8,3,0.0,245.0
Training/Pituitary/BT-MRI PI Train (743).jpg,Pituitary,224,224,RGB,8,3,0.0,244.0
Training/Meningioma/BT-MRI  ME Train (1157).jpg,Meningioma,224,224,RGB,8,3,0.0,247.0
Training/Glioma/BT-MRI GL Train  (704).jpg,Glioma,224,224,RGB,8,3,0.0,244.0
Training/Glioma/BT-MRI GL Train  (1078).jpg,Glioma,224,224,RGB,8,3,0.0,253.0
Training/Meningioma/BT-MRI  ME Train (481).jpg,Meningioma,224,224,RGB,8,3,0.0,254.0
Training/Pituitary/BT-MRI PI Train (402).jpg,Pituitary,224,224,RGB,8,3,0.0,232.0
Training/No-tumor/BT-MRI NO Train (1282).jpg,No-tumor,224,224,RGB,8,3,0.0,255.0
Training/Pituitary/BT-MRI PI Train (1373).jpg,Pituitary,224,224,RGB,8,3,0.0,252.0
Training/No-tumor/BT-MRI NO Train (860).jpg,No-tumor,224,224,RGB,8,3,0.0,255.0
Testing/Meningioma/BT-MRI ME Test (154).jpg,Meningioma,224,224,RGB,8,3,0.0,252.0
Training/No-tumor/BT-MRI NO Train (379).jpg,No-tumor,224,224,RGB,8,3,0.0,238.0
Training/Pituitary/BT-MRI PI Train (1131).jpg,Pituitary,224,224,RGB,8,3,0.0,221.0
Training/No-tumor/BT-MRI NO Train (1556).jpg,No-tumor,224,224,RGB,8,3,0.0,255.0
Training/Meningioma/BT-MRI  ME Train (331).jpg,Meningioma,224,224,RGB,8,3,0.0,234.0
Training/No-tumor/BT-MRI NO Train (1260).jpg,No-tumor,224,224,RGB,8,3,0.0,255.0
Training/Glioma/BT-MRI GL Train  (947).jpg,Glioma,224,224,RGB,8,3,0.0,250.0
Training/No-tumor/BT-MRI NO Train (616).jpg,No-tumor,224,224,RGB,8,3,0.0,255.0
Training/Glioma/BT-MRI GL Train  (286).jpg,Glioma,224,224,RGB,8,3,0.0,217.0
Training/No-tumor/BT-MRI NO Train (1166).jpg,No-tumor,224,224,RGB,8,3,0.0,248.0
Training/Glioma/BT-MRI GL Train  (205).jpg,Glioma,224,224,RGB,8,3,0.0,222.0
Training/Glioma/BT-MRI GL Train  (575).jpg,Glioma,224,224,RGB,8,3,0.0,251.0
Training/Pituitary/BT-MRI PI Train (661).jpg,Pituitary,224,224,RGB,8,3,0.0,233.0
Training/Pituitary/BT-MRI PI Train (985).jpg,Pituitary,224,224,RGB,8,3,0.0,242.0
Training/Glioma/BT-MRI GL Train  (555).jpg,Glioma,224,224,RGB,8,3,0.0,245.0
Testing/Pituitary/BT-MRI PI Test (95).jpg,Pituitary,224,224,RGB,8,3,0.0,245.0
Training/Meningioma/BT-MRI  ME Train (1236).jpg,Meningioma,224,224,RGB,8,3,0.0,251.0
Training/Glioma/BT-MRI GL Train  (413).jpg,Glioma,224,224,RGB,8,3,0.0,237.0
Training/Glioma/BT-MRI GL Train  (109).jpg,Glioma,224,224,RGB,8,3,0.0,242.0
Training/Meningioma/BT-MRI  ME Train (351).jpg,Meningioma,224,224,RGB,8,3,0.0,255.0
Training/Meningioma/BT-MRI  ME Train (847).jpg,Meningioma,224,224,RGB,8,3,0.0,226.0
Training/Glioma/BT-MRI GL Train  (1058).jpg,Glioma,224,224,RGB,8,3,0.0,229.0
Training/Pituitary/BT-MRI PI Train (455).jpg,Pituitary,224,224,RGB,8,3,0.0,252.0
Testing/Glioma/BT-MRI Test GL (184).jpg,Glioma,224,224,RGB,8,3,0.0,248.0
Training/Glioma/BT-MRI GL Train  (858).jpg,Glioma,224,224,RGB,8,3,0.0,226.0
Training/Meningioma/BT-MRI  ME Train (406).jpg,Meningioma,224,224,RGB,8,3,0.0,238.0
Training/Glioma/BT-MRI GL Train  (588).jpg,Glioma,224,224,RGB,8,3,0.0,222.0
Testing/No-tumor/BT-MRI NO Test (112).jpg,No-tumor,224,224,RGB,8,3,0.0,247.0
Training/Glioma/BT-MRI GL Train  (871).jpg,Glioma,224,224,RGB,8,3,0.0,208.0
Training/Pituitary/BT-MRI PI Train (584).jpg,Pituitary,224,224,RGB,8,3,0.0,252.0
Training/Pituitary/BT-MRI PI Train (872).jpg,Pituitary,224,224,RGB,8,3,0.0,249.0
Training/Pituitary/BT-MRI PI Train (1366).jpg,Pituitary,224,224,RGB,8,3,0.0,246.0
Training/Meningioma/BT-MRI  ME Train (468).jpg,Meningioma,224,224,RGB,8,3,0.0,251.0
Training/Meningioma/BT-MRI  ME Train (1206).jpg,Meningioma,224,224,RGB,8,3,0.0,243.0
Testing/Glioma/BT-MRI Test GL (122).jpg,Glioma,224,224,RGB,8,3,0.0,239.0
Training/Meningioma/BT-MRI  ME Train (1297).jpg,Meningioma,224,224,RGB,8,3,0.0,225.0
Training/Glioma/BT-MRI GL Train  (1170).jpg,Glioma,224,224,RGB,8,3,0.0,238.0
Training/No-tumor/BT-MRI NO Train (1400).jpg,No-tumor,224,224,RGB,8,3,0.0,255.0
Training/Pituitary/BT-MRI PI Train (523).jpg,Pituitary,224,224,RGB,8,3,0.0,244.0
Training/Glioma/BT-MRI GL Train  (925).jpg,Glioma,224,224,RGB,8,3,0.0,245.0
Training/No-tumor/BT-MRI NO Train (594).jpg,No-tumor,224,224,RGB,8,3,0.0,255.0
Training/Meningioma/BT-MRI  ME Train (282).jpg,Meningioma,224,224,RGB,8,3,0.0,250.0
Training/Pituitary/BT-MRI PI Train (519).jpg,Pituitary,224,224,RGB,8,3,0.0,237.0
Training/Pituitary/BT-MRI PI Train (1282).jpg,Pituitary,224,224,RGB,8,3,0.0,251.0
Training/Glioma/BT-MRI GL Train  (410).jpg,Glioma,224,224,RGB,8,3,0.0,234.0
Training/Glioma/BT-MRI GL Train  (1178).jpg,Glioma,224,224,RGB,8,3,0.0,251.0
Testing/Meningioma/BT-MRI ME Test (135).jpg,Meningioma,224,224,RGB,8,3,0.0,247.0
Training/Pituitary/BT-MRI PI Train (1258).jpg,Pituitary,224,224,RGB,8,3,0.0,244.0
Training/Meningioma/BT-MRI  ME Train (408).jpg,Meningioma,224,224,RGB,8,3,0.0,255.0
Training/Glioma/BT-MRI GL Train  (1249).jpg,Glioma,224,224,RGB,8,3,0.0,243.0
Training/Pituitary/BT-MRI PI Train (503).jpg,Pituitary,224,224,RGB,8,3,0.0,209.0
Training/Pituitary/BT-MRI PI Train (1000).jpg,Pituitary,224,224,RGB,8,3,0.0,244.0
Training/Pituitary/BT-MRI PI Train (1077).jpg,Pituitary,224,224,RGB,8,3,0.0,244.0
Training/Pituitary/BT-MRI PI Train (1409).jpg,Pituitary,224,224,RGB,8,3,0.0,243.0
Training/Meningioma/BT-MRI  ME Train (149).jpg,Meningioma,224,224,RGB,8,3,0.0,241.0
Training/Meningioma/BT-MRI  ME Train (619).jpg,Meningioma,224,224,RGB,8,3,0.0,255.0
Training/No-tumor/BT-MRI NO Train (201).jpg,No-tumor,224,224,RGB,8,3,0.0,249.0
Training/Glioma/BT-MRI GL Train  (290).jpg,Glioma,224,224,RGB,8,3,0.0,204.0
Training/No-tumor/BT-MRI NO Train (1217).jpg,No-tumor,224,224,RGB,8,3,0.0,255.0
Training/Pituitary/BT-MRI PI Train (304).jpg,Pituitary,224,224,RGB,8,3,0.0,248.0
Training/Glioma/BT-MRI GL Train  (188).jpg,Glioma,224,224,RGB,8,3,0.0,228.0
Training/No-tumor/BT-MRI NO Train (107).jpg,No-tumor,224,224,RGB,8,3,0.0,255.0
Training/Meningioma/BT-MRI  ME Train (814).jpg,Meningioma,224,224,RGB,8,3,0.0,227.0
Training/No-tumor/BT-MRI NO Train (330).jpg,No-tumor,224,224,RGB,8,3,0.0,255.0
Training/No-tumor/BT-MRI NO Train (882).jpg,No-tumor,224,224,RGB,8,3,0.0,255.0
Training/Glioma/BT-MRI GL Train  (348).jpg,Glioma,224,224,RGB,8,3,0.0,241.0
Testing/Glioma/BT-MRI Test GL (294).jpg,Glioma,224,224,RGB,8,3,0.0,228.0
Training/No-tumor/BT-MRI NO Train (192).jpg,No-tumor,224,224,RGB,8,3,0.0,255.0
Training/Pituitary/BT-MRI PI Train (414).jpg,Pituitary,224,224,RGB,8,3,0.0,252.0
Training/Glioma/BT-MRI GL Train  (754).jpg,Glioma,224,224,RGB,8,3,0.0,228.0
Testing/No-tumor/BT-MRI NO Test (305).jpg,No-tumor,224,224,RGB,8,3,0.0,255.0
Training/Pituitary/BT-MRI PI Train (384).jpg,Pituitary,224,224,RGB,8,3,0.0,255.0
Testing/Meningioma/BT-MRI ME Test (219).jpg,Meningioma,224,224,RGB,8,3,0.0,255.0
Training/Meningioma/BT-MRI  ME Train (154).jpg,Meningioma,224,224,RGB,8,3,0.0,236.0
Training/Glioma/BT-MRI GL Train  (609).jpg,Glioma,224,224,RGB,8,3,0.0,235.0
Training/Meningioma/BT-MRI  ME Train (274).jpg,Meningioma,224,224,RGB,8,3,0.0,255.0
Training/Glioma/BT-MRI GL Train  (496).jpg,Glioma,224,224,RGB,8,3,0.0,235.0
Training/Glioma/BT-MRI GL Train  (298).jpg,Glioma,224,224,RGB,8,3,0.0,236.0
Training/No-tumor/BT-MRI NO Train (1042).jpg,No-tumor,224,224,RGB,8,3,0.0,255.0
Training/Glioma/BT-MRI GL Train  (807).jpg,Glioma,224,224,RGB,8,3,0.0,229.0
Training/No-tumor/BT-MRI NO Train (1263).jpg,No-tumor,224,224,RGB,8,3,0.0,255.0
Training/Glioma/BT-MRI GL Train  (613).jpg,Glioma,224,224,RGB,8,3,0.0,244.0
Training/No-tumor/BT-MRI NO Train (422).jpg,No-tumor,224,224,RGB,8,3,0.0,248.0
Training/Glioma/BT-MRI GL Train  (610).jpg,Glioma,224,224,RGB,8,3,0.0,239.0
Training/Glioma/BT-MRI GL Train  (265).jpg,Glioma,224,224,RGB,8,3,0.0,224.0
Training/Meningioma/BT-MRI  ME Train (1198).jpg,Meningioma,224,224,RGB,8,3,0.0,246.0
Training/Pituitary/BT-MRI PI Train (1094).jpg,Pituitary,224,224,RGB,8,3,0.0,208.0
Training/Pituitary/BT-MRI PI Train (1372).jpg,Pituitary,224,224,RGB,8,3,0.0,253.0
Testing/Pituitary/BT-MRI PI Test (133).jpg,Pituitary,224,224,RGB,8,3,0.0,255.0
Training/No-tumor/BT-MRI NO Train (692).jpg,No-tumor,224,224,RGB,8,3,0.0,255.0
Training/Glioma/BT-MRI GL Train  (787).jpg,Glioma,224,224,RGB,8,3,0.0,239.0
Training/Meningioma/BT-MRI  ME Train (298).jpg,Meningioma,224,224,RGB,8,3,0.0,240.0
Testing/Pituitary/BT-MRI PI Test (248).jpg,Pituitary,224,224,RGB,8,3,0.0,255.0
Training/Meningioma/BT-MRI  ME Train (390).jpg,Meningioma,224,224,RGB,8,3,0.0,243.0
Training/No-tumor/BT-MRI NO Train (339).jpg,No-tumor,224,224,RGB,8,3,0.0,255.0
Training/Pituitary/BT-MRI PI Train (737).jpg,Pituitary,224,224,RGB,8,3,0.0,251.0
Testing/Glioma/BT-MRI Test GL (56).jpg,Glioma,224,224,RGB,8,3,0.0,247.0
Training/Pituitary/BT-MRI PI Train (849).jpg,Pituitary,224,224,RGB,8,3,0.0,252.0
Training/Pituitary/BT-MRI PI Train (8).jpg,Pituitary,224,224,RGB,8,3,0.0,241.0
Training/No-tumor/BT-MRI NO Train (578).jpg,No-tumor,224,224,RGB,8,3,0.0,255.0
Testing/No-tumor/BT-MRI NO Test (234).jpg,No-tumor,224,224,RGB,8,3,0.0,254.0
Training/No-tumor/BT-MRI NO Train (523).jpg,No-tumor,224,224,RGB,8,3,0.0,255.0
Testing/No-tumor/BT-MRI NO Test (164).jpg,No-tumor,224,224,RGB,8,3,0.0,252.0
Training/Meningioma/BT-MRI  ME Train (1037).jpg,Meningioma,224,224,RGB,8,3,0.0,250.0
Training/No-tumor/BT-MRI NO Train (409).jpg,No-tumor,224,224,RGB,8,3,0.0,255.0
Training/Meningioma/BT-MRI  ME Train (541).jpg,Meningioma,224,224,RGB,8,3,0.0,253.0
Training/Glioma/BT-MRI GL Train  (434).jpg,Glioma,224,224,RGB,8,3,0.0,222.0
Training/No-tumor/BT-MRI NO Train (599).jpg,No-tumor,224,224,RGB,8,3,0.0,177.0
Training/Pituitary/BT-MRI PI Train (1132).jpg,Pituitary,224,224,RGB,8,3,0.0,249.0
Training/Pituitary/BT-MRI PI Train (664).jpg,Pituitary,224,224,RGB,8,3,0.0,233.0
Testing/No-tumor/BT-MRI NO Test (181).jpg,No-tumor,224,224,RGB,8,3,0.0,255.0
Training/Pituitary/BT-MRI PI Train (690).jpg,Pituitary,224,224,RGB,8,3,0.0,250.0
Training/Pituitary/BT-MRI PI Train (488).jpg,Pituitary,224,224,RGB,8,3,0.0,239.0
Training/Glioma/BT-MRI GL Train  (1259).jpg,Glioma,224,224,RGB,8,3,0.0,253.0
Training/Meningioma/BT-MRI  ME Train (1309).jpg,Meningioma,224,224,RGB,8,3,0.0,242.0
Training/No-tumor/BT-MRI NO Train (1030).jpg,No-tumor,224,224,RGB,8,3,0.0,255.0
Training/No-tumor/BT-MRI NO Train (241).jpg,No-tumor,224,224,RGB,8,3,14.0,255.0
Training/No-tumor/BT-MRI NO Train (785).jpg,No-tumor,224,224,RGB,8,3,0.0,255.0
Training/Pituitary/BT-MRI PI Train (382).jpg,Pituitary,224,224,RGB,8,3,0.0,254.0
Testing/Meningioma/BT-MRI ME Test (166).jpg,Meningioma,224,224,RGB,8,3,0.0,250.0
Training/Pituitary/BT-MRI PI Train (893).jpg,Pituitary,224,224,RGB,8,3,0.0,255.0
Training/No-tumor/BT-MRI NO Train (560).jpg,No-tumor,224,224,RGB,8,3,0.0,243.0
Training/No-tumor/BT-MRI NO Train (827).jpg,No-tumor,224,224,RGB,8,3,0.0,255.0
Training/Pituitary/BT-MRI PI Train (1170).jpg,Pituitary,224,224,RGB,8,3,0.0,238.0
Testing/No-tumor/BT-MRI NO Test (117).jpg,No-tumor,224,224,RGB,8,3,0.0,239.0
Training/Pituitary/BT-MRI PI Train (266).jpg,Pituitary,224,224,RGB,8,3,0.0,250.0
Training/No-tumor/BT-MRI NO Train (1044).jpg,No-tumor,224,224,RGB,8,3,0.0,137.0
Training/Glioma/BT-MRI GL Train  (115).jpg,Glioma,224,224,RGB,8,3,0.0,239.0
Testing/Glioma/BT-MRI Test GL (13).jpg,Glioma,224,224,RGB,8,3,0.0,213.0
Training/Meningioma/BT-MRI  ME Train (358).jpg,Meningioma,224,224,RGB,8,3,11.0,255.0
Training/Pituitary/BT-MRI PI Train (1117).jpg,Pituitary,224,224,RGB,8,3,0.0,228.0
Training/No-tumor/BT-MRI NO Train (145).jpg,No-tumor,224,224,RGB,8,3,0.0,255.0
Testing/Meningioma/BT-MRI ME Test (268).jpg,Meningioma,224,224,RGB,8,3,0.0,254.0
Training/Pituitary/BT-MRI PI Train (491).jpg,Pituitary,224,224,RGB,8,3,0.0,238.0
Training/Meningioma/BT-MRI  ME Train (1305).jpg,Meningioma,224,224,RGB,8,3,0.0,246.0
Training/No-tumor/BT-MRI NO Train (336).jpg,No-tumor,224,224,RGB,8,3,0.0,255.0
Training/Pituitary/BT-MRI PI Train (1130).jpg,Pituitary,224,224,RGB,8,3,0.0,243.0
Training/Pituitary/BT-MRI PI Train (514).jpg,Pituitary,224,224,RGB,8,3,0.0,255.0
Training/No-tumor/BT-MRI NO Train (838).jpg,No-tumor,224,224,RGB,8,3,0.0,255.0
Training/Meningioma/BT-MRI  ME Train (123).jpg,Meningioma,224,224,RGB,8,3,0.0,253.0
Training/No-tumor/BT-MRI NO Train (819).jpg,No-tumor,224,224,RGB,8,3,0.0,255.0
Training/Pituitary/BT-MRI PI Train (975).jpg,Pituitary,224,224,RGB,8,3,0.0,254.0
Training/No-tumor/BT-MRI NO Train (1590).jpg,No-tumor,224,224,RGB,8,3,1.0,255.0
Testing/No-tumor/BT-MRI NO Test (292).jpg,No-tumor,224,224,RGB,8,3,0.0,255.0
Training/Glioma/BT-MRI GL Train  (1073).jpg,Glioma,224,224,RGB,8,3,0.0,246.0
Training/No-tumor/BT-MRI NO Train (552).jpg,No-tumor,224,224,RGB,8,3,0.0,255.0
Training/Glioma/BT-MRI GL Train  (1293).jpg,Glioma,224,224,RGB,8,3,0.0,240.0
Training/No-tumor/BT-MRI NO Train (1255).jpg,No-tumor,224,224,RGB,8,3,0.0,255.0
Training/Pituitary/BT-MRI PI Train (568).jpg,Pituitary,224,224,RGB,8,3,0.0,226.0
Training/Glioma/BT-MRI GL Train  (475).jpg,Glioma,224,224,RGB,8,3,0.0,246.0
Testing/No-tumor/BT-MRI NO Test (199).jpg,No-tumor,224,224,RGB,8,3,0.0,255.0
Training/Pituitary/BT-MRI PI Train (1214).jpg,Pituitary,224,224,RGB,8,3,0.0,231.0
Training/Meningioma/BT-MRI  ME Train (905).jpg,Meningioma,224,224,RGB,8,3,0.0,250.0
Training/Pituitary/BT-MRI PI Train (332).jpg,Pituitary,224,224,RGB,8,3,0.0,231.0
Training/Meningioma/BT-MRI  ME Train (643).jpg,Meningioma,224,224,RGB,8,3,0.0,255.0
Training/No-tumor/BT-MRI NO Train (1547).jpg,No-tumor,224,224,RGB,8,3,0.0,255.0
Training/Glioma/BT-MRI GL Train  (548).jpg,Glioma,224,224,RGB,8,3,0.0,235.0
Testing/No-tumor/BT-MRI NO Test (321).jpg,No-tumor,224,224,RGB,8,3,0.0,247.0
Training/Pituitary/BT-MRI PI Train (1423).jpg,Pituitary,224,224,RGB,8,3,0.0,255.0
Training/Meningioma/BT-MRI  ME Train (1235).jpg,Meningioma,224,224,RGB,8,3,0.0,249.0
Training/Glioma/BT-MRI GL Train  (301).jpg,Glioma,224,224,RGB,8,3,0.0,248.0
Training/No-tumor/BT-MRI NO Train (939).jpg,No-tumor,224,224,RGB,8,3,0.0,253.0
Training/Pituitary/BT-MRI PI Train (911).jpg,Pituitary,224,224,RGB,8,3,0.0,232.0
Training/No-tumor/BT-MRI NO Train (346).jpg,No-tumor,224,224,RGB,8,3,0.0,210.0
Training/Glioma/BT-MRI GL Train  (1265).jpg,Glioma,224,224,RGB,8,3,0.0,244.0
Training/Meningioma/BT-MRI  ME Train (1168).jpg,Meningioma,224,224,RGB,8,3,0.0,247.0
Training/Pituitary/BT-MRI PI Train (108).jpg,Pituitary,224,224,RGB,8,3,0.0,241.0
Training/Pituitary/BT-MRI PI Train (888).jpg,Pituitary,224,224,RGB,8,3,0.0,247.0
Testing/Pituitary/BT-MRI PI Test (151).jpg,Pituitary,224,224,RGB,8,3,0.0,248.0
Training/Pituitary/BT-MRI PI Train (547).jpg,Pituitary,224,224,RGB,8,3,0.0,209.0
Training/Pituitary/BT-MRI PI Train (469).jpg,Pituitary,224,224,RGB,8,3,0.0,232.0
Training/Meningioma/BT-MRI  ME Train (885).jpg,Meningioma,224,224,RGB,8,3,0.0,246.0
Training/Meningioma/BT-MRI  ME Train (864).jpg,Meningioma,224,224,RGB,8,3,0.0,244.0
Testing/No-tumor/BT-MRI NO Test (232).jpg,No-tumor,224,224,RGB,8,3,0.0,255.0
Training/Pituitary/BT-MRI PI Train (1068).jpg,Pituitary,224,224,RGB,8,3,0.0,227.0
Training/No-tumor/BT-MRI NO Train (784).jpg,No-tumor,224,224,RGB,8,3,0.0,255.0
Training/No-tumor/BT-MRI NO Train (886).jpg,No-tumor,224,224,RGB,8,3,0.0,255.0
Training/Glioma/BT-MRI GL Train  (1113).jpg,Glioma,224,224,RGB,8,3,0.0,253.0
Training/Glioma/BT-MRI GL Train  (771).jpg,Glioma,224,224,RGB,8,3,0.0,235.0
Training/No-tumor/BT-MRI NO Train (852).jpg,No-tumor,224,224,RGB,8,3,0.0,255.0
Testing/No-tumor/BT-MRI NO Test (355).jpg,No-tumor,224,224,RGB,8,3,0.0,255.0
Training/Pituitary/BT-MRI PI Train (1311).jpg,Pituitary,224,224,RGB,8,3,0.0,218.0
Training/Pituitary/BT-MRI PI Train (253).jpg,Pituitary,224,224,RGB,8,3,0.0,255.0
Training/Meningioma/BT-MRI  ME Train (569).jpg,Meningioma,224,224,RGB,8,3,0.0,243.0
Training/Pituitary/BT-MRI PI Train (397).jpg,Pituitary,224,224,RGB,8,3,0.0,255.0
Training/Pituitary/BT-MRI PI Train (361).jpg,Pituitary,224,224,RGB,8,3,0.0,248.0
Training/Glioma/BT-MRI GL Train  (748).jpg,Glioma,224,224,RGB,8,3,0.0,235.0
Training/Glioma/BT-MRI GL Train  (716).jpg,Glioma,224,224,RGB,8,3,0.0,247.0
Training/Meningioma/BT-MRI  ME Train (320).jpg,Meningioma,224,224,RGB,8,3,0.0,245.0
Training/Meningioma/BT-MRI  ME Train (937).jpg,Meningioma,224,224,RGB,8,3,0.0,242.0
Testing/No-tumor/BT-MRI NO Test (344).jpg,No-tumor,224,224,RGB,8,3,0.0,255.0
Training/No-tumor/BT-MRI NO Train (534).jpg,No-tumor,224,224,RGB,8,3,0.0,255.0
Training/Meningioma/BT-MRI  ME Train (35).jpg,Meningioma,224,224,RGB,8,3,0.0,246.0
Training/No-tumor/BT-MRI NO Train (1395).jpg,No-tumor,224,224,RGB,8,3,0.0,255.0
Training/Pituitary/BT-MRI PI Train (1020).jpg,Pituitary,224,224,RGB,8,3,0.0,255.0
Training/No-tumor/BT-MRI NO Train (1504).jpg,No-tumor,224,224,RGB,8,3,0.0,255.0
Training/No-tumor/BT-MRI NO Train (1061).jpg,No-tumor,224,224,RGB,8,3,0.0,255.0
Training/Pituitary/BT-MRI PI Train (235).jpg,Pituitary,224,224,RGB,8,3,0.0,238.0
Training/Glioma/BT-MRI GL Train  (718).jpg,Glioma,224,224,RGB,8,3,0.0,244.0
Training/Pituitary/BT-MRI PI Train (1220).jpg,Pituitary,224,224,RGB,8,3,0.0,242.0
Training/No-tumor/BT-MRI NO Train (1350).jpg,No-tumor,224,224,RGB,8,3,0.0,255.0
Training/No-tumor/BT-MRI NO Train (1292).jpg,No-tumor,224,224,RGB,8,3,0.0,255.0
Training/Pituitary/BT-MRI PI Train (817).jpg,Pituitary,224,224,RGB,8,3,0.0,250.0
Training/Meningioma/BT-MRI  ME Train (1242).jpg,Meningioma,224,224,RGB,8,3,0.0,243.0
Testing/No-tumor/BT-MRI NO Test (203).jpg,No-tumor,224,224,RGB,8,3,0.0,255.0
Training/Glioma/BT-MRI GL Train  (399).jpg,Glioma,224,224,RGB,8,3,0.0,236.0
Training/Meningioma/BT-MRI  ME Train (636).jpg,Meningioma,224,224,RGB,8,3,0.0,253.0
Training/Meningioma/BT-MRI  ME Train (519).jpg,Meningioma,224,224,RGB,8,3,0.0,245.0
Training/No-tumor/BT-MRI NO Train (1005).jpg,No-tumor,224,224,RGB,8,3,0.0,255.0
Training/No-tumor/BT-MRI NO Train (51).jpg,No-tumor,224,224,RGB,8,3,0.0,255.0
Training/Meningioma/BT-MRI  ME Train (144).jpg,Meningioma,224,224,RGB,8,3,0.0,241.0
Testing/Glioma/BT-MRI Test GL (136).jpg,Glioma,224,224,RGB,8,3,0.0,232.0
Training/Glioma/BT-MRI GL Train  (177).jpg,Glioma,224,224,RGB,8,3,0.0,243.0
Testing/Pituitary/BT-MRI PI Test (274).jpg,Pituitary,224,224,RGB,8,3,0.0,235.0
Testing/No-tumor/BT-MRI NO Test (350).jpg,No-tumor,224,224,RGB,8,3,0.0,233.0
Training/Glioma/BT-MRI GL Train  (1237).jpg,Glioma,224,224,RGB,8,3,0.0,239.0
Training/Glioma/BT-MRI GL Train  (987).jpg,Glioma,224,224,RGB,8,3,0.0,232.0
Training/Meningioma/BT-MRI  ME Train (728).jpg,Meningioma,224,224,RGB,8,3,0.0,242.0
Training/Glioma/BT-MRI GL Train  (112).jpg,Glioma,224,224,RGB,8,3,0.0,248.0
Training/Pituitary/BT-MRI PI Train (941).jpg,Pituitary,224,224,RGB,8,3,0.0,239.0
Training/Pituitary/BT-MRI PI Train (196).jpg,Pituitary,224,224,RGB,8,3,0.0,246.0
Testing/No-tumor/BT-MRI NO Test (286).jpg,No-tumor,224,224,RGB,8,3,0.0,255.0
Training/Meningioma/BT-MRI  ME Train (270).jpg,Meningioma,224,224,RGB,8,3,0.0,255.0
Training/Pituitary/BT-MRI PI Train (969).jpg,Pituitary,224,224,RGB,8,3,0.0,247.0
Training/Glioma/BT-MRI GL Train  (1210).jpg,Glioma,224,224,RGB,8,3,0.0,243.0
Training/Meningioma/BT-MRI  ME Train (1121).jpg,Meningioma,224,224,RGB,8,3,0.0,255.0
Training/Pituitary/BT-MRI PI Train (28).jpg,Pituitary,224,224,RGB,8,3,0.0,255.0
Training/Pituitary/BT-MRI PI Train (537).jpg,Pituitary,224,224,RGB,8,3,0.0,255.0
Training/Glioma/BT-MRI GL Train  (648).jpg,Glioma,224,224,RGB,8,3,0.0,230.0
Training/Meningioma/BT-MRI  ME Train (1094).jpg,Meningioma,224,224,RGB,8,3,0.0,241.0
Training/Glioma/BT-MRI GL Train  (562).jpg,Glioma,224,224,RGB,8,3,0.0,239.0
Training/No-tumor/BT-MRI NO Train (10).jpg,No-tumor,224,224,RGB,8,3,2.0,255.0
Training/Pituitary/BT-MRI PI Train (1454).jpg,Pituitary,224,224,RGB,8,3,0.0,242.0
Testing/Pituitary/BT-MRI PI Test (97).jpg,Pituitary,224,224,RGB,8,3,0.0,247.0
Training/No-tumor/BT-MRI NO Train (1054).jpg,No-tumor,224,224,RGB,8,3,0.0,255.0
Training/No-tumor/BT-MRI NO Train (1073).jpg,No-tumor,224,224,RGB,8,3,0.0,250.0
Training/Glioma/BT-MRI GL Train  (389).jpg,Glioma,224,224,RGB,8,3,0.0,244.0
Testing/No-tumor/BT-MRI NO Test (111).jpg,No-tumor,224,224,RGB,8,3,0.0,255.0
Training/Pituitary/BT-MRI PI Train (1347).jpg,Pituitary,224,224,RGB,8,3,0.0,241.0
Training/Pituitary/BT-MRI PI Train (1005).jpg,Pituitary,224,224,RGB,8,3,0.0,246.0
Training/No-tumor/BT-MRI NO Train (1285).jpg,No-tumor,224,224,RGB,8,3,0.0,255.0
Training/Pituitary/BT-MRI PI Train (919).jpg,Pituitary,224,224,RGB,8,3,0.0,238.0
Training/Meningioma/BT-MRI  ME Train (497).jpg,Meningioma,224,224,RGB,8,3,0.0,248.0
Training/Pituitary/BT-MRI PI Train (401).jpg,Pituitary,224,224,RGB,8,3,0.0,243.0
Training/No-tumor/BT-MRI NO Train (792).jpg,No-tumor,224,224,RGB,8,3,0.0,255.0
Training/No-tumor/BT-MRI NO Train (728).jpg,No-tumor,224,224,RGB,8,3,0.0,255.0
Training/Pituitary/BT-MRI PI Train (54).jpg,Pituitary,224,224,RGB,8,3,0.0,252.0
Training/Pituitary/BT-MRI PI Train (257).jpg,Pituitary,224,224,RGB,8,3,0.0,231.0
Testing/No-tumor/BT-MRI NO Test (141).jpg,No-tumor,224,224,RGB,8,3,0.0,255.0
Training/No-tumor/BT-MRI NO Train (40).jpg,No-tumor,224,224,RGB,8,3,0.0,255.0
Training/No-tumor/BT-MRI NO Train (437).jpg,No-tumor,224,224,RGB,8,3,0.0,224.0
Training/Glioma/BT-MRI GL Train  (307).jpg,Glioma,224,224,RGB,8,3,0.0,241.0
Testing/No-tumor/BT-MRI NO Test (338).jpg,No-tumor,224,224,RGB,8,3,0.0,251.0
Training/Meningioma/BT-MRI  ME Train (127).jpg,Meningioma,224,224,RGB,8,3,0.0,255.0
Training/Glioma/BT-MRI GL Train  (893).jpg,Glioma,224,224,RGB,8,3,0.0,243.0
Training/No-tumor/BT-MRI NO Train (605).jpg,No-tumor,224,224,RGB,8,3,0.0,224.0
Training/Glioma/BT-MRI GL Train  (1276).jpg,Glioma,224,224,RGB,8,3,0.0,239.0
Testing/Pituitary/BT-MRI PI Test (37).jpg,Pituitary,224,224,RGB,8,3,0.0,234.0
Training/Meningioma/BT-MRI  ME Train (289).jpg,Meningioma,224,224,RGB,8,3,0.0,250.0
Training/Meningioma/BT-MRI  ME Train (741).jpg,Meningioma,224,224,RGB,8,3,0.0,243.0
Training/Meningioma/BT-MRI  ME Train (17).jpg,Meningioma,224,224,RGB,8,3,0.0,254.0
Training/Meningioma/BT-MRI  ME Train (1227).jpg,Meningioma,224,224,RGB,8,3,0.0,247.0
Training/No-tumor/BT-MRI NO Train (952).jpg,No-tumor,224,224,RGB,8,3,0.0,255.0
Testing/Pituitary/BT-MRI PI Test (198).jpg,Pituitary,224,224,RGB,8,3,0.0,255.0
Training/Pituitary/BT-MRI PI Train (276).jpg,Pituitary,224,224,RGB,8,3,0.0,235.0
Training/No-tumor/BT-MRI NO Train (1194).jpg,No-tumor,224,224,RGB,8,3,0.0,255.0
Training/Meningioma/BT-MRI  ME Train (1188).jpg,Meningioma,224,224,RGB,8,3,0.0,251.0
Training/No-tumor/BT-MRI NO Train (194).jpg,No-tumor,224,224,RGB,8,3,10.0,255.0
Training/Glioma/BT-MRI GL Train  (201).jpg,Glioma,224,224,RGB,8,3,0.0,217.0
Training/Pituitary/BT-MRI PI Train (412).jpg,Pituitary,224,224,RGB,8,3,0.0,241.0
Training/No-tumor/BT-MRI NO Train (1499).jpg,No-tumor,224,224,RGB,8,3,0.0,255.0
Training/Pituitary/BT-MRI PI Train (734).jpg,Pituitary,224,224,RGB,8,3,0.0,247.0
Training/Glioma/BT-MRI GL Train  (395).jpg,Glioma,224,224,RGB,8,3,0.0,237.0
Testing/Meningioma/BT-MRI ME Test (216).jpg,Meningioma,224,224,RGB,8,3,0.0,250.0
Testing/Pituitary/BT-MRI PI Test (161).jpg,Pituitary,224,224,RGB,8,3,0.0,239.0
Training/No-tumor/BT-MRI NO Train (755).jpg,No-tumor,224,224,RGB,8,3,0.0,255.0
Training/Pituitary/BT-MRI PI Train (1363).jpg,Pituitary,224,224,RGB,8,3,0.0,255.0
Training/Meningioma/BT-MRI  ME Train (265).jpg,Meningioma,224,224,RGB,8,3,0.0,255.0
Testing/Glioma/BT-MRI Test GL (202).jpg,Glioma,224,224,RGB,8,3,0.0,236.0
Training/No-tumor/BT-MRI NO Train (1374).jpg,No-tumor,224,224,RGB,8,3,0.0,255.0
Training/Meningioma/BT-MRI  ME Train (1090).jpg,Meningioma,224,224,RGB,8,3,0.0,254.0
Training/Meningioma/BT-MRI  ME Train (1163).jpg,Meningioma,224,224,RGB,8,3,0.0,251.0
Training/No-tumor/BT-MRI NO Train (1196).jpg,No-tumor,224,224,RGB,8,3,0.0,255.0
Training/Pituitary/BT-MRI PI Train (1121).jpg,Pituitary,224,224,RGB,8,3,0.0,244.0
Training/No-tumor/BT-MRI NO Train (1377).jpg,No-tumor,224,224,RGB,8,3,0.0,255.0
Training/Meningioma/BT-MRI  ME Train (1067).jpg,Meningioma,224,224,RGB,8,3,0.0,253.0
Training/Glioma/BT-MRI GL Train  (597).jpg,Glioma,224,224,RGB,8,3,0.0,246.0
Training/No-tumor/BT-MRI NO Train (1085).jpg,No-tumor,224,224,RGB,8,3,0.0,255.0
Training/Pituitary/BT-MRI PI Train (33).jpg,Pituitary,224,224,RGB,8,3,0.0,255.0
Training/Meningioma/BT-MRI  ME Train (344).jpg,Meningioma,224,224,RGB,8,3,0.0,247.0
Training/Meningioma/BT-MRI  ME Train (1225).jpg,Meningioma,224,224,RGB,8,3,0.0,248.0
Training/Glioma/BT-MRI GL Train  (1175).jpg,Glioma,224,224,RGB,8,3,0.0,250.0
Training/No-tumor/BT-MRI NO Train (1416).jpg,No-tumor,224,224,RGB,8,3,0.0,255.0
Training/Pituitary/BT-MRI PI Train (282).jpg,Pituitary,224,224,RGB,8,3,0.0,235.0
Training/Pituitary/BT-MRI PI Train (624).jpg,Pituitary,224,224,RGB,8,3,0.0,210.0
Testing/Pituitary/BT-MRI PI Test (122).jpg,Pituitary,224,224,RGB,8,3,0.0,251.0
Testing/Meningioma/BT-MRI ME Test (223).jpg,Meningioma,224,224,RGB,8,3,0.0,255.0
Training/Glioma/BT-MRI GL Train  (624).jpg,Glioma,224,224,RGB,8,3,0.0,243.0
Training/Glioma/BT-MRI GL Train  (1068).jpg,Glioma,224,224,RGB,8,3,0.0,223.0
Training/No-tumor/BT-MRI NO Train (954).jpg,No-tumor,224,224,RGB,8,3,0.0,234.0
Training/No-tumor/BT-MRI NO Train (1333).jpg,No-tumor,224,224,RGB,8,3,0.0,255.0
Testing/No-tumor/BT-MRI NO Test (195).jpg,No-tumor,224,224,RGB,8,3,0.0,255.0
Training/Meningioma/BT-MRI  ME Train (756).jpg,Meningioma,224,224,RGB,8,3,0.0,255.0
Training/Pituitary/BT-MRI PI Train (728).jpg,Pituitary,224,224,RGB,8,3,0.0,245.0
Testing/Pituitary/BT-MRI PI Test (149).jpg,Pituitary,224,224,RGB,8,3,0.0,252.0
Training/No-tumor/BT-MRI NO Train (1281).jpg,No-tumor,224,224,RGB,8,3,0.0,255.0
Testing/No-tumor/BT-MRI NO Test (340).jpg,No-tumor,224,224,RGB,8,3,0.0,255.0
Training/Glioma/BT-MRI GL Train  (574).jpg,Glioma,224,224,RGB,8,3,0.0,247.0
Training/No-tumor/BT-MRI NO Train (610).jpg,No-tumor,224,224,RGB,8,3,0.0,255.0
Training/Meningioma/BT-MRI  ME Train (1233).jpg,Meningioma,224,224,RGB,8,3,0.0,249.0
Training/Pituitary/BT-MRI PI Train (1269).jpg,Pituitary,224,224,RGB,8,3,0.0,238.0
Training/Meningioma/BT-MRI  ME Train (209).jpg,Meningioma,224,224,RGB,8,3,0.0,255.0
Testing/Pituitary/BT-MRI PI Test (231).jpg,Pituitary,224,224,RGB,8,3,0.0,238.0
Training/Glioma/BT-MRI GL Train  (1042).jpg,Glioma,224,224,RGB,8,3,0.0,164.0
Training/Pituitary/BT-MRI PI Train (1368).jpg,Pituitary,224,224,RGB,8,3,0.0,239.0
Testing/Pituitary/BT-MRI PI Test (295).jpg,Pituitary,224,224,RGB,8,3,0.0,226.0
Testing/Meningioma/BT-MRI ME Test (195).jpg,Meningioma,224,224,RGB,8,3,0.0,237.0
Training/Meningioma/BT-MRI  ME Train (914).jpg,Meningioma,224,224,RGB,8,3,0.0,255.0
Training/Pituitary/BT-MRI PI Train (827).jpg,Pituitary,224,224,RGB,8,3,0.0,247.0
Training/No-tumor/BT-MRI NO Train (638).jpg,No-tumor,224,224,RGB,8,3,0.0,255.0
Training/Meningioma/BT-MRI  ME Train (723).jpg,Meningioma,224,224,RGB,8,3,0.0,255.0
Training/Pituitary/BT-MRI PI Train (1319).jpg,Pituitary,224,224,RGB,8,3,0.0,252.0
Training/Pituitary/BT-MRI PI Train (1006).jpg,Pituitary,224,224,RGB,8,3,0.0,249.0
Testing/Meningioma/BT-MRI ME Test (294).jpg,Meningioma,224,224,RGB,8,3,0.0,246.0
Training/Meningioma/BT-MRI  ME Train (1161).jpg,Meningioma,224,224,RGB,8,3,0.0,241.0
Training/No-tumor/BT-MRI NO Train (898).jpg,No-tumor,224,224,RGB,8,3,0.0,255.0
Training/Pituitary/BT-MRI PI Train (1035).jpg,Pituitary,224,224,RGB,8,3,0.0,250.0
Training/Meningioma/BT-MRI  ME Train (802).jpg,Meningioma,224,224,RGB,8,3,0.0,237.0
Training/Glioma/BT-MRI GL Train  (1022).jpg,Glioma,224,224,RGB,8,3,0.0,236.0
Training/No-tumor/BT-MRI NO Train (1376).jpg,No-tumor,224,224,RGB,8,3,0.0,255.0
Training/Pituitary/BT-MRI PI Train (760).jpg,Pituitary,224,224,RGB,8,3,0.0,226.0
Training/No-tumor/BT-MRI NO Train (1216).jpg,No-tumor,224,224,RGB,8,3,0.0,255.0
Training/No-tumor/BT-MRI NO Train (1283).jpg,No-tumor,224,224,RGB,8,3,0.0,255.0
Training/Pituitary/BT-MRI PI Train (875).jpg,Pituitary,224,224,RGB,8,3,0.0,245.0
Training/Glioma/BT-MRI GL Train  (218).jpg,Glioma,224,224,RGB,8,3,0.0,233.0
Testing/Pituitary/BT-MRI PI Test (252).jpg,Pituitary,224,224,RGB,8,3,0.0,255.0
Training/Glioma/BT-MRI GL Train  (471).jpg,Glioma,224,224,RGB,8,3,0.0,232.0
Training/Meningioma/BT-MRI  ME Train (1310).jpg,Meningioma,224,224,RGB,8,3,0.0,250.0
Training/No-tumor/BT-MRI NO Train (712).jpg,No-tumor,224,224,RGB,8,3,0.0,255.0
Training/Pituitary/BT-MRI PI Train (1267).jpg,Pituitary,224,224,RGB,8,3,0.0,248.0
Training/No-tumor/BT-MRI NO Train (880).jpg,No-tumor,224,224,RGB,8,3,0.0,255.0
Testing/Meningioma/BT-MRI ME Test (107).jpg,Meningioma,224,224,RGB,8,3,0.0,235.0
Testing/No-tumor/BT-MRI NO Test (158).jpg,No-tumor,224,224,RGB,8,3,0.0,255.0
Training/No-tumor/BT-MRI NO Train (1013).jpg,No-tumor,224,224,RGB,8,3,0.0,222.0
Training/No-tumor/BT-MRI NO Train (266).jpg,No-tumor,224,224,RGB,8,3,0.0,255.0
Training/Pituitary/BT-MRI PI Train (854).jpg,Pituitary,224,224,RGB,8,3,0.0,251.0
Training/No-tumor/BT-MRI NO Train (899).jpg,No-tumor,224,224,RGB,8,3,0.0,255.0
Training/Pituitary/BT-MRI PI Train (407).jpg,Pituitary,224,224,RGB,8,3,0.0,243.0
Training/No-tumor/BT-MRI NO Train (1101).jpg,No-tumor,224,224,RGB,8,3,0.0,255.0
Training/No-tumor/BT-MRI NO Train (622).jpg,No-tumor,224,224,RGB,8,3,0.0,255.0
Training/Meningioma/BT-MRI  ME Train (43).jpg,Meningioma,224,224,RGB,8,3,0.0,226.0
Training/Glioma/BT-MRI GL Train  (900).jpg,Glioma,224,224,RGB,8,3,0.0,226.0
Training/Pituitary/BT-MRI PI Train (1193).jpg,Pituitary,224,224,RGB,8,3,0.0,249.0
Training/Pituitary/BT-MRI PI Train (329).jpg,Pituitary,224,224,RGB,8,3,0.0,245.0
Training/Pituitary/BT-MRI PI Train (653).jpg,Pituitary,224,224,RGB,8,3,0.0,235.0
Training/Glioma/BT-MRI GL Train  (453).jpg,Glioma,224,224,RGB,8,3,0.0,252.0
Testing/No-tumor/BT-MRI NO Test (362).jpg,No-tumor,224,224,RGB,8,3,0.0,255.0
Testing/Pituitary/BT-MRI PI Test (290).jpg,Pituitary,224,224,RGB,8,3,0.0,246.0
Testing/Glioma/BT-MRI Test GL (151).jpg,Glioma,224,224,RGB,8,3,0.0,235.0
Training/No-tumor/BT-MRI NO Train (246).jpg,No-tumor,224,224,RGB,8,3,0.0,255.0
Training/Glioma/BT-MRI GL Train  (173).jpg,Glioma,224,224,RGB,8,3,0.0,249.0
Training/Meningioma/BT-MRI  ME Train (626).jpg,Meningioma,224,224,RGB,8,3,0.0,245.0
Training/Meningioma/BT-MRI  ME Train (221).jpg,Meningioma,224,224,RGB,8,3,12.0,255.0
Training/No-tumor/BT-MRI NO Train (1355).jpg,No-tumor,224,224,RGB,8,3,0.0,255.0
Training/Glioma/BT-MRI GL Train  (880).jpg,Glioma,224,224,RGB,8,3,0.0,232.0
Training/Meningioma/BT-MRI  ME Train (820).jpg,Meningioma,224,224,RGB,8,3,0.0,242.0
Testing/Meningioma/BT-MRI ME Test (163).jpg,Meningioma,224,224,RGB,8,3,0.0,255.0
Testing/Meningioma/BT-MRI ME Test (176).jpg,Meningioma,224,224,RGB,8,3,0.0,251.0
Training/No-tumor/BT-MRI NO Train (477).jpg,No-tumor,224,224,RGB,8,3,0.0,255.0
Training/Pituitary/BT-MRI PI Train (906).jpg,Pituitary,224,224,RGB,8,3,0.0,219.0
Training/No-tumor/BT-MRI NO Train (1077).jpg,No-tumor,224,224,RGB,8,3,0.0,255.0
Training/No-tumor/BT-MRI NO Train (604).jpg,No-tumor,224,224,RGB,8,3,0.0,255.0
Training/Pituitary/BT-MRI PI Train (1329).jpg,Pituitary,224,224,RGB,8,3,0.0,255.0
Training/Meningioma/BT-MRI  ME Train (892).jpg,Meningioma,224,224,RGB,8,3,0.0,236.0
Testing/No-tumor/BT-MRI NO Test (212).jpg,No-tumor,224,224,RGB,8,3,0.0,255.0
Training/No-tumor/BT-MRI NO Train (1288).jpg,No-tumor,224,224,RGB,8,3,0.0,255.0
Training/Glioma/BT-MRI GL Train  (313).jpg,Glioma,224,224,RGB,8,3,0.0,234.0
Training/Meningioma/BT-MRI  ME Train (258).jpg,Meningioma,224,224,RGB,8,3,0.0,251.0
Training/Meningioma/BT-MRI  ME Train (93).jpg,Meningioma,224,224,RGB,8,3,0.0,236.0
Testing/Meningioma/BT-MRI ME Test (214).jpg,Meningioma,224,224,RGB,8,3,0.0,255.0
Training/No-tumor/BT-MRI NO Train (1313).jpg,No-tumor,224,224,RGB,8,3,0.0,255.0
Training/Meningioma/BT-MRI  ME Train (791).jpg,Meningioma,224,224,RGB,8,3,0.0,244.0
Training/No-tumor/BT-MRI NO Train (432).jpg,No-tumor,224,224,RGB,8,3,0.0,255.0
Training/Meningioma/BT-MRI  ME Train (288).jpg,Meningioma,224,224,RGB,8,3,0.0,247.0
Training/Glioma/BT-MRI GL Train  (431).jpg,Glioma,224,224,RGB,8,3,0.0,230.0
Training/No-tumor/BT-MRI NO Train (1146).jpg,No-tumor,224,224,RGB,8,3,0.0,255.0
Training/No-tumor/BT-MRI NO Train (1346).jpg,No-tumor,224,224,RGB,8,3,0.0,255.0
Training/Pituitary/BT-MRI PI Train (363).jpg,Pituitary,224,224,RGB,8,3,0.0,255.0
Training/Glioma/BT-MRI GL Train  (1152).jpg,Glioma,224,224,RGB,8,3,0.0,232.0
Testing/Glioma/BT-MRI Test GL (176).jpg,Glioma,224,224,RGB,8,3,0.0,228.0
Training/Pituitary/BT-MRI PI Train (21).jpg,Pituitary,224,224,RGB,8,3,0.0,255.0
Training/No-tumor/BT-MRI NO Train (1193).jpg,No-tumor,224,224,RGB,8,3,0.0,255.0
Training/No-tumor/BT-MRI NO Train (1123).jpg,No-tumor,224,224,RGB,8,3,3.0,252.0
Training/Meningioma/BT-MRI  ME Train (1316).jpg,Meningioma,224,224,RGB,8,3,0.0,252.0
Training/Glioma/BT-MRI GL Train  (136).jpg,Glioma,224,224,RGB,8,3,0.0,226.0
Training/No-tumor/BT-MRI NO Train (476).jpg,No-tumor,224,224,RGB,8,3,0.0,235.0
Testing/No-tumor/BT-MRI NO Test (138).jpg,No-tumor,224,224,RGB,8,3,0.0,255.0
Training/Glioma/BT-MRI GL Train  (148).jpg,Glioma,224,224,RGB,8,3,0.0,251.0
Training/Pituitary/BT-MRI PI Train (1033).jpg,Pituitary,224,224,RGB,8,3,0.0,243.0
Training/Meningioma/BT-MRI  ME Train (1112).jpg,Meningioma,224,224,RGB,8,3,0.0,236.0
Training/Pituitary/BT-MRI PI Train (736).jpg,Pituitary,224,224,RGB,8,3,0.0,247.0
Training/Pituitary/BT-MRI PI Train (1274).jpg,Pituitary,224,224,RGB,8,3,0.0,245.0
Testing/Pituitary/BT-MRI PI Test (143).jpg,Pituitary,224,224,RGB,8,3,0.0,246.0
Training/Glioma/BT-MRI GL Train  (629).jpg,Glioma,224,224,RGB,8,3,0.0,236.0
Training/Glioma/BT-MRI GL Train  (952).jpg,Glioma,224,224,RGB,8,3,0.0,233.0
Training/Meningioma/BT-MRI  ME Train (1179).jpg,Meningioma,224,224,RGB,8,3,0.0,252.0
Training/No-tumor/BT-MRI NO Train (1302).jpg,No-tumor,224,224,RGB,8,3,0.0,255.0
Training/Pituitary/BT-MRI PI Train (374).jpg,Pituitary,224,224,RGB,8,3,0.0,251.0
Training/No-tumor/BT-MRI NO Train (117).jpg,No-tumor,224,224,RGB,8,3,0.0,255.0
Training/Pituitary/BT-MRI PI Train (256).jpg,Pituitary,224,224,RGB,8,3,0.0,242.0
Training/Meningioma/BT-MRI  ME Train (268).jpg,Meningioma,224,224,RGB,8,3,0.0,255.0
Training/No-tumor/BT-MRI NO Train (1209).jpg,No-tumor,224,224,RGB,8,3,0.0,255.0
Training/No-tumor/BT-MRI NO Train (242).jpg,No-tumor,224,224,RGB,8,3,0.0,247.0
Training/Pituitary/BT-MRI PI Train (226).jpg,Pituitary,224,224,RGB,8,3,0.0,254.0
Training/Glioma/BT-MRI GL Train  (937).jpg,Glioma,224,224,RGB,8,3,0.0,220.0
Training/Meningioma/BT-MRI  ME Train (1265).jpg,Meningioma,224,224,RGB,8,3,0.0,248.0
Testing/Pituitary/BT-MRI PI Test (171).jpg,Pituitary,224,224,RGB,8,3,0.0,239.0
Testing/No-tumor/BT-MRI NO Test (152).jpg,No-tumor,224,224,RGB,8,3,0.0,251.0
Training/Pituitary/BT-MRI PI Train (787).jpg,Pituitary,224,224,RGB,8,3,0.0,254.0
Training/Pituitary/BT-MRI PI Train (231).jpg,Pituitary,224,224,RGB,8,3,0.0,255.0
Training/Glioma/BT-MRI GL Train  (204).jpg,Glioma,224,224,RGB,8,3,0.0,206.0
Training/No-tumor/BT-MRI NO Train (798).jpg,No-tumor,224,224,RGB,8,3,0.0,255.0
Testing/Glioma/BT-MRI Test GL (138).jpg,Glioma,224,224,RGB,8,3,0.0,236.0
Training/Glioma/BT-MRI GL Train  (445).jpg,Glioma,224,224,RGB,8,3,0.0,243.0
Training/Glioma/BT-MRI GL Train  (650).jpg,Glioma,224,224,RGB,8,3,0.0,234.0
Training/No-tumor/BT-MRI NO Train (1199).jpg,No-tumor,224,224,RGB,8,3,0.0,255.0
Training/Glioma/BT-MRI GL Train  (907).jpg,Glioma,224,224,RGB,8,3,0.0,231.0
Training/No-tumor/BT-MRI NO Train (61).jpg,No-tumor,224,224,RGB,8,3,0.0,240.0
Training/Meningioma/BT-MRI  ME Train (191).jpg,Meningioma,224,224,RGB,8,3,0.0,255.0
Training/No-tumor/BT-MRI NO Train (164).jpg,No-tumor,224,224,RGB,8,3,0.0,255.0
Training/No-tumor/BT-MRI NO Train (1330).jpg,No-tumor,224,224,RGB,8,3,0.0,255.0
Training/Meningioma/BT-MRI  ME Train (330).jpg,Meningioma,224,224,RGB,8,3,0.0,249.0
Training/No-tumor/BT-MRI NO Train (1370).jpg,No-tumor,224,224,RGB,8,3,0.0,139.0
Training/Glioma/BT-MRI GL Train  (233).jpg,Glioma,224,224,RGB,8,3,0.0,232.0
Training/Pituitary/BT-MRI PI Train (651).jpg,Pituitary,224,224,RGB,8,3,0.0,226.0
Training/Pituitary/BT-MRI PI Train (567).jpg,Pituitary,224,224,RGB,8,3,0.0,239.0
Training/Pituitary/BT-MRI PI Train (806).jpg,Pituitary,224,224,RGB,8,3,0.0,236.0
Training/Pituitary/BT-MRI PI Train (210).jpg,Pituitary,224,224,RGB,8,3,0.0,255.0
Training/Glioma/BT-MRI GL Train  (1165).jpg,Glioma,224,224,RGB,8,3,0.0,251.0
Training/Meningioma/BT-MRI  ME Train (334).jpg,Meningioma,224,224,RGB,8,3,0.0,237.0
Training/Pituitary/BT-MRI PI Train (522).jpg,Pituitary,224,224,RGB,8,3,0.0,255.0
Testing/Glioma/BT-MRI Test GL (46).jpg,Glioma,224,224,RGB,8,3,0.0,228.0
Training/Pituitary/BT-MRI PI Train (622).jpg,Pituitary,224,224,RGB,8,3,0.0,250.0
Training/Meningioma/BT-MRI  ME Train (99).jpg,Meningioma,224,224,RGB,8,3,0.0,230.0
Training/No-tumor/BT-MRI NO Train (1117).jpg,No-tumor,224,224,RGB,8,3,3.0,252.0
Training/Meningioma/BT-MRI  ME Train (471).jpg,Meningioma,224,224,RGB,8,3,0.0,238.0
Training/Meningioma/BT-MRI  ME Train (297).jpg,Meningioma,224,224,RGB,8,3,0.0,244.0
Training/No-tumor/BT-MRI NO Train (928).jpg,No-tumor,224,224,RGB,8,3,0.0,255.0
Training/Glioma/BT-MRI GL Train  (1052).jpg,Glioma,224,224,RGB,8,3,0.0,233.0
Training/No-tumor/BT-MRI NO Train (776).jpg,No-tumor,224,224,RGB,8,3,0.0,255.0
Training/Pituitary/BT-MRI PI Train (1185).jpg,Pituitary,224,224,RGB,8,3,0.0,230.0
Training/Glioma/BT-MRI GL Train  (974).jpg,Glioma,224,224,RGB,8,3,0.0,248.0
Training/Glioma/BT-MRI GL Train  (1171).jpg,Glioma,224,224,RGB,8,3,0.0,239.0
Training/Meningioma/BT-MRI  ME Train (410).jpg,Meningioma,224,224,RGB,8,3,0.0,246.0
Training/Glioma/BT-MRI GL Train  (1244).jpg,Glioma,224,224,RGB,8,3,0.0,251.0
Training/Glioma/BT-MRI GL Train  (656).jpg,Glioma,224,224,RGB,8,3,0.0,229.0
Training/No-tumor/BT-MRI NO Train (635).jpg,No-tumor,224,224,RGB,8,3,0.0,255.0
Training/Meningioma/BT-MRI  ME Train (742).jpg,Meningioma,224,224,RGB,8,3,0.0,255.0
Testing/Pituitary/BT-MRI PI Test (234).jpg,Pituitary,224,224,RGB,8,3,0.0,253.0
Training/No-tumor/BT-MRI NO Train (418).jpg,No-tumor,224,224,RGB,8,3,0.0,255.0
Training/Glioma/BT-MRI GL Train  (531).jpg,Glioma,224,224,RGB,8,3,0.0,218.0
Training/Meningioma/BT-MRI  ME Train (1189).jpg,Meningioma,224,224,RGB,8,3,0.0,249.0
Training/No-tumor/BT-MRI NO Train (1414).jpg,No-tumor,224,224,RGB,8,3,0.0,255.0
Training/Glioma/BT-MRI GL Train  (373).jpg,Glioma,224,224,RGB,8,3,0.0,226.0
Training/Pituitary/BT-MRI PI Train (237).jpg,Pituitary,224,224,RGB,8,3,0.0,244.0
Training/Glioma/BT-MRI GL Train  (152).jpg,Glioma,224,224,RGB,8,3,0.0,231.0
Training/Pituitary/BT-MRI PI Train (988).jpg,Pituitary,224,224,RGB,8,3,0.0,254.0
Training/Glioma/BT-MRI GL Train  (199).jpg,Glioma,224,224,RGB,8,3,0.0,238.0
Training/Glioma/BT-MRI GL Train  (836).jpg,Glioma,224,224,RGB,8,3,0.0,246.0
Training/Pituitary/BT-MRI PI Train (1440).jpg,Pituitary,224,224,RGB,8,3,0.0,245.0
Testing/Meningioma/BT-MRI ME Test (227).jpg,Meningioma,224,224,RGB,8,3,0.0,248.0
Training/Glioma/BT-MRI GL Train  (1007).jpg,Glioma,224,224,RGB,8,3,0.0,242.0
Training/Glioma/BT-MRI GL Train  (138).jpg,Glioma,224,224,RGB,8,3,0.0,226.0
Training/Glioma/BT-MRI GL Train  (1202).jpg,Glioma,224,224,RGB,8,3,0.0,250.0
Training/Glioma/BT-MRI GL Train  (502).jpg,Glioma,224,224,RGB,8,3,0.0,230.0
Training/Pituitary/BT-MRI PI Train (298).jpg,Pituitary,224,224,RGB,8,3,0.0,248.0
Testing/Meningioma/BT-MRI ME Test (285).jpg,Meningioma,224,224,RGB,8,3,0.0,247.0
Training/Meningioma/BT-MRI  ME Train (1255).jpg,Meningioma,224,224,RGB,8,3,0.0,242.0
Training/Meningioma/BT-MRI  ME Train (179).jpg,Meningioma,224,224,RGB,8,3,0.0,238.0
Training/No-tumor/BT-MRI NO Train (1492).jpg,No-tumor,224,224,RGB,8,3,0.0,255.0
Training/Pituitary/BT-MRI PI Train (605).jpg,Pituitary,224,224,RGB,8,3,0.0,237.0
Testing/Pituitary/BT-MRI PI Test (136).jpg,Pituitary,224,224,RGB,8,3,0.0,229.0
Training/No-tumor/BT-MRI NO Train (244).jpg,No-tumor,224,224,RGB,8,3,0.0,132.0
Training/No-tumor/BT-MRI NO Train (1567).jpg,No-tumor,224,224,RGB,8,3,0.0,255.0
Training/No-tumor/BT-MRI NO Train (845).jpg,No-tumor,224,224,RGB,8,3,0.0,255.0
Training/Meningioma/BT-MRI  ME Train (287).jpg,Meningioma,224,224,RGB,8,3,0.0,245.0
Training/No-tumor/BT-MRI NO Train (319).jpg,No-tumor,224,224,RGB,8,3,0.0,255.0
Testing/Pituitary/BT-MRI PI Test (222).jpg,Pituitary,224,224,RGB,8,3,0.0,250.0
Training/Meningioma/BT-MRI  ME Train (873).jpg,Meningioma,224,224,RGB,8,3,0.0,243.0
Training/Meningioma/BT-MRI  ME Train (634).jpg,Meningioma,224,224,RGB,8,3,0.0,254.0
Training/Glioma/BT-MRI GL Train  (767).jpg,Glioma,224,224,RGB,8,3,0.0,242.0
Training/Pituitary/BT-MRI PI Train (1080).jpg,Pituitary,224,224,RGB,8,3,0.0,222.0
Training/Pituitary/BT-MRI PI Train (324).jpg,Pituitary,224,224,RGB,8,3,0.0,226.0
Training/Pituitary/BT-MRI PI Train (746).jpg,Pituitary,224,224,RGB,8,3,0.0,228.0
Training/Pituitary/BT-MRI PI Train (1028).jpg,Pituitary,224,224,RGB,8,3,0.0,251.0
Training/Pituitary/BT-MRI PI Train (36).jpg,Pituitary,224,224,RGB,8,3,0.0,228.0
Training/Meningioma/BT-MRI  ME Train (1086).jpg,Meningioma,224,224,RGB,8,3,0.0,241.0
Training/Pituitary/BT-MRI PI Train (1178).jpg,Pituitary,224,224,RGB,8,3,0.0,238.0
Testing/Meningioma/BT-MRI ME Test (191).jpg,Meningioma,224,224,RGB,8,3,0.0,243.0
Training/Glioma/BT-MRI GL Train  (196).jpg,Glioma,224,224,RGB,8,3,0.0,242.0
Training/No-tumor/BT-MRI NO Train (878).jpg,No-tumor,224,224,RGB,8,3,0.0,251.0
Training/Glioma/BT-MRI GL Train  (1270).jpg,Glioma,224,224,RGB,8,3,0.0,247.0
Training/Meningioma/BT-MRI  ME Train (1214).jpg,Meningioma,224,224,RGB,8,3,0.0,243.0
Training/Meningioma/BT-MRI  ME Train (305).jpg,Meningioma,224,224,RGB,8,3,0.0,246.0
Training/Glioma/BT-MRI GL Train  (855).jpg,Glioma,224,224,RGB,8,3,0.0,248.0
Training/No-tumor/BT-MRI NO Train (198).jpg,No-tumor,224,224,RGB,8,3,0.0,228.0
Training/No-tumor/BT-MRI NO Train (929).jpg,No-tumor,224,224,RGB,8,3,0.0,255.0
Training/No-tumor/BT-MRI NO Train (324).jpg,No-tumor,224,224,RGB,8,3,0.0,207.0
Training/Glioma/BT-MRI GL Train  (452).jpg,Glioma,224,224,RGB,8,3,0.0,247.0
Training/Glioma/BT-MRI GL Train  (209).jpg,Glioma,224,224,RGB,8,3,0.0,207.0
Training/Pituitary/BT-MRI PI Train (1079).jpg,Pituitary,224,224,RGB,8,3,0.0,243.0
Training/Meningioma/BT-MRI  ME Train (1048).jpg,Meningioma,224,224,RGB,8,3,0.0,245.0
Training/Glioma/BT-MRI GL Train  (400).jpg,Glioma,224,224,RGB,8,3,0.0,229.0
Training/Meningioma/BT-MRI  ME Train (486).jpg,Meningioma,224,224,RGB,8,3,0.0,248.0
Training/No-tumor/BT-MRI NO Train (812).jpg,No-tumor,224,224,RGB,8,3,0.0,224.0
Training/Glioma/BT-MRI GL Train  (626).jpg,Glioma,224,224,RGB,8,3,0.0,218.0
Testing/Pituitary/BT-MRI PI Test (279).jpg,Pituitary,224,224,RGB,8,3,0.0,241.0
Training/No-tumor/BT-MRI NO Train (850).jpg,No-tumor,224,224,RGB,8,3,0.0,255.0
Training/Glioma/BT-MRI GL Train  (592).jpg,Glioma,224,224,RGB,8,3,0.0,225.0
Training/Meningioma/BT-MRI  ME Train (1318).jpg,Meningioma,224,224,RGB,8,3,0.0,247.0
Training/No-tumor/BT-MRI NO Train (782).jpg,No-tumor,224,224,RGB,8,3,0.0,255.0
Training/Meningioma/BT-MRI  ME Train (504).jpg,Meningioma,224,224,RGB,8,3,0.0,255.0
Training/Meningioma/BT-MRI  ME Train (1013).jpg,Meningioma,224,224,RGB,8,3,0.0,252.0
Training/No-tumor/BT-MRI NO Train (1069).jpg,No-tumor,224,224,RGB,8,3,0.0,169.0
Training/Pituitary/BT-MRI PI Train (73).jpg,Pituitary,224,224,RGB,8,3,0.0,242.0
Training/Meningioma/BT-MRI  ME Train (278).jpg,Meningioma,224,224,RGB,8,3,0.0,218.0
Training/No-tumor/BT-MRI NO Train (770).jpg,No-tumor,224,224,RGB,8,3,0.0,255.0
Training/No-tumor/BT-MRI NO Train (950).jpg,No-tumor,224,224,RGB,8,3,0.0,255.0
Training/Pituitary/BT-MRI PI Train (920).jpg,Pituitary,224,224,RGB,8,3,0.0,234.0
Training/No-tumor/BT-MRI NO Train (240).jpg,No-tumor,224,224,RGB,8,3,3.0,255.0
Training/Pituitary/BT-MRI PI Train (307).jpg,Pituitary,224,224,RGB,8,3,0.0,238.0
Training/No-tumor/BT-MRI NO Train (769).jpg,No-tumor,224,224,RGB,8,3,0.0,255.0
Training/Meningioma/BT-MRI  ME Train (893).jpg,Meningioma,224,224,RGB,8,3,0.0,235.0
Training/Pituitary/BT-MRI PI Train (41).jpg,Pituitary,224,224,RGB,8,3,0.0,252.0
Testing/No-tumor/BT-MRI NO Test (351).jpg,No-tumor,224,224,RGB,8,3,2.0,219.0
Training/Glioma/BT-MRI GL Train  (956).jpg,Glioma,224,224,RGB,8,3,0.0,252.0
Training/Pituitary/BT-MRI PI Train (571).jpg,Pituitary,224,224,RGB,8,3,0.0,246.0
Training/Pituitary/BT-MRI PI Train (288).jpg,Pituitary,224,224,RGB,8,3,0.0,231.0
Training/No-tumor/BT-MRI NO Train (933).jpg,No-tumor,224,224,RGB,8,3,0.0,255.0
Training/Meningioma/BT-MRI  ME Train (383).jpg,Meningioma,224,224,RGB,8,3,0.0,254.0
Training/Meningioma/BT-MRI  ME Train (971).jpg,Meningioma,224,224,RGB,8,3,0.0,247.0
Training/Meningioma/BT-MRI  ME Train (881).jpg,Meningioma,224,224,RGB,8,3,0.0,254.0
Training/Pituitary/BT-MRI PI Train (655).jpg,Pituitary,224,224,RGB,8,3,0.0,227.0
Training/No-tumor/BT-MRI NO Train (460).jpg,No-tumor,224,224,RGB,8,3,0.0,255.0
Training/Pituitary/BT-MRI PI Train (129).jpg,Pituitary,224,224,RGB,8,3,0.0,248.0
Training/Glioma/BT-MRI GL Train  (730).jpg,Glioma,224,224,RGB,8,3,0.0,249.0
Training/Meningioma/BT-MRI  ME Train (985).jpg,Meningioma,224,224,RGB,8,3,0.0,245.0
Training/Pituitary/BT-MRI PI Train (598).jpg,Pituitary,224,224,RGB,8,3,0.0,240.0
Training/Glioma/BT-MRI GL Train  (806).jpg,Glioma,224,224,RGB,8,3,0.0,240.0
Training/Glioma/BT-MRI GL Train  (738).jpg,Glioma,224,224,RGB,8,3,0.0,238.0
Training/Glioma/BT-MRI GL Train  (794).jpg,Glioma,224,224,RGB,8,3,0.0,230.0
Training/Meningioma/BT-MRI  ME Train (284).jpg,Meningioma,224,224,RGB,8,3,0.0,251.0
Training/Glioma/BT-MRI GL Train  (121).jpg,Glioma,224,224,RGB,8,3,0.0,237.0
Training/Pituitary/BT-MRI PI Train (839).jpg,Pituitary,224,224,RGB,8,3,0.0,255.0
Testing/No-tumor/BT-MRI NO Test (172).jpg,No-tumor,224,224,RGB,8,3,0.0,255.0
Training/No-tumor/BT-MRI NO Train (153).jpg,No-tumor,224,224,RGB,8,3,1.0,255.0
Training/Glioma/BT-MRI GL Train  (746).jpg,Glioma,224,224,RGB,8,3,0.0,235.0
Training/No-tumor/BT-MRI NO Train (967).jpg,No-tumor,224,224,RGB,8,3,0.0,255.0
Training/Pituitary/BT-MRI PI Train (460).jpg,Pituitary,224,224,RGB,8,3,0.0,254.0
Testing/No-tumor/BT-MRI NO Test (314).jpg,No-tumor,224,224,RGB,8,3,0.0,255.0
Training/Glioma/BT-MRI GL Train  (1214).jpg,Glioma,224,224,RGB,8,3,0.0,253.0
Training/Pituitary/BT-MRI PI Train (923).jpg,Pituitary,224,224,RGB,8,3,0.0,230.0
Training/Pituitary/BT-MRI PI Train (861).jpg,Pituitary,224,224,RGB,8,3,0.0,255.0
Training/No-tumor/BT-MRI NO Train (659).jpg,No-tumor,224,224,RGB,8,3,0.0,255.0
Training/Glioma/BT-MRI GL Train  (1038).jpg,Glioma,224,224,RGB,8,3,0.0,230.0
Training/No-tumor/BT-MRI NO Train (702).jpg,No-tumor,224,224,RGB,8,3,0.0,255.0
Testing/Pituitary/BT-MRI PI Test (114).jpg,Pituitary,224,224,RGB,8,3,0.0,238.0
Training/Glioma/BT-MRI GL Train  (154).jpg,Glioma,224,224,RGB,8,3,0.0,228.0
Training/Glioma/BT-MRI GL Train  (1155).jpg,Glioma,224,224,RGB,8,3,0.0,238.0
Training/No-tumor/BT-MRI NO Train (1213).jpg,No-tumor,224,224,RGB,8,3,0.0,255.0
Training/Glioma/BT-MRI GL Train  (1057).jpg,Glioma,224,224,RGB,8,3,0.0,241.0
Training/Pituitary/BT-MRI PI Train (2).jpg,Pituitary,224,224,RGB,8,3,0.0,251.0
Training/Glioma/BT-MRI GL Train  (1305).jpg,Glioma,224,224,RGB,8,3,0.0,225.0
Training/Pituitary/BT-MRI PI Train (1438).jpg,Pituitary,224,224,RGB,8,3,0.0,243.0
Training/Meningioma/BT-MRI  ME Train (556).jpg,Meningioma,224,224,RGB,8,3,0.0,247.0
Training/No-tumor/BT-MRI NO Train (1080).jpg,No-tumor,224,224,RGB,8,3,26.0,201.0
Testing/Meningioma/BT-MRI ME Test (295).jpg,Meningioma,224,224,RGB,8,3,0.0,252.0
Testing/No-tumor/BT-MRI NO Test (193).jpg,No-tumor,224,224,RGB,8,3,0.0,255.0
Training/Meningioma/BT-MRI  ME Train (421).jpg,Meningioma,224,224,RGB,8,3,0.0,253.0
Training/Glioma/BT-MRI GL Train  (221).jpg,Glioma,224,224,RGB,8,3,0.0,201.0
Training/Glioma/BT-MRI GL Train  (564).jpg,Glioma,224,224,RGB,8,3,0.0,243.0
Training/No-tumor/BT-MRI NO Train (633).jpg,No-tumor,224,224,RGB,8,3,0.0,255.0
Training/No-tumor/BT-MRI NO Train (894).jpg,No-tumor,224,224,RGB,8,3,0.0,255.0
Training/Glioma/BT-MRI GL Train  (585).jpg,Glioma,224,224,RGB,8,3,0.0,241.0
Training/Glioma/BT-MRI GL Train  (1159).jpg,Glioma,224,224,RGB,8,3,0.0,240.0
Training/Glioma/BT-MRI GL Train  (491).jpg,Glioma,224,224,RGB,8,3,0.0,229.0
Training/Pituitary/BT-MRI PI Train (603).jpg,Pituitary,224,224,RGB,8,3,0.0,240.0
Testing/Meningioma/BT-MRI ME Test (279).jpg,Meningioma,224,224,RGB,8,3,0.0,250.0
Training/Pituitary/BT-MRI PI Train (92).jpg,Pituitary,224,224,RGB,8,3,0.0,255.0
Training/Pituitary/BT-MRI PI Train (385).jpg,Pituitary,224,224,RGB,8,3,0.0,243.0
Training/Pituitary/BT-MRI PI Train (330).jpg,Pituitary,224,224,RGB,8,3,0.0,249.0
Training/No-tumor/BT-MRI NO Train (1226).jpg,No-tumor,224,224,RGB,8,3,0.0,255.0
Training/Pituitary/BT-MRI PI Train (1388).jpg,Pituitary,224,224,RGB,8,3,0.0,255.0
Training/No-tumor/BT-MRI NO Train (1506).jpg,No-tumor,224,224,RGB,8,3,0.0,255.0
Testing/Glioma/BT-MRI Test GL (43).jpg,Glioma,224,224,RGB,8,3,0.0,213.0
Training/Meningioma/BT-MRI  ME Train (708).jpg,Meningioma,224,224,RGB,8,3,0.0,245.0
Testing/Pituitary/BT-MRI PI Test (180).jpg,Pituitary,224,224,RGB,8,3,0.0,251.0
Training/Meningioma/BT-MRI  ME Train (1289).jpg,Meningioma,224,224,RGB,8,3,0.0,245.0
Testing/No-tumor/BT-MRI NO Test (357).jpg,No-tumor,224,224,RGB,8,3,0.0,255.0
Training/No-tumor/BT-MRI NO Train (1041).jpg,No-tumor,224,224,RGB,8,3,0.0,255.0
Training/Glioma/BT-MRI GL Train  (217).jpg,Glioma,224,224,RGB,8,3,0.0,237.0
Training/Glioma/BT-MRI GL Train  (790).jpg,Glioma,224,224,RGB,8,3,0.0,241.0
Training/No-tumor/BT-MRI NO Train (911).jpg,No-tumor,224,224,RGB,8,3,0.0,255.0
Training/Meningioma/BT-MRI  ME Train (851).jpg,Meningioma,224,224,RGB,8,3,0.0,230.0
Training/Meningioma/BT-MRI  ME Train (1302).jpg,Meningioma,224,224,RGB,8,3,0.0,244.0
Testing/No-tumor/BT-MRI NO Test (322).jpg,No-tumor,224,224,RGB,8,3,0.0,253.0
Training/Meningioma/BT-MRI  ME Train (94).jpg,Meningioma,224,224,RGB,8,3,0.0,255.0
Training/Glioma/BT-MRI GL Train  (678).jpg,Glioma,224,224,RGB,8,3,0.0,227.0
Training/Glioma/BT-MRI GL Train  (1118).jpg,Glioma,224,224,RGB,8,3,0.0,241.0
Training/Pituitary/BT-MRI PI Train (222).jpg,Pituitary,224,224,RGB,8,3,0.0,255.0
Training/Meningioma/BT-MRI  ME Train (359).jpg,Meningioma,224,224,RGB,8,3,0.0,239.0
Training/Pituitary/BT-MRI PI Train (446).jpg,Pituitary,224,224,RGB,8,3,0.0,243.0
Training/Glioma/BT-MRI GL Train  (792).jpg,Glioma,224,224,RGB,8,3,0.0,224.0
Training/No-tumor/BT-MRI NO Train (334).jpg,No-tumor,224,224,RGB,8,3,0.0,255.0
Training/Pituitary/BT-MRI PI Train (924).jpg,Pituitary,224,224,RGB,8,3,0.0,250.0
Training/Glioma/BT-MRI GL Train  (1110).jpg,Glioma,224,224,RGB,8,3,0.0,247.0
Training/No-tumor/BT-MRI NO Train (725).jpg,No-tumor,224,224,RGB,8,3,0.0,255.0
Training/Meningioma/BT-MRI  ME Train (535).jpg,Meningioma,224,224,RGB,8,3,0.0,247.0
Training/Glioma/BT-MRI GL Train  (765).jpg,Glioma,224,224,RGB,8,3,0.0,218.0
Testing/Glioma/BT-MRI Test GL (148).jpg,Glioma,224,224,RGB,8,3,0.0,253.0
Training/Pituitary/BT-MRI PI Train (1371).jpg,Pituitary,224,224,RGB,8,3,0.0,251.0
Testing/Glioma/BT-MRI Test GL (66).jpg,Glioma,224,224,RGB,8,3,0.0,250.0
Training/No-tumor/BT-MRI NO Train (772).jpg,No-tumor,224,224,RGB,8,3,0.0,255.0
Training/Glioma/BT-MRI GL Train  (133).jpg,Glioma,224,224,RGB,8,3,0.0,198.0
Training/Pituitary/BT-MRI PI Train (619).jpg,Pituitary,224,224,RGB,8,3,0.0,242.0
Testing/No-tumor/BT-MRI NO Test (134).jpg,No-tumor,224,224,RGB,8,3,0.0,255.0
Training/Glioma/BT-MRI GL Train  (995).jpg,Glioma,224,224,RGB,8,3,0.0,255.0
Training/Pituitary/BT-MRI PI Train (366).jpg,Pituitary,224,224,RGB,8,3,0.0,245.0
Training/Pituitary/BT-MRI PI Train (182).jpg,Pituitary,224,224,RGB,8,3,0.0,252.0
Training/Meningioma/BT-MRI  ME Train (104).jpg,Meningioma,224,224,RGB,8,3,0.0,242.0
Training/Meningioma/BT-MRI  ME Train (836).jpg,Meningioma,224,224,RGB,8,3,0.0,226.0
Training/No-tumor/BT-MRI NO Train (828).jpg,No-tumor,224,224,RGB,8,3,0.0,255.0
Testing/Meningioma/BT-MRI ME Test (9).jpg,Meningioma,224,224,RGB,8,3,0.0,255.0
Training/No-tumor/BT-MRI NO Train (1081).jpg,No-tumor,224,224,RGB,8,3,0.0,255.0
Training/Pituitary/BT-MRI PI Train (169).jpg,Pituitary,224,224,RGB,8,3,0.0,227.0
Testing/Glioma/BT-MRI Test GL (91).jpg,Glioma,224,224,RGB,8,3,0.0,208.0
Training/Pituitary/BT-MRI PI Train (623).jpg,Pituitary,224,224,RGB,8,3,0.0,227.0
Training/Pituitary/BT-MRI PI Train (974).jpg,Pituitary,224,224,RGB,8,3,0.0,245.0
Training/Meningioma/BT-MRI  ME Train (552).jpg,Meningioma,224,224,RGB,8,3,0.0,250.0
Training/No-tumor/BT-MRI NO Train (802).jpg,No-tumor,224,224,RGB,8,3,0.0,255.0
Training/Pituitary/BT-MRI PI Train (526).jpg,Pituitary,224,224,RGB,8,3,0.0,253.0
Training/Meningioma/BT-MRI  ME Train (1285).jpg,Meningioma,224,224,RGB,8,3,0.0,255.0
Testing/Meningioma/BT-MRI ME Test (241).jpg,Meningioma,224,224,RGB,8,3,0.0,247.0
Training/Pituitary/BT-MRI PI Train (692).jpg,Pituitary,224,224,RGB,8,3,0.0,242.0
Training/Glioma/BT-MRI GL Train  (119).jpg,Glioma,224,224,RGB,8,3,0.0,234.0
Training/Glioma/BT-MRI GL Train  (633).jpg,Glioma,224,224,RGB,8,3,0.0,236.0
Testing/Pituitary/BT-MRI PI Test (110).jpg,Pituitary,224,224,RGB,8,3,0.0,222.0
Training/Meningioma/BT-MRI  ME Train (1092).jpg,Meningioma,224,224,RGB,8,3,0.0,242.0
Training/Pituitary/BT-MRI PI Train (1161).jpg,Pituitary,224,224,RGB,8,3,0.0,243.0
Training/Pituitary/BT-MRI PI Train (824).jpg,Pituitary,224,224,RGB,8,3,0.0,249.0
Testing/Meningioma/BT-MRI ME Test (217).jpg,Meningioma,224,224,RGB,8,3,0.0,250.0
Training/Meningioma/BT-MRI  ME Train (854).jpg,Meningioma,224,224,RGB,8,3,0.0,230.0
Training/Meningioma/BT-MRI  ME Train (262).jpg,Meningioma,224,224,RGB,8,3,0.0,226.0
Training/No-tumor/BT-MRI NO Train (669).jpg,No-tumor,224,224,RGB,8,3,0.0,255.0
Training/Meningioma/BT-MRI  ME Train (1001).jpg,Meningioma,224,224,RGB,8,3,0.0,241.0
Training/Pituitary/BT-MRI PI Train (162).jpg,Pituitary,224,224,RGB,8,3,0.0,255.0
Training/Meningioma/BT-MRI  ME Train (56).jpg,Meningioma,224,224,RGB,8,3,0.0,255.0
Training/Pituitary/BT-MRI PI Train (35).jpg,Pituitary,224,224,RGB,8,3,0.0,242.0
Training/No-tumor/BT-MRI NO Train (1450).jpg,No-tumor,224,224,RGB,8,3,0.0,255.0
Training/Meningioma/BT-MRI  ME Train (946).jpg,Meningioma,224,224,RGB,8,3,0.0,217.0
Training/Glioma/BT-MRI GL Train  (433).jpg,Glioma,224,224,RGB,8,3,0.0,217.0
Training/Meningioma/BT-MRI  ME Train (656).jpg,Meningioma,224,224,RGB,8,3,0.0,243.0
Training/Meningioma/BT-MRI  ME Train (286).jpg,Meningioma,224,224,RGB,8,3,0.0,230.0
Training/No-tumor/BT-MRI NO Train (1082).jpg,No-tumor,224,224,RGB,8,3,0.0,255.0
Training/Glioma/BT-MRI GL Train  (1025).jpg,Glioma,224,224,RGB,8,3,0.0,229.0
Training/Meningioma/BT-MRI  ME Train (549).jpg,Meningioma,224,224,RGB,8,3,0.0,252.0
Training/No-tumor/BT-MRI NO Train (566).jpg,No-tumor,224,224,RGB,8,3,0.0,255.0
Training/Pituitary/BT-MRI PI Train (1250).jpg,Pituitary,224,224,RGB,8,3,0.0,239.0
Training/Meningioma/BT-MRI  ME Train (1058).jpg,Meningioma,224,224,RGB,8,3,0.0,219.0
Training/Meningioma/BT-MRI  ME Train (936).jpg,Meningioma,224,224,RGB,8,3,0.0,239.0
Training/Pituitary/BT-MRI PI Train (1236).jpg,Pituitary,224,224,RGB,8,3,0.0,255.0
Testing/No-tumor/BT-MRI NO Test (385).jpg,No-tumor,224,224,RGB,8,3,0.0,255.0
Training/Glioma/BT-MRI GL Train  (908).jpg,Glioma,224,224,RGB,8,3,0.0,247.0
Training/Glioma/BT-MRI GL Train  (516).jpg,Glioma,224,224,RGB,8,3,0.0,223.0
Training/Pituitary/BT-MRI PI Train (269).jpg,Pituitary,224,224,RGB,8,3,0.0,241.0
Training/Meningioma/BT-MRI  ME Train (181).jpg,Meningioma,224,224,RGB,8,3,0.0,255.0
Testing/Glioma/BT-MRI Test GL (155).jpg,Glioma,224,224,RGB,8,3,0.0,245.0
Training/No-tumor/BT-MRI NO Train (704).jpg,No-tumor,224,224,RGB,8,3,0.0,255.0
Testing/No-tumor/BT-MRI NO Test (336).jpg,No-tumor,224,224,RGB,8,3,0.0,255.0
Training/No-tumor/BT-MRI NO Train (137).jpg,No-tumor,224,224,RGB,8,3,0.0,255.0
Training/Meningioma/BT-MRI  ME Train (417).jpg,Meningioma,224,224,RGB,8,3,0.0,253.0
Testing/Pituitary/BT-MRI PI Test (255).jpg,Pituitary,224,224,RGB,8,3,0.0,244.0
Training/No-tumor/BT-MRI NO Train (1191).jpg,No-tumor,224,224,RGB,8,3,0.0,248.0
Training/Meningioma/BT-MRI  ME Train (1027).jpg,Meningioma,224,224,RGB,8,3,0.0,253.0
Training/Pituitary/BT-MRI PI Train (863).jpg,Pituitary,224,224,RGB,8,3,0.0,255.0
Testing/Pituitary/BT-MRI PI Test (237).jpg,Pituitary,224,224,RGB,8,3,0.0,255.0
Testing/No-tumor/BT-MRI NO Test (209).jpg,No-tumor,224,224,RGB,8,3,0.0,255.0
Training/Glioma/BT-MRI GL Train  (619).jpg,Glioma,224,224,RGB,8,3,0.0,246.0
Training/No-tumor/BT-MRI NO Train (836).jpg,No-tumor,224,224,RGB,8,3,0.0,255.0
Training/Glioma/BT-MRI GL Train  (1088).jpg,Glioma,224,224,RGB,8,3,0.0,236.0
Training/No-tumor/BT-MRI NO Train (1413).jpg,No-tumor,224,224,RGB,8,3,0.0,255.0
Training/Glioma/BT-MRI GL Train  (283).jpg,Glioma,224,224,RGB,8,3,0.0,233.0
Testing/Pituitary/BT-MRI PI Test (167).jpg,Pituitary,224,224,RGB,8,3,0.0,219.0
Training/No-tumor/BT-MRI NO Train (452).jpg,No-tumor,224,224,RGB,8,3,0.0,255.0
Testing/Pituitary/BT-MRI PI Test (148).jpg,Pituitary,224,224,RGB,8,3,0.0,228.0
Training/No-tumor/BT-MRI NO Train (1369).jpg,No-tumor,224,224,RGB,8,3,0.0,255.0
Training/Pituitary/BT-MRI PI Train (1358).jpg,Pituitary,224,224,RGB,8,3,0.0,247.0
Training/Glioma/BT-MRI GL Train  (246).jpg,Glioma,224,224,RGB,8,3,0.0,241.0
Testing/Glioma/BT-MRI Test GL (95).jpg,Glioma,224,224,RGB,8,3,0.0,222.0
Training/No-tumor/BT-MRI NO Train (809).jpg,No-tumor,224,224,RGB,8,3,0.0,255.0
Training/No-tumor/BT-MRI NO Train (1103).jpg,No-tumor,224,224,RGB,8,3,0.0,255.0
Training/Glioma/BT-MRI GL Train  (602).jpg,Glioma,224,224,RGB,8,3,0.0,242.0
Training/Glioma/BT-MRI GL Train  (1093).jpg,Glioma,224,224,RGB,8,3,0.0,251.0
Training/No-tumor/BT-MRI NO Train (1279).jpg,No-tumor,224,224,RGB,8,3,0.0,255.0
Training/No-tumor/BT-MRI NO Train (1529).jpg,No-tumor,224,224,RGB,8,3,0.0,255.0
Training/No-tumor/BT-MRI NO Train (74).jpg,No-tumor,224,224,RGB,8,3,0.0,255.0
Training/Pituitary/BT-MRI PI Train (1387).jpg,Pituitary,224,224,RGB,8,3,0.0,255.0
Training/Pituitary/BT-MRI PI Train (1205).jpg,Pituitary,224,224,RGB,8,3,0.0,220.0
Testing/No-tumor/BT-MRI NO Test (303).jpg,No-tumor,224,224,RGB,8,3,0.0,255.0
Training/No-tumor/BT-MRI NO Train (390).jpg,No-tumor,224,224,RGB,8,3,0.0,255.0
Training/Meningioma/BT-MRI  ME Train (920).jpg,Meningioma,224,224,RGB,8,3,0.0,252.0
Training/Pituitary/BT-MRI PI Train (1223).jpg,Pituitary,224,224,RGB,8,3,0.0,221.0
Training/Pituitary/BT-MRI PI Train (1087).jpg,Pituitary,224,224,RGB,8,3,0.0,226.0
Training/Glioma/BT-MRI GL Train  (106).jpg,Glioma,224,224,RGB,8,3,0.0,241.0
Training/Glioma/BT-MRI GL Train  (1125).jpg,Glioma,224,224,RGB,8,3,0.0,238.0
Training/Glioma/BT-MRI GL Train  (3).jpg,Glioma,224,224,RGB,8,3,0.0,236.0
Training/No-tumor/BT-MRI NO Train (1181).jpg,No-tumor,224,224,RGB,8,3,0.0,255.0
Training/Meningioma/BT-MRI  ME Train (443).jpg,Meningioma,224,224,RGB,8,3,0.0,225.0
Testing/Meningioma/BT-MRI ME Test (237).jpg,Meningioma,224,224,RGB,8,3,0.0,252.0
Training/Meningioma/BT-MRI  ME Train (520).jpg,Meningioma,224,224,RGB,8,3,0.0,235.0
Training/Meningioma/BT-MRI  ME Train (1063).jpg,Meningioma,224,224,RGB,8,3,0.0,250.0
Testing/Glioma/BT-MRI Test GL (130).jpg,Glioma,224,224,RGB,8,3,0.0,247.0
Testing/Glioma/BT-MRI Test GL (253).jpg,Glioma,224,224,RGB,8,3,0.0,252.0
Training/Pituitary/BT-MRI PI Train (769).jpg,Pituitary,224,224,RGB,8,3,0.0,228.0
Training/Meningioma/BT-MRI  ME Train (86).jpg,Meningioma,224,224,RGB,8,3,0.0,251.0
Training/Pituitary/BT-MRI PI Train (480).jpg,Pituitary,224,224,RGB,8,3,0.0,229.0
Training/Pituitary/BT-MRI PI Train (1441).jpg,Pituitary,224,224,RGB,8,3,0.0,253.0
Training/Pituitary/BT-MRI PI Train (149).jpg,Pituitary,224,224,RGB,8,3,0.0,243.0
Testing/Meningioma/BT-MRI ME Test (292).jpg,Meningioma,224,224,RGB,8,3,0.0,255.0
Training/Glioma/BT-MRI GL Train  (242).jpg,Glioma,224,224,RGB,8,3,0.0,232.0
Training/Pituitary/BT-MRI PI Train (220).jpg,Pituitary,224,224,RGB,8,3,0.0,255.0
Training/Glioma/BT-MRI GL Train  (755).jpg,Glioma,224,224,RGB,8,3,0.0,227.0
Training/Pituitary/BT-MRI PI Train (1181).jpg,Pituitary,224,224,RGB,8,3,0.0,255.0
Training/Meningioma/BT-MRI  ME Train (763).jpg,Meningioma,224,224,RGB,8,3,0.0,249.0
Training/Meningioma/BT-MRI  ME Train (860).jpg,Meningioma,224,224,RGB,8,3,0.0,246.0
Training/Glioma/BT-MRI GL Train  (468).jpg,Glioma,224,224,RGB,8,3,0.0,248.0
Training/No-tumor/BT-MRI NO Train (1386).jpg,No-tumor,224,224,RGB,8,3,0.0,255.0
Testing/Pituitary/BT-MRI PI Test (190).jpg,Pituitary,224,224,RGB,8,3,0.0,250.0
Testing/No-tumor/BT-MRI NO Test (242).jpg,No-tumor,224,224,RGB,8,3,0.0,255.0
Training/No-tumor/BT-MRI NO Train (492).jpg,No-tumor,224,224,RGB,8,3,6.0,255.0
Training/Glioma/BT-MRI GL Train  (676).jpg,Glioma,224,224,RGB,8,3,0.0,247.0
Training/Glioma/BT-MRI GL Train  (369).jpg,Glioma,224,224,RGB,8,3,0.0,235.0
Training/Pituitary/BT-MRI PI Train (1403).jpg,Pituitary,224,224,RGB,8,3,0.0,255.0
Testing/Pituitary/BT-MRI PI Test (135).jpg,Pituitary,224,224,RGB,8,3,0.0,255.0
Training/Glioma/BT-MRI GL Train  (556).jpg,Glioma,224,224,RGB,8,3,0.0,225.0
Testing/Meningioma/BT-MRI ME Test (125).jpg,Meningioma,224,224,RGB,8,3,0.0,249.0
Training/No-tumor/BT-MRI NO Train (1561).jpg,No-tumor,224,224,RGB,8,3,0.0,255.0
Training/Meningioma/BT-MRI  ME Train (5).jpg,Meningioma,224,224,RGB,8,3,0.0,237.0
Training/Glioma/BT-MRI GL Train  (454).jpg,Glioma,224,224,RGB,8,3,0.0,245.0
Training/Meningioma/BT-MRI  ME Train (438).jpg,Meningioma,224,224,RGB,8,3,0.0,243.0
Training/Pituitary/BT-MRI PI Train (254).jpg,Pituitary,224,224,RGB,8,3,0.0,250.0
Training/No-tumor/BT-MRI NO Train (100).jpg,No-tumor,224,224,RGB,8,3,0.0,255.0
Training/No-tumor/BT-MRI NO Train (1000).jpg,No-tumor,224,224,RGB,8,3,0.0,255.0
Training/No-tumor/BT-MRI NO Train (403).jpg,No-tumor,224,224,RGB,8,3,0.0,255.0
Training/Pituitary/BT-MRI PI Train (293).jpg,Pituitary,224,224,RGB,8,3,0.0,229.0
Training/Pituitary/BT-MRI PI Train (1415).jpg,Pituitary,224,224,RGB,8,3,0.0,245.0
Training/Glioma/BT-MRI GL Train  (361).jpg,Glioma,224,224,RGB,8,3,0.0,255.0
Training/No-tumor/BT-MRI NO Train (1008).jpg,No-tumor,224,224,RGB,8,3,0.0,253.0
Training/Glioma/BT-MRI GL Train  (128).jpg,Glioma,224,224,RGB,8,3,0.0,227.0
Training/No-tumor/BT-MRI NO Train (190).jpg,No-tumor,224,224,RGB,8,3,0.0,250.0
Testing/Pituitary/BT-MRI PI Test (243).jpg,Pituitary,224,224,RGB,8,3,0.0,247.0
Training/Glioma/BT-MRI GL Train  (192).jpg,Glioma,224,224,RGB,8,3,0.0,218.0
Training/Pituitary/BT-MRI PI Train (966).jpg,Pituitary,224,224,RGB,8,3,0.0,225.0
Training/Meningioma/BT-MRI  ME Train (895).jpg,Meningioma,224,224,RGB,8,3,0.0,255.0
Training/Pituitary/BT-MRI PI Train (1443).jpg,Pituitary,224,224,RGB,8,3,0.0,231.0
Training/Pituitary/BT-MRI PI Train (360).jpg,Pituitary,224,224,RGB,8,3,0.0,251.0
Testing/Glioma/BT-MRI Test GL (199).jpg,Glioma,224,224,RGB,8,3,0.0,241.0
Testing/No-tumor/BT-MRI NO Test (386).jpg,No-tumor,224,224,RGB,8,3,0.0,236.0
Testing/No-tumor/BT-MRI NO Test (192).jpg,No-tumor,224,224,RGB,8,3,0.0,255.0
Training/No-tumor/BT-MRI NO Train (1444).jpg,No-tumor,224,224,RGB,8,3,0.0,255.0
Training/No-tumor/BT-MRI NO Train (623).jpg,No-tumor,224,224,RGB,8,3,0.0,255.0
Training/No-tumor/BT-MRI NO Train (1566).jpg,No-tumor,224,224,RGB,8,3,0.0,255.0
Training/Meningioma/BT-MRI  ME Train (1291).jpg,Meningioma,224,224,RGB,8,3,0.0,251.0
Testing/Glioma/BT-MRI Test GL (163).jpg,Glioma,224,224,RGB,8,3,0.0,225.0
Testing/Meningioma/BT-MRI ME Test (183).jpg,Meningioma,224,224,RGB,8,3,0.0,240.0
Training/No-tumor/BT-MRI NO Train (1173).jpg,No-tumor,224,224,RGB,8,3,0.0,255.0
Training/Meningioma/BT-MRI  ME Train (891).jpg,Meningioma,224,224,RGB,8,3,0.0,255.0
Training/No-tumor/BT-MRI NO Train (1256).jpg,No-tumor,224,224,RGB,8,3,0.0,255.0
Training/Meningioma/BT-MRI  ME Train (155).jpg,Meningioma,224,224,RGB,8,3,0.0,237.0
Testing/No-tumor/BT-MRI NO Test (144).jpg,No-tumor,224,224,RGB,8,3,0.0,255.0
Training/Meningioma/BT-MRI  ME Train (399).jpg,Meningioma,224,224,RGB,8,3,0.0,255.0
Training/Meningioma/BT-MRI  ME Train (1324).jpg,Meningioma,224,224,RGB,8,3,0.0,249.0
Training/Pituitary/BT-MRI PI Train (669).jpg,Pituitary,224,224,RGB,8,3,0.0,209.0
Testing/Meningioma/BT-MRI ME Test (282).jpg,Meningioma,224,224,RGB,8,3,0.0,255.0
Training/Glioma/BT-MRI GL Train  (1321).jpg,Glioma,224,224,RGB,8,3,0.0,239.0
Training/Meningioma/BT-MRI  ME Train (1118).jpg,Meningioma,224,224,RGB,8,3,0.0,255.0
Training/No-tumor/BT-MRI NO Train (1237).jpg,No-tumor,224,224,RGB,8,3,0.0,255.0
Training/Pituitary/BT-MRI PI Train (553).jpg,Pituitary,224,224,RGB,8,3,0.0,249.0
Training/Glioma/BT-MRI GL Train  (254).jpg,Glioma,224,224,RGB,8,3,0.0,231.0
Training/Glioma/BT-MRI GL Train  (715).jpg,Glioma,224,224,RGB,8,3,0.0,244.0
Training/Meningioma/BT-MRI  ME Train (1099).jpg,Meningioma,224,224,RGB,8,3,0.0,253.0
Training/Pituitary/BT-MRI PI Train (1004).jpg,Pituitary,224,224,RGB,8,3,0.0,216.0
Training/Pituitary/BT-MRI PI Train (135).jpg,Pituitary,224,224,RGB,8,3,0.0,255.0
Training/Pituitary/BT-MRI PI Train (1105).jpg,Pituitary,224,224,RGB,8,3,0.0,245.0
Training/No-tumor/BT-MRI NO Train (1512).jpg,No-tumor,224,224,RGB,8,3,0.0,255.0
Testing/No-tumor/BT-MRI NO Test (142).jpg,No-tumor,224,224,RGB,8,3,0.0,255.0
Training/No-tumor/BT-MRI NO Train (1326).jpg,No-tumor,224,224,RGB,8,3,0.0,255.0
Training/No-tumor/BT-MRI NO Train (788).jpg,No-tumor,224,224,RGB,8,3,0.0,255.0
Training/Meningioma/BT-MRI  ME Train (719).jpg,Meningioma,224,224,RGB,8,3,0.0,255.0
Training/Pituitary/BT-MRI PI Train (607).jpg,Pituitary,224,224,RGB,8,3,0.0,214.0
Training/Pituitary/BT-MRI PI Train (1401).jpg,Pituitary,224,224,RGB,8,3,0.0,240.0
Training/Glioma/BT-MRI GL Train  (539).jpg,Glioma,224,224,RGB,8,3,0.0,224.0
Training/Meningioma/BT-MRI  ME Train (254).jpg,Meningioma,224,224,RGB,8,3,0.0,255.0
Training/Pituitary/BT-MRI PI Train (841).jpg,Pituitary,224,224,RGB,8,3,0.0,245.0
Training/Meningioma/BT-MRI  ME Train (998).jpg,Meningioma,224,224,RGB,8,3,0.0,241.0
Training/Glioma/BT-MRI GL Train  (1302).jpg,Glioma,224,224,RGB,8,3,0.0,243.0
Training/No-tumor/BT-MRI NO Train (56).jpg,No-tumor,224,224,RGB,8,3,0.0,157.0
Training/Glioma/BT-MRI GL Train  (973).jpg,Glioma,224,224,RGB,8,3,0.0,251.0
Training/Pituitary/BT-MRI PI Train (1312).jpg,Pituitary,224,224,RGB,8,3,0.0,246.0
Training/Pituitary/BT-MRI PI Train (372).jpg,Pituitary,224,224,RGB,8,3,0.0,255.0
Training/Glioma/BT-MRI GL Train  (451).jpg,Glioma,224,224,RGB,8,3,0.0,253.0
Training/Meningioma/BT-MRI  ME Train (1077).jpg,Meningioma,224,224,RGB,8,3,0.0,246.0
Training/No-tumor/BT-MRI NO Train (1591).jpg,No-tumor,224,224,RGB,8,3,0.0,255.0
Training/Meningioma/BT-MRI  ME Train (356).jpg,Meningioma,224,224,RGB,8,3,0.0,255.0
Training/Meningioma/BT-MRI  ME Train (658).jpg,Meningioma,224,224,RGB,8,3,0.0,255.0
Training/Glioma/BT-MRI GL Train  (1188).jpg,Glioma,224,224,RGB,8,3,0.0,249.0
Training/Glioma/BT-MRI GL Train  (930).jpg,Glioma,224,224,RGB,8,3,0.0,247.0
Training/Glioma/BT-MRI GL Train  (1315).jpg,Glioma,224,224,RGB,8,3,0.0,237.0
Training/Meningioma/BT-MRI  ME Train (311).jpg,Meningioma,224,224,RGB,8,3,0.0,255.0
Training/Meningioma/BT-MRI  ME Train (970).jpg,Meningioma,224,224,RGB,8,3,0.0,239.0
Training/Pituitary/BT-MRI PI Train (1011).jpg,Pituitary,224,224,RGB,8,3,0.0,230.0
Training/Glioma/BT-MRI GL Train  (945).jpg,Glioma,224,224,RGB,8,3,0.0,227.0
Testing/Pituitary/BT-MRI PI Test (62).jpg,Pituitary,224,224,RGB,8,3,0.0,255.0
Training/Meningioma/BT-MRI  ME Train (228).jpg,Meningioma,224,224,RGB,8,3,0.0,246.0
Training/Meningioma/BT-MRI  ME Train (253).jpg,Meningioma,224,224,RGB,8,3,0.0,255.0
Training/No-tumor/BT-MRI NO Train (1063).jpg,No-tumor,224,224,RGB,8,3,0.0,255.0
Training/Glioma/BT-MRI GL Train  (770).jpg,Glioma,224,224,RGB,8,3,0.0,248.0
Training/Meningioma/BT-MRI  ME Train (950).jpg,Meningioma,224,224,RGB,8,3,0.0,247.0
Training/No-tumor/BT-MRI NO Train (417).jpg,No-tumor,224,224,RGB,8,3,0.0,255.0
Training/Pituitary/BT-MRI PI Train (814).jpg,Pituitary,224,224,RGB,8,3,0.0,230.0
Training/No-tumor/BT-MRI NO Train (503).jpg,No-tumor,224,224,RGB,8,3,0.0,255.0
Testing/Glioma/BT-MRI Test GL (220).jpg,Glioma,224,224,RGB,8,3,0.0,238.0
Training/No-tumor/BT-MRI NO Train (816).jpg,No-tumor,224,224,RGB,8,3,0.0,255.0
Training/Glioma/BT-MRI GL Train  (195).jpg,Glioma,224,224,RGB,8,3,0.0,255.0
Training/No-tumor/BT-MRI NO Train (459).jpg,No-tumor,224,224,RGB,8,3,0.0,255.0
Training/Glioma/BT-MRI GL Train  (923).jpg,Glioma,224,224,RGB,8,3,0.0,223.0
Training/Glioma/BT-MRI GL Train  (347).jpg,Glioma,224,224,RGB,8,3,0.0,230.0
Training/Pituitary/BT-MRI PI Train (326).jpg,Pituitary,224,224,RGB,8,3,0.0,237.0
Training/Pituitary/BT-MRI PI Train (586).jpg,Pituitary,224,224,RGB,8,3,0.0,247.0
Training/No-tumor/BT-MRI NO Train (646).jpg,No-tumor,224,224,RGB,8,3,0.0,255.0
Training/Pituitary/BT-MRI PI Train (1392).jpg,Pituitary,224,224,RGB,8,3,0.0,235.0
Training/Pituitary/BT-MRI PI Train (148).jpg,Pituitary,224,224,RGB,8,3,0.0,255.0
Training/Pituitary/BT-MRI PI Train (353).jpg,Pituitary,224,224,RGB,8,3,0.0,233.0
Testing/Glioma/BT-MRI Test GL (15).jpg,Glioma,224,224,RGB,8,3,0.0,242.0
Training/Glioma/BT-MRI GL Train  (567).jpg,Glioma,224,224,RGB,8,3,0.0,214.0
Training/Glioma/BT-MRI GL Train  (552).jpg,Glioma,224,224,RGB,8,3,0.0,233.0
Training/Meningioma/BT-MRI  ME Train (959).jpg,Meningioma,224,224,RGB,8,3,0.0,249.0
Testing/No-tumor/BT-MRI NO Test (312).jpg,No-tumor,224,224,RGB,8,3,0.0,255.0
Training/Meningioma/BT-MRI  ME Train (405).jpg,Meningioma,224,224,RGB,8,3,0.0,242.0
Training/Glioma/BT-MRI GL Train  (1218).jpg,Glioma,224,224,RGB,8,3,0.0,254.0
Testing/Glioma/BT-MRI Test GL (226).jpg,Glioma,224,224,RGB,8,3,0.0,242.0
Training/Glioma/BT-MRI GL Train  (191).jpg,Glioma,224,224,RGB,8,3,0.0,236.0
Training/Pituitary/BT-MRI PI Train (67).jpg,Pituitary,224,224,RGB,8,3,0.0,248.0
Training/Pituitary/BT-MRI PI Train (1337).jpg,Pituitary,224,224,RGB,8,3,0.0,242.0
Training/No-tumor/BT-MRI NO Train (1139).jpg,No-tumor,224,224,RGB,8,3,0.0,255.0
Training/No-tumor/BT-MRI NO Train (614).jpg,No-tumor,224,224,RGB,8,3,0.0,255.0
Testing/Glioma/BT-MRI Test GL (31).jpg,Glioma,224,224,RGB,8,3,0.0,247.0
Training/Glioma/BT-MRI GL Train  (257).jpg,Glioma,224,224,RGB,8,3,0.0,243.0
Training/Glioma/BT-MRI GL Train  (1045).jpg,Glioma,224,224,RGB,8,3,0.0,243.0
Testing/No-tumor/BT-MRI NO Test (219).jpg,No-tumor,224,224,RGB,8,3,0.0,255.0
Training/No-tumor/BT-MRI NO Train (564).jpg,No-tumor,224,224,RGB,8,3,0.0,231.0
Training/Glioma/BT-MRI GL Train  (513).jpg,Glioma,224,224,RGB,8,3,0.0,241.0
Training/Glioma/BT-MRI GL Train  (798).jpg,Glioma,224,224,RGB,8,3,0.0,233.0
Training/No-tumor/BT-MRI NO Train (768).jpg,No-tumor,224,224,RGB,8,3,0.0,255.0
Testing/Glioma/BT-MRI Test GL (205).jpg,Glioma,224,224,RGB,8,3,0.0,204.0
Training/No-tumor/BT-MRI NO Train (262).jpg,No-tumor,224,224,RGB,8,3,0.0,240.0
Training/No-tumor/BT-MRI NO Train (796).jpg,No-tumor,224,224,RGB,8,3,0.0,255.0
Training/No-tumor/BT-MRI NO Train (1049).jpg,No-tumor,224,224,RGB,8,3,0.0,255.0
Training/No-tumor/BT-MRI NO Train (1488).jpg,No-tumor,224,224,RGB,8,3,0.0,255.0
Testing/Glioma/BT-MRI Test GL (41).jpg,Glioma,224,224,RGB,8,3,0.0,255.0
Training/Pituitary/BT-MRI PI Train (546).jpg,Pituitary,224,224,RGB,8,3,0.0,220.0
Training/Glioma/BT-MRI GL Train  (640).jpg,Glioma,224,224,RGB,8,3,0.0,247.0
Training/Glioma/BT-MRI GL Train  (661).jpg,Glioma,224,224,RGB,8,3,0.0,238.0
Training/Glioma/BT-MRI GL Train  (672).jpg,Glioma,224,224,RGB,8,3,0.0,230.0
Testing/Meningioma/BT-MRI ME Test (281).jpg,Meningioma,224,224,RGB,8,3,0.0,246.0
Training/No-tumor/BT-MRI NO Train (1464).jpg,No-tumor,224,224,RGB,8,3,0.0,255.0
Testing/Pituitary/BT-MRI PI Test (285).jpg,Pituitary,224,224,RGB,8,3,0.0,255.0
Training/Pituitary/BT-MRI PI Train (731).jpg,Pituitary,224,224,RGB,8,3,0.0,240.0
Training/No-tumor/BT-MRI NO Train (1394).jpg,No-tumor,224,224,RGB,8,3,0.0,255.0
Training/Glioma/BT-MRI GL Train  (432).jpg,Glioma,224,224,RGB,8,3,0.0,212.0
Training/Meningioma/BT-MRI  ME Train (1031).jpg,Meningioma,224,224,RGB,8,3,0.0,244.0
Training/No-tumor/BT-MRI NO Train (300).jpg,No-tumor,224,224,RGB,8,3,17.0,255.0
Training/No-tumor/BT-MRI NO Train (1553).jpg,No-tumor,224,224,RGB,8,3,0.0,250.0
Training/No-tumor/BT-MRI NO Train (611).jpg,No-tumor,224,224,RGB,8,3,0.0,255.0
Training/Glioma/BT-MRI GL Train  (802).jpg,Glioma,224,224,RGB,8,3,0.0,226.0
Training/Pituitary/BT-MRI PI Train (753).jpg,Pituitary,224,224,RGB,8,3,0.0,239.0
Training/Meningioma/BT-MRI  ME Train (1327).jpg,Meningioma,224,224,RGB,8,3,0.0,238.0
Training/No-tumor/BT-MRI NO Train (1050).jpg,No-tumor,224,224,RGB,8,3,0.0,247.0
Training/Pituitary/BT-MRI PI Train (781).jpg,Pituitary,224,224,RGB,8,3,0.0,247.0
Training/Meningioma/BT-MRI  ME Train (173).jpg,Meningioma,224,224,RGB,8,3,0.0,255.0
Training/Pituitary/BT-MRI PI Train (908).jpg,Pituitary,224,224,RGB,8,3,0.0,221.0
Training/Pituitary/BT-MRI PI Train (726).jpg,Pituitary,224,224,RGB,8,3,0.0,253.0
Training/Meningioma/BT-MRI  ME Train (674).jpg,Meningioma,224,224,RGB,8,3,0.0,255.0
Training/Meningioma/BT-MRI  ME Train (794).jpg,Meningioma,224,224,RGB,8,3,0.0,241.0
Training/Glioma/BT-MRI GL Train  (68).jpg,Glioma,224,224,RGB,8,3,0.0,239.0
Training/Meningioma/BT-MRI  ME Train (1044).jpg,Meningioma,224,224,RGB,8,3,0.0,230.0
Training/Glioma/BT-MRI GL Train  (993).jpg,Glioma,224,224,RGB,8,3,0.0,252.0
Training/Meningioma/BT-MRI  ME Train (491).jpg,Meningioma,224,224,RGB,8,3,0.0,254.0
Training/No-tumor/BT-MRI NO Train (1443).jpg,No-tumor,224,224,RGB,8,3,0.0,223.0
Training/Pituitary/BT-MRI PI Train (175).jpg,Pituitary,224,224,RGB,8,3,0.0,253.0
Training/Glioma/BT-MRI GL Train  (129).jpg,Glioma,224,224,RGB,8,3,0.0,245.0
Training/Glioma/BT-MRI GL Train  (545).jpg,Glioma,224,224,RGB,8,3,0.0,225.0
Training/Glioma/BT-MRI GL Train  (1173).jpg,Glioma,224,224,RGB,8,3,0.0,250.0
Testing/Glioma/BT-MRI Test GL (147).jpg,Glioma,224,224,RGB,8,3,0.0,227.0
Training/Pituitary/BT-MRI PI Train (808).jpg,Pituitary,224,224,RGB,8,3,0.0,243.0
Training/Pituitary/BT-MRI PI Train (9).jpg,Pituitary,224,224,RGB,8,3,0.0,250.0
Training/Meningioma/BT-MRI  ME Train (54).jpg,Meningioma,224,224,RGB,8,3,0.0,243.0
Training/No-tumor/BT-MRI NO Train (465).jpg,No-tumor,224,224,RGB,8,3,0.0,255.0
Training/Pituitary/BT-MRI PI Train (561).jpg,Pituitary,224,224,RGB,8,3,0.0,209.0
Training/Glioma/BT-MRI GL Train  (456).jpg,Glioma,224,224,RGB,8,3,0.0,228.0
Testing/Meningioma/BT-MRI ME Test (117).jpg,Meningioma,224,224,RGB,8,3,0.0,237.0
Testing/Pituitary/BT-MRI PI Test (165).jpg,Pituitary,224,224,RGB,8,3,0.0,244.0
Training/Meningioma/BT-MRI  ME Train (994).jpg,Meningioma,224,224,RGB,8,3,0.0,247.0
Training/Meningioma/BT-MRI  ME Train (1040).jpg,Meningioma,224,224,RGB,8,3,0.0,252.0
Training/Pituitary/BT-MRI PI Train (1112).jpg,Pituitary,224,224,RGB,8,3,0.0,230.0
Training/Meningioma/BT-MRI  ME Train (955).jpg,Meningioma,224,224,RGB,8,3,0.0,253.0
Training/Pituitary/BT-MRI PI Train (452).jpg,Pituitary,224,224,RGB,8,3,0.0,244.0
Training/Pituitary/BT-MRI PI Train (84).jpg,Pituitary,224,224,RGB,8,3,0.0,230.0
Training/Pituitary/BT-MRI PI Train (1266).jpg,Pituitary,224,224,RGB,8,3,0.0,245.0
Testing/Pituitary/BT-MRI PI Test (126).jpg,Pituitary,224,224,RGB,8,3,0.0,255.0
Training/No-tumor/BT-MRI NO Train (1190).jpg,No-tumor,224,224,RGB,8,3,0.0,214.0
Training/Meningioma/BT-MRI  ME Train (248).jpg,Meningioma,224,224,RGB,8,3,0.0,246.0
Training/Glioma/BT-MRI GL Train  (131).jpg,Glioma,224,224,RGB,8,3,0.0,226.0
Testing/Pituitary/BT-MRI PI Test (261).jpg,Pituitary,224,224,RGB,8,3,0.0,254.0
Testing/No-tumor/BT-MRI NO Test (223).jpg,No-tumor,224,224,RGB,8,3,0.0,255.0
Training/Pituitary/BT-MRI PI Train (75).jpg,Pituitary,224,224,RGB,8,3,0.0,255.0
Training/No-tumor/BT-MRI NO Train (992).jpg,No-tumor,224,224,RGB,8,3,0.0,255.0
Training/Pituitary/BT-MRI PI Train (853).jpg,Pituitary,224,224,RGB,8,3,0.0,244.0
Training/Meningioma/BT-MRI  ME Train (150).jpg,Meningioma,224,224,RGB,8,3,0.0,252.0
Training/Meningioma/BT-MRI  ME Train (776).jpg,Meningioma,224,224,RGB,8,3,0.0,255.0
Training/Glioma/BT-MRI GL Train  (881).jpg,Glioma,224,224,RGB,8,3,0.0,253.0
Training/Pituitary/BT-MRI PI Train (170).jpg,Pituitary,224,224,RGB,8,3,0.0,255.0
Training/Pituitary/BT-MRI PI Train (999).jpg,Pituitary,224,224,RGB,8,3,0.0,250.0
Training/Pituitary/BT-MRI PI Train (1196).jpg,Pituitary,224,224,RGB,8,3,0.0,240.0
Training/Glioma/BT-MRI GL Train  (480).jpg,Glioma,224,224,RGB,8,3,0.0,246.0
Training/Glioma/BT-MRI GL Train  (795).jpg,Glioma,224,224,RGB,8,3,0.0,218.0
Training/Glioma/BT-MRI GL Train  (851).jpg,Glioma,224,224,RGB,8,3,0.0,239.0
Training/Pituitary/BT-MRI PI Train (53).jpg,Pituitary,224,224,RGB,8,3,0.0,254.0
Training/Pituitary/BT-MRI PI Train (1425).jpg,Pituitary,224,224,RGB,8,3,0.0,239.0
Training/Glioma/BT-MRI GL Train  (467).jpg,Glioma,224,224,RGB,8,3,0.0,249.0
Training/Meningioma/BT-MRI  ME Train (657).jpg,Meningioma,224,224,RGB,8,3,0.0,242.0
Training/Glioma/BT-MRI GL Train  (607).jpg,Glioma,224,224,RGB,8,3,0.0,237.0
Testing/Pituitary/BT-MRI PI Test (52).jpg,Pituitary,224,224,RGB,8,3,0.0,239.0
Training/No-tumor/BT-MRI NO Train (1537).jpg,No-tumor,224,224,RGB,8,3,0.0,255.0
Training/No-tumor/BT-MRI NO Train (913).jpg,No-tumor,224,224,RGB,8,3,0.0,255.0
Training/No-tumor/BT-MRI NO Train (757).jpg,No-tumor,224,224,RGB,8,3,0.0,255.0
Training/Meningioma/BT-MRI  ME Train (411).jpg,Meningioma,224,224,RGB,8,3,0.0,236.0
Training/Meningioma/BT-MRI  ME Train (398).jpg,Meningioma,224,224,RGB,8,3,0.0,238.0
Training/No-tumor/BT-MRI NO Train (569).jpg,No-tumor,224,224,RGB,8,3,0.0,253.0
Training/Pituitary/BT-MRI PI Train (150).jpg,Pituitary,224,224,RGB,8,3,0.0,245.0
Testing/Pituitary/BT-MRI PI Test (236).jpg,Pituitary,224,224,RGB,8,3,0.0,255.0
Training/Meningioma/BT-MRI  ME Train (739).jpg,Meningioma,224,224,RGB,8,3,0.0,254.0
Training/Glioma/BT-MRI GL Train  (1032).jpg,Glioma,224,224,RGB,8,3,0.0,247.0
Training/Meningioma/BT-MRI  ME Train (463).jpg,Meningioma,224,224,RGB,8,3,0.0,244.0
Training/Pituitary/BT-MRI PI Train (1385).jpg,Pituitary,224,224,RGB,8,3,0.0,243.0
Training/Pituitary/BT-MRI PI Train (93).jpg,Pituitary,224,224,RGB,8,3,0.0,255.0
Training/No-tumor/BT-MRI NO Train (1479).jpg,No-tumor,224,224,RGB,8,3,0.0,255.0
Training/Pituitary/BT-MRI PI Train (1156).jpg,Pituitary,224,224,RGB,8,3,0.0,247.0
Training/Meningioma/BT-MRI  ME Train (849).jpg,Meningioma,224,224,RGB,8,3,0.0,239.0
Training/Meningioma/BT-MRI  ME Train (296).jpg,Meningioma,224,224,RGB,8,3,0.0,232.0
Training/Glioma/BT-MRI GL Train  (1101).jpg,Glioma,224,224,RGB,8,3,0.0,241.0
Training/No-tumor/BT-MRI NO Train (723).jpg,No-tumor,224,224,RGB,8,3,0.0,255.0
Training/Pituitary/BT-MRI PI Train (900).jpg,Pituitary,224,224,RGB,8,3,0.0,255.0
Training/Glioma/BT-MRI GL Train  (982).jpg,Glioma,224,224,RGB,8,3,0.0,251.0
Training/Meningioma/BT-MRI  ME Train (818).jpg,Meningioma,224,224,RGB,8,3,0.0,244.0
Training/Glioma/BT-MRI GL Train  (595).jpg,Glioma,224,224,RGB,8,3,0.0,245.0
Training/Meningioma/BT-MRI  ME Train (252).jpg,Meningioma,224,224,RGB,8,3,0.0,255.0
Testing/Meningioma/BT-MRI ME Test (208).jpg,Meningioma,224,224,RGB,8,3,0.0,247.0
Training/Glioma/BT-MRI GL Train  (786).jpg,Glioma,224,224,RGB,8,3,0.0,226.0
Testing/No-tumor/BT-MRI NO Test (373).jpg,No-tumor,224,224,RGB,8,3,0.0,254.0
Training/Meningioma/BT-MRI  ME Train (403).jpg,Meningioma,224,224,RGB,8,3,0.0,241.0
Training/Meningioma/BT-MRI  ME Train (1219).jpg,Meningioma,224,224,RGB,8,3,0.0,236.0
Training/Glioma/BT-MRI GL Train  (29).jpg,Glioma,224,224,RGB,8,3,0.0,248.0
Training/Glioma/BT-MRI GL Train  (314).jpg,Glioma,224,224,RGB,8,3,0.0,203.0
Training/Pituitary/BT-MRI PI Train (1089).jpg,Pituitary,224,224,RGB,8,3,0.0,227.0
Training/No-tumor/BT-MRI NO Train (1238).jpg,No-tumor,224,224,RGB,8,3,0.0,255.0
Training/Glioma/BT-MRI GL Train  (338).jpg,Glioma,224,224,RGB,8,3,0.0,226.0
Testing/No-tumor/BT-MRI NO Test (118).jpg,No-tumor,224,224,RGB,8,3,0.0,252.0
Testing/Meningioma/BT-MRI ME Test (139).jpg,Meningioma,224,224,RGB,8,3,0.0,212.0
Training/Meningioma/BT-MRI  ME Train (1132).jpg,Meningioma,224,224,RGB,8,3,0.0,243.0
Training/Meningioma/BT-MRI  ME Train (813).jpg,Meningioma,224,224,RGB,8,3,0.0,238.0
Testing/No-tumor/BT-MRI NO Test (128).jpg,No-tumor,224,224,RGB,8,3,0.0,255.0
Training/Pituitary/BT-MRI PI Train (216).jpg,Pituitary,224,224,RGB,8,3,0.0,252.0
Testing/Pituitary/BT-MRI PI Test (19).jpg,Pituitary,224,224,RGB,8,3,0.0,243.0
Training/Pituitary/BT-MRI PI Train (287).jpg,Pituitary,224,224,RGB,8,3,0.0,254.0
Training/Pituitary/BT-MRI PI Train (1242).jpg,Pituitary,224,224,RGB,8,3,0.0,250.0
Training/No-tumor/BT-MRI NO Train (391).jpg,No-tumor,224,224,RGB,8,3,0.0,255.0
Testing/No-tumor/BT-MRI NO Test (238).jpg,No-tumor,224,224,RGB,8,3,0.0,216.0
Testing/Pituitary/BT-MRI PI Test (287).jpg,Pituitary,224,224,RGB,8,3,0.0,255.0
Training/Glioma/BT-MRI GL Train  (159).jpg,Glioma,224,224,RGB,8,3,0.0,236.0
Training/Pituitary/BT-MRI PI Train (942).jpg,Pituitary,224,224,RGB,8,3,0.0,240.0
Training/Meningioma/BT-MRI  ME Train (1061).jpg,Meningioma,224,224,RGB,8,3,0.0,239.0
Training/Meningioma/BT-MRI  ME Train (1120).jpg,Meningioma,224,224,RGB,8,3,0.0,250.0
Training/Meningioma/BT-MRI  ME Train (293).jpg,Meningioma,224,224,RGB,8,3,0.0,235.0
Training/Glioma/BT-MRI GL Train  (759).jpg,Glioma,224,224,RGB,8,3,0.0,248.0
Training/Glioma/BT-MRI GL Train  (818).jpg,Glioma,224,224,RGB,8,3,0.0,252.0
Training/Pituitary/BT-MRI PI Train (325).jpg,Pituitary,224,224,RGB,8,3,0.0,242.0
Training/Glioma/BT-MRI GL Train  (1273).jpg,Glioma,224,224,RGB,8,3,0.0,216.0
Training/Pituitary/BT-MRI PI Train (483).jpg,Pituitary,224,224,RGB,8,3,0.0,238.0
Training/Meningioma/BT-MRI  ME Train (69).jpg,Meningioma,224,224,RGB,8,3,0.0,252.0
Training/Pituitary/BT-MRI PI Train (1225).jpg,Pituitary,224,224,RGB,8,3,0.0,243.0
Training/Meningioma/BT-MRI  ME Train (11).jpg,Meningioma,224,224,RGB,8,3,0.0,236.0
Training/Pituitary/BT-MRI PI Train (1174).jpg,Pituitary,224,224,RGB,8,3,0.0,253.0
Training/No-tumor/BT-MRI NO Train (612).jpg,No-tumor,224,224,RGB,8,3,0.0,255.0
Training/Meningioma/BT-MRI  ME Train (826).jpg,Meningioma,224,224,RGB,8,3,0.0,249.0
Training/Meningioma/BT-MRI  ME Train (586).jpg,Meningioma,224,224,RGB,8,3,0.0,255.0
Training/Meningioma/BT-MRI  ME Train (765).jpg,Meningioma,224,224,RGB,8,3,0.0,254.0
Training/No-tumor/BT-MRI NO Train (424).jpg,No-tumor,224,224,RGB,8,3,0.0,255.0
Training/No-tumor/BT-MRI NO Train (1012).jpg,No-tumor,224,224,RGB,8,3,0.0,247.0
Training/Meningioma/BT-MRI  ME Train (423).jpg,Meningioma,224,224,RGB,8,3,0.0,246.0
Training/Pituitary/BT-MRI PI Train (673).jpg,Pituitary,224,224,RGB,8,3,0.0,240.0
Training/Pituitary/BT-MRI PI Train (156).jpg,Pituitary,224,224,RGB,8,3,0.0,236.0
Training/Meningioma/BT-MRI  ME Train (587).jpg,Meningioma,224,224,RGB,8,3,0.0,255.0
Testing/No-tumor/BT-MRI NO Test (376).jpg,No-tumor,224,224,RGB,8,3,0.0,255.0
Training/No-tumor/BT-MRI NO Train (181).jpg,No-tumor,224,224,RGB,8,3,0.0,255.0
Training/Pituitary/BT-MRI PI Train (193).jpg,Pituitary,224,224,RGB,8,3,0.0,232.0
Testing/Glioma/BT-MRI Test GL (190).jpg,Glioma,224,224,RGB,8,3,0.0,248.0
Training/Meningioma/BT-MRI  ME Train (194).jpg,Meningioma,224,224,RGB,8,3,0.0,255.0
Training/Pituitary/BT-MRI PI Train (939).jpg,Pituitary,224,224,RGB,8,3,0.0,240.0
Training/Glioma/BT-MRI GL Train  (61).jpg,Glioma,224,224,RGB,8,3,0.0,242.0
Training/Pituitary/BT-MRI PI Train (625).jpg,Pituitary,224,224,RGB,8,3,0.0,241.0
Training/Pituitary/BT-MRI PI Train (1285).jpg,Pituitary,224,224,RGB,8,3,0.0,253.0
Training/Pituitary/BT-MRI PI Train (453).jpg,Pituitary,224,224,RGB,8,3,0.0,246.0
Training/Pituitary/BT-MRI PI Train (56).jpg,Pituitary,224,224,RGB,8,3,0.0,246.0
Testing/Pituitary/BT-MRI PI Test (25).jpg,Pituitary,224,224,RGB,8,3,0.0,218.0
Training/Pituitary/BT-MRI PI Train (530).jpg,Pituitary,224,224,RGB,8,3,0.0,249.0
Training/Pituitary/BT-MRI PI Train (501).jpg,Pituitary,224,224,RGB,8,3,0.0,231.0
Training/Glioma/BT-MRI GL Train  (523).jpg,Glioma,224,224,RGB,8,3,0.0,227.0
Training/Pituitary/BT-MRI PI Train (807).jpg,Pituitary,224,224,RGB,8,3,0.0,251.0
Training/Pituitary/BT-MRI PI Train (302).jpg,Pituitary,224,224,RGB,8,3,0.0,248.0
Training/No-tumor/BT-MRI NO Train (883).jpg,No-tumor,224,224,RGB,8,3,0.0,255.0
Training/Pituitary/BT-MRI PI Train (1104).jpg,Pituitary,224,224,RGB,8,3,0.0,240.0
Training/Meningioma/BT-MRI  ME Train (771).jpg,Meningioma,224,224,RGB,8,3,0.0,254.0
Training/Glioma/BT-MRI GL Train  (1000).jpg,Glioma,224,224,RGB,8,3,0.0,250.0
Training/Glioma/BT-MRI GL Train  (37).jpg,Glioma,224,224,RGB,8,3,0.0,246.0
Testing/No-tumor/BT-MRI NO Test (224).jpg,No-tumor,224,224,RGB,8,3,0.0,255.0
Training/No-tumor/BT-MRI NO Train (1214).jpg,No-tumor,224,224,RGB,8,3,0.0,245.0
Training/Meningioma/BT-MRI  ME Train (1231).jpg,Meningioma,224,224,RGB,8,3,0.0,252.0
Training/No-tumor/BT-MRI NO Train (548).jpg,No-tumor,224,224,RGB,8,3,0.0,251.0
Training/Glioma/BT-MRI GL Train  (1172).jpg,Glioma,224,224,RGB,8,3,0.0,245.0
Testing/Meningioma/BT-MRI ME Test (225).jpg,Meningioma,224,224,RGB,8,3,0.0,243.0
Training/Meningioma/BT-MRI  ME Train (214).jpg,Meningioma,224,224,RGB,8,3,0.0,255.0
Training/Glioma/BT-MRI GL Train  (1221).jpg,Glioma,224,224,RGB,8,3,0.0,229.0
Training/Pituitary/BT-MRI PI Train (1195).jpg,Pituitary,224,224,RGB,8,3,0.0,253.0
Training/No-tumor/BT-MRI NO Train (681).jpg,No-tumor,224,224,RGB,8,3,0.0,255.0
Training/Glioma/BT-MRI GL Train  (777).jpg,Glioma,224,224,RGB,8,3,0.0,239.0
Training/No-tumor/BT-MRI NO Train (378).jpg,No-tumor,224,224,RGB,8,3,0.0,255.0
Training/No-tumor/BT-MRI NO Train (305).jpg,No-tumor,224,224,RGB,8,3,18.0,255.0
Training/Glioma/BT-MRI GL Train  (591).jpg,Glioma,224,224,RGB,8,3,0.0,245.0
Training/No-tumor/BT-MRI NO Train (1458).jpg,No-tumor,224,224,RGB,8,3,0.0,255.0
Training/Meningioma/BT-MRI  ME Train (1277).jpg,Meningioma,224,224,RGB,8,3,0.0,254.0
Training/No-tumor/BT-MRI NO Train (1410).jpg,No-tumor,224,224,RGB,8,3,0.0,255.0
Training/Pituitary/BT-MRI PI Train (740).jpg,Pituitary,224,224,RGB,8,3,0.0,250.0
Training/Pituitary/BT-MRI PI Train (563).jpg,Pituitary,224,224,RGB,8,3,0.0,251.0
Training/Meningioma/BT-MRI  ME Train (1245).jpg,Meningioma,224,224,RGB,8,3,0.0,248.0
Testing/Pituitary/BT-MRI PI Test (163).jpg,Pituitary,224,224,RGB,8,3,0.0,240.0
Training/No-tumor/BT-MRI NO Train (75).jpg,No-tumor,224,224,RGB,8,3,0.0,255.0
Training/Glioma/BT-MRI GL Train  (295).jpg,Glioma,224,224,RGB,8,3,0.0,227.0
Training/Meningioma/BT-MRI  ME Train (1150).jpg,Meningioma,224,224,RGB,8,3,0.0,253.0
Training/No-tumor/BT-MRI NO Train (1104).jpg,No-tumor,224,224,RGB,8,3,0.0,255.0
Training/Glioma/BT-MRI GL Train  (311).jpg,Glioma,224,224,RGB,8,3,0.0,206.0
Training/Meningioma/BT-MRI  ME Train (790).jpg,Meningioma,224,224,RGB,8,3,0.0,249.0
Training/Pituitary/BT-MRI PI Train (579).jpg,Pituitary,224,224,RGB,8,3,0.0,236.0
Training/Meningioma/BT-MRI  ME Train (635).jpg,Meningioma,224,224,RGB,8,3,0.0,253.0
Training/No-tumor/BT-MRI NO Train (1409).jpg,No-tumor,224,224,RGB,8,3,0.0,255.0
Testing/Glioma/BT-MRI Test GL (49).jpg,Glioma,224,224,RGB,8,3,0.0,248.0
Training/Meningioma/BT-MRI  ME Train (479).jpg,Meningioma,224,224,RGB,8,3,0.0,231.0
Training/Pituitary/BT-MRI PI Train (748).jpg,Pituitary,224,224,RGB,8,3,0.0,248.0
Training/Meningioma/BT-MRI  ME Train (30).jpg,Meningioma,224,224,RGB,8,3,0.0,248.0
Training/Meningioma/BT-MRI  ME Train (1108).jpg,Meningioma,224,224,RGB,8,3,0.0,244.0
Training/Glioma/BT-MRI GL Train  (49).jpg,Glioma,224,224,RGB,8,3,0.0,245.0
Training/No-tumor/BT-MRI NO Train (997).jpg,No-tumor,224,224,RGB,8,3,4.0,219.0
Training/Meningioma/BT-MRI  ME Train (863).jpg,Meningioma,224,224,RGB,8,3,0.0,233.0
Testing/No-tumor/BT-MRI NO Test (273).jpg,No-tumor,224,224,RGB,8,3,0.0,255.0
Training/Meningioma/BT-MRI  ME Train (199).jpg,Meningioma,224,224,RGB,8,3,0.0,255.0
Training/Pituitary/BT-MRI PI Train (52).jpg,Pituitary,224,224,RGB,8,3,0.0,255.0
Training/Pituitary/BT-MRI PI Train (12).jpg,Pituitary,224,224,RGB,8,3,0.0,255.0
Testing/Glioma/BT-MRI Test GL (68).jpg,Glioma,224,224,RGB,8,3,0.0,245.0
Training/Glioma/BT-MRI GL Train  (45).jpg,Glioma,224,224,RGB,8,3,0.0,228.0
Training/Pituitary/BT-MRI PI Train (1362).jpg,Pituitary,224,224,RGB,8,3,0.0,251.0
Training/Glioma/BT-MRI GL Train  (1291).jpg,Glioma,224,224,RGB,8,3,0.0,243.0
Training/Pituitary/BT-MRI PI Train (1253).jpg,Pituitary,224,224,RGB,8,3,0.0,248.0
Training/Meningioma/BT-MRI  ME Train (803).jpg,Meningioma,224,224,RGB,8,3,0.0,220.0
Training/No-tumor/BT-MRI NO Train (1587).jpg,No-tumor,224,224,RGB,8,3,0.0,255.0
Training/Glioma/BT-MRI GL Train  (944).jpg,Glioma,224,224,RGB,8,3,0.0,250.0
Testing/Meningioma/BT-MRI ME Test (265).jpg,Meningioma,224,224,RGB,8,3,0.0,252.0
Training/No-tumor/BT-MRI NO Train (618).jpg,No-tumor,224,224,RGB,8,3,0.0,255.0
Testing/Meningioma/BT-MRI ME Test (167).jpg,Meningioma,224,224,RGB,8,3,0.0,234.0
Training/Meningioma/BT-MRI  ME Train (833).jpg,Meningioma,224,224,RGB,8,3,0.0,246.0
Training/Pituitary/BT-MRI PI Train (506).jpg,Pituitary,224,224,RGB,8,3,0.0,223.0
Training/Pituitary/BT-MRI PI Train (1189).jpg,Pituitary,224,224,RGB,8,3,0.0,240.0
Training/Meningioma/BT-MRI  ME Train (100).jpg,Meningioma,224,224,RGB,8,3,0.0,238.0
Training/Glioma/BT-MRI GL Train  (942).jpg,Glioma,224,224,RGB,8,3,0.0,255.0
Training/Meningioma/BT-MRI  ME Train (560).jpg,Meningioma,224,224,RGB,8,3,0.0,253.0
Training/Glioma/BT-MRI GL Train  (707).jpg,Glioma,224,224,RGB,8,3,0.0,241.0
Training/Pituitary/BT-MRI PI Train (261).jpg,Pituitary,224,224,RGB,8,3,0.0,250.0
Training/Glioma/BT-MRI GL Train  (22).jpg,Glioma,224,224,RGB,8,3,0.0,223.0
Training/Glioma/BT-MRI GL Train  (1114).jpg,Glioma,224,224,RGB,8,3,0.0,250.0
Training/Meningioma/BT-MRI  ME Train (523).jpg,Meningioma,224,224,RGB,8,3,0.0,237.0
Training/Glioma/BT-MRI GL Train  (614).jpg,Glioma,224,224,RGB,8,3,0.0,228.0
Training/Glioma/BT-MRI GL Train  (1271).jpg,Glioma,224,224,RGB,8,3,0.0,248.0
Training/Glioma/BT-MRI GL Train  (351).jpg,Glioma,224,224,RGB,8,3,0.0,226.0
Training/No-tumor/BT-MRI NO Train (455).jpg,No-tumor,224,224,RGB,8,3,0.0,255.0
Training/Meningioma/BT-MRI  ME Train (447).jpg,Meningioma,224,224,RGB,8,3,0.0,241.0
Training/No-tumor/BT-MRI NO Train (1433).jpg,No-tumor,224,224,RGB,8,3,0.0,255.0
Training/Glioma/BT-MRI GL Train  (1212).jpg,Glioma,224,224,RGB,8,3,0.0,232.0
Training/No-tumor/BT-MRI NO Train (650).jpg,No-tumor,224,224,RGB,8,3,0.0,255.0
Training/No-tumor/BT-MRI NO Train (1089).jpg,No-tumor,224,224,RGB,8,3,0.0,255.0
Testing/Glioma/BT-MRI Test GL (7).jpg,Glioma,224,224,RGB,8,3,0.0,240.0
Training/Pituitary/BT-MRI PI Train (562).jpg,Pituitary,224,224,RGB,8,3,0.0,252.0
Training/Meningioma/BT-MRI  ME Train (628).jpg,Meningioma,224,224,RGB,8,3,0.0,245.0
Training/Meningioma/BT-MRI  ME Train (355).jpg,Meningioma,224,224,RGB,8,3,2.0,241.0
Testing/Glioma/BT-MRI Test GL (252).jpg,Glioma,224,224,RGB,8,3,0.0,251.0
Training/No-tumor/BT-MRI NO Train (966).jpg,No-tumor,224,224,RGB,8,3,0.0,255.0
Training/Meningioma/BT-MRI  ME Train (341).jpg,Meningioma,224,224,RGB,8,3,0.0,255.0
Training/Meningioma/BT-MRI  ME Train (34).jpg,Meningioma,224,224,RGB,8,3,0.0,242.0
Training/No-tumor/BT-MRI NO Train (1026).jpg,No-tumor,224,224,RGB,8,3,0.0,255.0
Training/No-tumor/BT-MRI NO Train (549).jpg,No-tumor,224,224,RGB,8,3,0.0,255.0
Training/Meningioma/BT-MRI  ME Train (600).jpg,Meningioma,224,224,RGB,8,3,0.0,245.0
Training/Glioma/BT-MRI GL Train  (1147).jpg,Glioma,224,224,RGB,8,3,0.0,241.0
Training/Meningioma/BT-MRI  ME Train (749).jpg,Meningioma,224,224,RGB,8,3,0.0,246.0
Training/Glioma/BT-MRI GL Train  (934).jpg,Glioma,224,224,RGB,8,3,0.0,232.0
Training/Pituitary/BT-MRI PI Train (1245).jpg,Pituitary,224,224,RGB,8,3,0.0,243.0
Training/Glioma/BT-MRI GL Train  (1099).jpg,Glioma,224,224,RGB,8,3,0.0,229.0
Training/Pituitary/BT-MRI PI Train (177).jpg,Pituitary,224,224,RGB,8,3,0.0,243.0
Training/No-tumor/BT-MRI NO Train (511).jpg,No-tumor,224,224,RGB,8,3,0.0,255.0
Training/Glioma/BT-MRI GL Train  (1241).jpg,Glioma,224,224,RGB,8,3,0.0,226.0
Training/No-tumor/BT-MRI NO Train (1401).jpg,No-tumor,224,224,RGB,8,3,0.0,255.0
Testing/No-tumor/BT-MRI NO Test (143).jpg,No-tumor,224,224,RGB,8,3,0.0,255.0
Training/No-tumor/BT-MRI NO Train (1240).jpg,No-tumor,224,224,RGB,8,3,0.0,255.0
Training/Pituitary/BT-MRI PI Train (1076).jpg,Pituitary,224,224,RGB,8,3,0.0,247.0
Training/Meningioma/BT-MRI  ME Train (913).jpg,Meningioma,224,224,RGB,8,3,0.0,238.0
Training/Glioma/BT-MRI GL Train  (145).jpg,Glioma,224,224,RGB,8,3,0.0,239.0
Training/Glioma/BT-MRI GL Train  (596).jpg,Glioma,224,224,RGB,8,3,0.0,252.0
Training/Glioma/BT-MRI GL Train  (1278).jpg,Glioma,224,224,RGB,8,3,0.0,242.0
Training/Pituitary/BT-MRI PI Train (1265).jpg,Pituitary,224,224,RGB,8,3,0.0,242.0
Training/Glioma/BT-MRI GL Train  (915).jpg,Glioma,224,224,RGB,8,3,0.0,243.0
Training/No-tumor/BT-MRI NO Train (1349).jpg,No-tumor,224,224,RGB,8,3,0.0,255.0
Training/Pituitary/BT-MRI PI Train (593).jpg,Pituitary,224,224,RGB,8,3,0.0,237.0
Training/Glioma/BT-MRI GL Train  (921).jpg,Glioma,224,224,RGB,8,3,0.0,243.0
Training/Pituitary/BT-MRI PI Train (866).jpg,Pituitary,224,224,RGB,8,3,0.0,255.0
Training/No-tumor/BT-MRI NO Train (368).jpg,No-tumor,224,224,RGB,8,3,7.0,255.0
Training/Meningioma/BT-MRI  ME Train (280).jpg,Meningioma,224,224,RGB,8,3,0.0,239.0
Testing/Meningioma/BT-MRI ME Test (116).jpg,Meningioma,224,224,RGB,8,3,0.0,255.0
Training/Glioma/BT-MRI GL Train  (761).jpg,Glioma,224,224,RGB,8,3,0.0,251.0
Training/Meningioma/BT-MRI  ME Train (451).jpg,Meningioma,224,224,RGB,8,3,0.0,240.0
Training/Meningioma/BT-MRI  ME Train (750).jpg,Meningioma,224,224,RGB,8,3,0.0,252.0
Training/Meningioma/BT-MRI  ME Train (1317).jpg,Meningioma,224,224,RGB,8,3,0.0,248.0
Training/No-tumor/BT-MRI NO Train (1029).jpg,No-tumor,224,224,RGB,8,3,0.0,254.0
Training/Meningioma/BT-MRI  ME Train (1105).jpg,Meningioma,224,224,RGB,8,3,0.0,255.0
Training/Pituitary/BT-MRI PI Train (1241).jpg,Pituitary,224,224,RGB,8,3,0.0,236.0
Training/Pituitary/BT-MRI PI Train (614).jpg,Pituitary,224,224,RGB,8,3,0.0,250.0
Testing/Pituitary/BT-MRI PI Test (142).jpg,Pituitary,224,224,RGB,8,3,0.0,225.0
Training/Glioma/BT-MRI GL Train  (1067).jpg,Glioma,224,224,RGB,8,3,0.0,238.0
Training/Meningioma/BT-MRI  ME Train (244).jpg,Meningioma,224,224,RGB,8,3,0.0,255.0
Training/Meningioma/BT-MRI  ME Train (952).jpg,Meningioma,224,224,RGB,8,3,0.0,231.0
Training/No-tumor/BT-MRI NO Train (39).jpg,No-tumor,224,224,RGB,8,3,0.0,255.0
Training/Pituitary/BT-MRI PI Train (400).jpg,Pituitary,224,224,RGB,8,3,0.0,247.0
Training/Meningioma/BT-MRI  ME Train (90).jpg,Meningioma,224,224,RGB,8,3,0.0,249.0
Training/Pituitary/BT-MRI PI Train (1222).jpg,Pituitary,224,224,RGB,8,3,0.0,226.0
Training/Meningioma/BT-MRI  ME Train (1024).jpg,Meningioma,224,224,RGB,8,3,0.0,246.0
Training/Glioma/BT-MRI GL Train  (108).jpg,Glioma,224,224,RGB,8,3,0.0,244.0
Training/No-tumor/BT-MRI NO Train (407).jpg,No-tumor,224,224,RGB,8,3,0.0,255.0
Training/Pituitary/BT-MRI PI Train (1436).jpg,Pituitary,224,224,RGB,8,3,0.0,255.0
Testing/Pituitary/BT-MRI PI Test (28).jpg,Pituitary,224,224,RGB,8,3,0.0,249.0
Testing/No-tumor/BT-MRI NO Test (315).jpg,No-tumor,224,224,RGB,8,3,0.0,255.0
Training/No-tumor/BT-MRI NO Train (1524).jpg,No-tumor,224,224,RGB,8,3,0.0,255.0
Training/No-tumor/BT-MRI NO Train (826).jpg,No-tumor,224,224,RGB,8,3,0.0,255.0
Training/Pituitary/BT-MRI PI Train (138).jpg,Pituitary,224,224,RGB,8,3,0.0,255.0
Training/Glioma/BT-MRI GL Train  (371).jpg,Glioma,224,224,RGB,8,3,0.0,227.0
Training/Pituitary/BT-MRI PI Train (1095).jpg,Pituitary,224,224,RGB,8,3,0.0,230.0
Training/Meningioma/BT-MRI  ME Train (810).jpg,Meningioma,224,224,RGB,8,3,0.0,231.0
Testing/No-tumor/BT-MRI NO Test (187).jpg,No-tumor,224,224,RGB,8,3,0.0,255.0
Training/No-tumor/BT-MRI NO Train (283).jpg,No-tumor,224,224,RGB,8,3,0.0,230.0
Training/Pituitary/BT-MRI PI Train (490).jpg,Pituitary,224,224,RGB,8,3,0.0,243.0
Training/Pituitary/BT-MRI PI Train (369).jpg,Pituitary,224,224,RGB,8,3,0.0,227.0
Training/Glioma/BT-MRI GL Train  (1079).jpg,Glioma,224,224,RGB,8,3,0.0,210.0
Training/Glioma/BT-MRI GL Train  (1229).jpg,Glioma,224,224,RGB,8,3,0.0,205.0
Testing/No-tumor/BT-MRI NO Test (236).jpg,No-tumor,224,224,RGB,8,3,0.0,255.0
Training/No-tumor/BT-MRI NO Train (415).jpg,No-tumor,224,224,RGB,8,3,0.0,255.0
Training/Meningioma/BT-MRI  ME Train (318).jpg,Meningioma,224,224,RGB,8,3,0.0,244.0
Training/Pituitary/BT-MRI PI Train (684).jpg,Pituitary,224,224,RGB,8,3,0.0,243.0
Training/Pituitary/BT-MRI PI Train (100).jpg,Pituitary,224,224,RGB,8,3,0.0,243.0
Training/Glioma/BT-MRI GL Train  (94).jpg,Glioma,224,224,RGB,8,3,0.0,237.0
Training/Glioma/BT-MRI GL Train  (812).jpg,Glioma,224,224,RGB,8,3,0.0,241.0
Training/Meningioma/BT-MRI  ME Train (543).jpg,Meningioma,224,224,RGB,8,3,0.0,248.0
Testing/No-tumor/BT-MRI NO Test (329).jpg,No-tumor,224,224,RGB,8,3,0.0,255.0
Testing/No-tumor/BT-MRI NO Test (346).jpg,No-tumor,224,224,RGB,8,3,0.0,255.0
Training/Meningioma/BT-MRI  ME Train (874).jpg,Meningioma,224,224,RGB,8,3,0.0,253.0
Training/No-tumor/BT-MRI NO Train (1286).jpg,No-tumor,224,224,RGB,8,3,0.0,255.0
Testing/Pituitary/BT-MRI PI Test (18).jpg,Pituitary,224,224,RGB,8,3,0.0,240.0
Testing/Pituitary/BT-MRI PI Test (60).jpg,Pituitary,224,224,RGB,8,3,0.0,255.0
Training/No-tumor/BT-MRI NO Train (1091).jpg,No-tumor,224,224,RGB,8,3,0.0,255.0
Testing/Pituitary/BT-MRI PI Test (20).jpg,Pituitary,224,224,RGB,8,3,0.0,237.0
Training/Meningioma/BT-MRI  ME Train (1282).jpg,Meningioma,224,224,RGB,8,3,0.0,236.0
Training/Meningioma/BT-MRI  ME Train (189).jpg,Meningioma,224,224,RGB,8,3,0.0,255.0
Testing/No-tumor/BT-MRI NO Test (284).jpg,No-tumor,224,224,RGB,8,3,0.0,255.0
Training/No-tumor/BT-MRI NO Train (676).jpg,No-tumor,224,224,RGB,8,3,0.0,255.0
Training/Meningioma/BT-MRI  ME Train (1039).jpg,Meningioma,224,224,RGB,8,3,0.0,220.0
Training/Glioma/BT-MRI GL Train  (65).jpg,Glioma,224,224,RGB,8,3,0.0,241.0
Testing/Glioma/BT-MRI Test GL (160).jpg,Glioma,224,224,RGB,8,3,0.0,242.0
Training/Glioma/BT-MRI GL Train  (1069).jpg,Glioma,224,224,RGB,8,3,0.0,233.0
Training/Meningioma/BT-MRI  ME Train (817).jpg,Meningioma,224,224,RGB,8,3,0.0,237.0
Training/Glioma/BT-MRI GL Train  (110).jpg,Glioma,224,224,RGB,8,3,0.0,233.0
Training/Meningioma/BT-MRI  ME Train (433).jpg,Meningioma,224,224,RGB,8,3,0.0,248.0
Training/Glioma/BT-MRI GL Train  (20).jpg,Glioma,224,224,RGB,8,3,0.0,236.0
Training/No-tumor/BT-MRI NO Train (1303).jpg,No-tumor,224,224,RGB,8,3,0.0,255.0
Testing/No-tumor/BT-MRI NO Test (304).jpg,No-tumor,224,224,RGB,8,3,0.0,233.0
Training/Meningioma/BT-MRI  ME Train (772).jpg,Meningioma,224,224,RGB,8,3,0.0,239.0
Training/Glioma/BT-MRI GL Train  (241).jpg,Glioma,224,224,RGB,8,3,0.0,253.0
Training/No-tumor/BT-MRI NO Train (1515).jpg,No-tumor,224,224,RGB,8,3,5.0,255.0
Training/No-tumor/BT-MRI NO Train (1034).jpg,No-tumor,224,224,RGB,8,3,0.0,255.0
Testing/Pituitary/BT-MRI PI Test (7).jpg,Pituitary,224,224,RGB,8,3,0.0,247.0
Testing/Glioma/BT-MRI Test GL (259).jpg,Glioma,224,224,RGB,8,3,0.0,242.0
Training/Glioma/BT-MRI GL Train  (1295).jpg,Glioma,224,224,RGB,8,3,0.0,243.0
Training/No-tumor/BT-MRI NO Train (706).jpg,No-tumor,224,224,RGB,8,3,0.0,255.0
Training/Pituitary/BT-MRI PI Train (1119).jpg,Pituitary,224,224,RGB,8,3,0.0,241.0
Training/Meningioma/BT-MRI  ME Train (605).jpg,Meningioma,224,224,RGB,8,3,0.0,255.0
Training/No-tumor/BT-MRI NO Train (1158).jpg,No-tumor,224,224,RGB,8,3,0.0,255.0
Training/Pituitary/BT-MRI PI Train (144).jpg,Pituitary,224,224,RGB,8,3,0.0,255.0
Training/Meningioma/BT-MRI  ME Train (1294).jpg,Meningioma,224,224,RGB,8,3,0.0,235.0
Training/Pituitary/BT-MRI PI Train (185).jpg,Pituitary,224,224,RGB,8,3,0.0,243.0
Training/No-tumor/BT-MRI NO Train (603).jpg,No-tumor,224,224,RGB,8,3,0.0,255.0
Training/No-tumor/BT-MRI NO Train (296).jpg,No-tumor,224,224,RGB,8,3,0.0,255.0
Training/Meningioma/BT-MRI  ME Train (996).jpg,Meningioma,224,224,RGB,8,3,0.0,228.0
Training/Pituitary/BT-MRI PI Train (766).jpg,Pituitary,224,224,RGB,8,3,0.0,249.0
Testing/Pituitary/BT-MRI PI Test (175).jpg,Pituitary,224,224,RGB,8,3,0.0,241.0
Training/No-tumor/BT-MRI NO Train (1494).jpg,No-tumor,224,224,RGB,8,3,0.0,255.0
Training/Meningioma/BT-MRI  ME Train (225).jpg,Meningioma,224,224,RGB,8,3,0.0,255.0
Training/Meningioma/BT-MRI  ME Train (1314).jpg,Meningioma,224,224,RGB,8,3,0.0,249.0
Training/No-tumor/BT-MRI NO Train (689).jpg,No-tumor,224,224,RGB,8,3,2.0,255.0
Training/No-tumor/BT-MRI NO Train (625).jpg,No-tumor,224,224,RGB,8,3,0.0,255.0
Training/Pituitary/BT-MRI PI Train (1126).jpg,Pituitary,224,224,RGB,8,3,0.0,232.0
Training/Pituitary/BT-MRI PI Train (432).jpg,Pituitary,224,224,RGB,8,3,0.0,250.0
Training/Meningioma/BT-MRI  ME Train (389).jpg,Meningioma,224,224,RGB,8,3,0.0,218.0
Training/Glioma/BT-MRI GL Train  (969).jpg,Glioma,224,224,RGB,8,3,0.0,232.0
Training/No-tumor/BT-MRI NO Train (1399).jpg,No-tumor,224,224,RGB,8,3,0.0,238.0
Training/No-tumor/BT-MRI NO Train (1487).jpg,No-tumor,224,224,RGB,8,3,0.0,255.0
Training/No-tumor/BT-MRI NO Train (103).jpg,No-tumor,224,224,RGB,8,3,0.0,255.0
Training/Pituitary/BT-MRI PI Train (1419).jpg,Pituitary,224,224,RGB,8,3,0.0,242.0
Training/No-tumor/BT-MRI NO Train (444).jpg,No-tumor,224,224,RGB,8,3,0.0,255.0
Training/Glioma/BT-MRI GL Train  (1131).jpg,Glioma,224,224,RGB,8,3,0.0,251.0
Testing/Pituitary/BT-MRI PI Test (66).jpg,Pituitary,224,224,RGB,8,3,0.0,252.0
Testing/Glioma/BT-MRI Test GL (240).jpg,Glioma,224,224,RGB,8,3,0.0,242.0
Testing/No-tumor/BT-MRI NO Test (154).jpg,No-tumor,224,224,RGB,8,3,0.0,255.0
Training/Glioma/BT-MRI GL Train  (1217).jpg,Glioma,224,224,RGB,8,3,0.0,235.0
Testing/No-tumor/BT-MRI NO Test (327).jpg,No-tumor,224,224,RGB,8,3,0.0,236.0
Training/Glioma/BT-MRI GL Train  (1211).jpg,Glioma,224,224,RGB,8,3,0.0,249.0
Training/Meningioma/BT-MRI  ME Train (1221).jpg,Meningioma,224,224,RGB,8,3,0.0,244.0
Training/Pituitary/BT-MRI PI Train (962).jpg,Pituitary,224,224,RGB,8,3,0.0,232.0
Training/Pituitary/BT-MRI PI Train (379).jpg,Pituitary,224,224,RGB,8,3,0.0,249.0
Training/Glioma/BT-MRI GL Train  (153).jpg,Glioma,224,224,RGB,8,3,0.0,249.0
Training/Glioma/BT-MRI GL Train  (1081).jpg,Glioma,224,224,RGB,8,3,0.0,242.0
Testing/Meningioma/BT-MRI ME Test (55).jpg,Meningioma,224,224,RGB,8,3,0.0,255.0
Training/Glioma/BT-MRI GL Train  (1207).jpg,Glioma,224,224,RGB,8,3,0.0,251.0
Testing/Pituitary/BT-MRI PI Test (263).jpg,Pituitary,224,224,RGB,8,3,0.0,247.0
Training/Pituitary/BT-MRI PI Train (674).jpg,Pituitary,224,224,RGB,8,3,0.0,255.0
Training/Meningioma/BT-MRI  ME Train (757).jpg,Meningioma,224,224,RGB,8,3,0.0,255.0
Training/Pituitary/BT-MRI PI Train (1381).jpg,Pituitary,224,224,RGB,8,3,0.0,226.0
Training/No-tumor/BT-MRI NO Train (956).jpg,No-tumor,224,224,RGB,8,3,0.0,255.0
Testing/Pituitary/BT-MRI PI Test (168).jpg,Pituitary,224,224,RGB,8,3,0.0,250.0
Training/Glioma/BT-MRI GL Train  (891).jpg,Glioma,224,224,RGB,8,3,0.0,232.0
Training/Glioma/BT-MRI GL Train  (1122).jpg,Glioma,224,224,RGB,8,3,0.0,252.0
Training/Glioma/BT-MRI GL Train  (415).jpg,Glioma,224,224,RGB,8,3,0.0,247.0
Training/No-tumor/BT-MRI NO Train (1331).jpg,No-tumor,224,224,RGB,8,3,0.0,255.0
Training/Pituitary/BT-MRI PI Train (349).jpg,Pituitary,224,224,RGB,8,3,0.0,255.0
Training/Glioma/BT-MRI GL Train  (90).jpg,Glioma,224,224,RGB,8,3,0.0,247.0
Training/Meningioma/BT-MRI  ME Train (807).jpg,Meningioma,224,224,RGB,8,3,0.0,243.0
Training/Glioma/BT-MRI GL Train  (736).jpg,Glioma,224,224,RGB,8,3,0.0,234.0
Training/Pituitary/BT-MRI PI Train (251).jpg,Pituitary,224,224,RGB,8,3,0.0,233.0
Training/Glioma/BT-MRI GL Train  (686).jpg,Glioma,224,224,RGB,8,3,0.0,253.0
Training/No-tumor/BT-MRI NO Train (1007).jpg,No-tumor,224,224,RGB,8,3,0.0,255.0
Training/No-tumor/BT-MRI NO Train (1277).jpg,No-tumor,224,224,RGB,8,3,0.0,255.0
Training/Glioma/BT-MRI GL Train  (949).jpg,Glioma,224,224,RGB,8,3,0.0,252.0
Training/Glioma/BT-MRI GL Train  (780).jpg,Glioma,224,224,RGB,8,3,0.0,237.0
Training/No-tumor/BT-MRI NO Train (1519).jpg,No-tumor,224,224,RGB,8,3,0.0,255.0
Training/Pituitary/BT-MRI PI Train (898).jpg,Pituitary,224,224,RGB,8,3,0.0,255.0
Testing/Pituitary/BT-MRI PI Test (54).jpg,Pituitary,224,224,RGB,8,3,0.0,250.0
Training/Meningioma/BT-MRI  ME Train (1313).jpg,Meningioma,224,224,RGB,8,3,0.0,235.0
Training/No-tumor/BT-MRI NO Train (941).jpg,No-tumor,224,224,RGB,8,3,0.0,255.0
Training/Meningioma/BT-MRI  ME Train (822).jpg,Meningioma,224,224,RGB,8,3,0.0,241.0
Training/Pituitary/BT-MRI PI Train (1352).jpg,Pituitary,224,224,RGB,8,3,0.0,247.0
Training/Pituitary/BT-MRI PI Train (1315).jpg,Pituitary,224,224,RGB,8,3,0.0,251.0
Testing/Glioma/BT-MRI Test GL (174).jpg,Glioma,224,224,RGB,8,3,0.0,251.0
Training/Pituitary/BT-MRI PI Train (931).jpg,Pituitary,224,224,RGB,8,3,0.0,253.0
Training/Glioma/BT-MRI GL Train  (404).jpg,Glioma,224,224,RGB,8,3,0.0,228.0
Training/Meningioma/BT-MRI  ME Train (1307).jpg,Meningioma,224,224,RGB,8,3,0.0,231.0
Training/Meningioma/BT-MRI  ME Train (88).jpg,Meningioma,224,224,RGB,8,3,0.0,249.0
Training/Pituitary/BT-MRI PI Train (486).jpg,Pituitary,224,224,RGB,8,3,0.0,233.0
Training/No-tumor/BT-MRI NO Train (1264).jpg,No-tumor,224,224,RGB,8,3,0.0,255.0
Testing/Meningioma/BT-MRI ME Test (280).jpg,Meningioma,224,224,RGB,8,3,0.0,255.0
Training/Pituitary/BT-MRI PI Train (820).jpg,Pituitary,224,224,RGB,8,3,0.0,248.0
Testing/Pituitary/BT-MRI PI Test (297).jpg,Pituitary,224,224,RGB,8,3,0.0,233.0
Testing/Pituitary/BT-MRI PI Test (109).jpg,Pituitary,224,224,RGB,8,3,0.0,254.0
Training/Glioma/BT-MRI GL Train  (419).jpg,Glioma,224,224,RGB,8,3,0.0,246.0
Training/No-tumor/BT-MRI NO Train (1551).jpg,No-tumor,224,224,RGB,8,3,0.0,253.0
Training/Glioma/BT-MRI GL Train  (1036).jpg,Glioma,224,224,RGB,8,3,0.0,255.0
Training/Pituitary/BT-MRI PI Train (147).jpg,Pituitary,224,224,RGB,8,3,0.0,243.0
Training/Meningioma/BT-MRI  ME Train (1298).jpg,Meningioma,224,224,RGB,8,3,0.0,247.0
Training/Meningioma/BT-MRI  ME Train (899).jpg,Meningioma,224,224,RGB,8,3,0.0,250.0
Training/Glioma/BT-MRI GL Train  (190).jpg,Glioma,224,224,RGB,8,3,0.0,244.0
Training/Glioma/BT-MRI GL Train  (598).jpg,Glioma,224,224,RGB,8,3,0.0,243.0
Training/Meningioma/BT-MRI  ME Train (1096).jpg,Meningioma,224,224,RGB,8,3,0.0,247.0
Training/Pituitary/BT-MRI PI Train (1283).jpg,Pituitary,224,224,RGB,8,3,0.0,255.0
Training/Meningioma/BT-MRI  ME Train (114).jpg,Meningioma,224,224,RGB,8,3,0.0,228.0
Training/Glioma/BT-MRI GL Train  (178).jpg,Glioma,224,224,RGB,8,3,0.0,242.0
Testing/Glioma/BT-MRI Test GL (37).jpg,Glioma,224,224,RGB,8,3,0.0,250.0
Training/Glioma/BT-MRI GL Train  (397).jpg,Glioma,224,224,RGB,8,3,0.0,231.0
Testing/Glioma/BT-MRI Test GL (175).jpg,Glioma,224,224,RGB,8,3,0.0,237.0
Training/Glioma/BT-MRI GL Train  (1104).jpg,Glioma,224,224,RGB,8,3,0.0,250.0
Training/Pituitary/BT-MRI PI Train (1081).jpg,Pituitary,224,224,RGB,8,3,0.0,248.0
Training/Meningioma/BT-MRI  ME Train (859).jpg,Meningioma,224,224,RGB,8,3,0.0,247.0
Training/Pituitary/BT-MRI PI Train (1361).jpg,Pituitary,224,224,RGB,8,3,0.0,242.0
Training/No-tumor/BT-MRI NO Train (381).jpg,No-tumor,224,224,RGB,8,3,0.0,255.0
Training/Pituitary/BT-MRI PI Train (165).jpg,Pituitary,224,224,RGB,8,3,0.0,243.0
Training/Glioma/BT-MRI GL Train  (560).jpg,Glioma,224,224,RGB,8,3,0.0,226.0
Training/No-tumor/BT-MRI NO Train (1204).jpg,No-tumor,224,224,RGB,8,3,0.0,255.0
Testing/Pituitary/BT-MRI PI Test (59).jpg,Pituitary,224,224,RGB,8,3,0.0,250.0
Testing/Meningioma/BT-MRI ME Test (140).jpg,Meningioma,224,224,RGB,8,3,0.0,241.0
Training/Meningioma/BT-MRI  ME Train (989).jpg,Meningioma,224,224,RGB,8,3,0.0,239.0
Training/No-tumor/BT-MRI NO Train (1309).jpg,No-tumor,224,224,RGB,8,3,0.0,255.0
Training/Pituitary/BT-MRI PI Train (1334).jpg,Pituitary,224,224,RGB,8,3,0.0,234.0
Training/Meningioma/BT-MRI  ME Train (862).jpg,Meningioma,224,224,RGB,8,3,0.0,250.0
Testing/Meningioma/BT-MRI ME Test (179).jpg,Meningioma,224,224,RGB,8,3,0.0,217.0
Testing/Pituitary/BT-MRI PI Test (63).jpg,Pituitary,224,224,RGB,8,3,0.0,231.0
Testing/Glioma/BT-MRI Test GL (40).jpg,Glioma,224,224,RGB,8,3,0.0,217.0
Testing/No-tumor/BT-MRI NO Test (285).jpg,No-tumor,224,224,RGB,8,3,2.0,255.0
Training/Pituitary/BT-MRI PI Train (1276).jpg,Pituitary,224,224,RGB,8,3,0.0,238.0
Training/No-tumor/BT-MRI NO Train (1569).jpg,No-tumor,224,224,RGB,8,3,0.0,255.0
Training/Meningioma/BT-MRI  ME Train (916).jpg,Meningioma,224,224,RGB,8,3,0.0,248.0
Testing/Glioma/BT-MRI Test GL (150).jpg,Glioma,224,224,RGB,8,3,0.0,228.0
Training/Pituitary/BT-MRI PI Train (1270).jpg,Pituitary,224,224,RGB,8,3,0.0,222.0
Training/Glioma/BT-MRI GL Train  (18).jpg,Glioma,224,224,RGB,8,3,0.0,249.0
Training/Glioma/BT-MRI GL Train  (637).jpg,Glioma,224,224,RGB,8,3,0.0,255.0
Testing/Glioma/BT-MRI Test GL (135).jpg,Glioma,224,224,RGB,8,3,0.0,247.0
Training/Meningioma/BT-MRI  ME Train (222).jpg,Meningioma,224,224,RGB,8,3,0.0,248.0
Training/No-tumor/BT-MRI NO Train (1473).jpg,No-tumor,224,224,RGB,8,3,0.0,255.0
Training/Pituitary/BT-MRI PI Train (702).jpg,Pituitary,224,224,RGB,8,3,0.0,242.0
Training/No-tumor/BT-MRI NO Train (277).jpg,No-tumor,224,224,RGB,8,3,0.0,252.0
Testing/Glioma/BT-MRI Test GL (159).jpg,Glioma,224,224,RGB,8,3,0.0,251.0
Training/Meningioma/BT-MRI  ME Train (890).jpg,Meningioma,224,224,RGB,8,3,0.0,252.0
Training/No-tumor/BT-MRI NO Train (507).jpg,No-tumor,224,224,RGB,8,3,0.0,255.0
Testing/Glioma/BT-MRI Test GL (201).jpg,Glioma,224,224,RGB,8,3,0.0,235.0
Training/Glioma/BT-MRI GL Train  (863).jpg,Glioma,224,224,RGB,8,3,0.0,255.0
Training/Pituitary/BT-MRI PI Train (337).jpg,Pituitary,224,224,RGB,8,3,0.0,247.0
Testing/Pituitary/BT-MRI PI Test (277).jpg,Pituitary,224,224,RGB,8,3,0.0,233.0
Training/Glioma/BT-MRI GL Train  (1199).jpg,Glioma,224,224,RGB,8,3,0.0,243.0
Training/Pituitary/BT-MRI PI Train (1393).jpg,Pituitary,224,224,RGB,8,3,0.0,254.0
Testing/Pituitary/BT-MRI PI Test (280).jpg,Pituitary,224,224,RGB,8,3,0.0,248.0
Training/No-tumor/BT-MRI NO Train (734).jpg,No-tumor,224,224,RGB,8,3,0.0,255.0
Training/Meningioma/BT-MRI  ME Train (76).jpg,Meningioma,224,224,RGB,8,3,0.0,241.0
Training/Pituitary/BT-MRI PI Train (305).jpg,Pituitary,224,224,RGB,8,3,0.0,239.0
Training/Pituitary/BT-MRI PI Train (1390).jpg,Pituitary,224,224,RGB,8,3,0.0,255.0
Training/Glioma/BT-MRI GL Train  (1151).jpg,Glioma,224,224,RGB,8,3,0.0,234.0
Training/Glioma/BT-MRI GL Train  (589).jpg,Glioma,224,224,RGB,8,3,0.0,245.0
Training/No-tumor/BT-MRI NO Train (76).jpg,No-tumor,224,224,RGB,8,3,0.0,255.0
Training/Meningioma/BT-MRI  ME Train (400).jpg,Meningioma,224,224,RGB,8,3,0.0,247.0
Training/Glioma/BT-MRI GL Train  (1121).jpg,Glioma,224,224,RGB,8,3,0.0,246.0
Testing/Glioma/BT-MRI Test GL (267).jpg,Glioma,224,224,RGB,8,3,0.0,233.0
Testing/No-tumor/BT-MRI NO Test (316).jpg,No-tumor,224,224,RGB,8,3,0.0,255.0
Testing/Pituitary/BT-MRI PI Test (77).jpg,Pituitary,224,224,RGB,8,3,0.0,223.0
Training/Pituitary/BT-MRI PI Train (451).jpg,Pituitary,224,224,RGB,8,3,0.0,255.0
Training/No-tumor/BT-MRI NO Train (1284).jpg,No-tumor,224,224,RGB,8,3,0.0,255.0
Training/Meningioma/BT-MRI  ME Train (1216).jpg,Meningioma,224,224,RGB,8,3,0.0,250.0
Training/No-tumor/BT-MRI NO Train (165).jpg,No-tumor,224,224,RGB,8,3,0.0,255.0
Training/Pituitary/BT-MRI PI Train (549).jpg,Pituitary,224,224,RGB,8,3,0.0,232.0
Training/No-tumor/BT-MRI NO Train (1068).jpg,No-tumor,224,224,RGB,8,3,0.0,255.0
Training/Pituitary/BT-MRI PI Train (217).jpg,Pituitary,224,224,RGB,8,3,0.0,255.0
Testing/Meningioma/BT-MRI ME Test (181).jpg,Meningioma,224,224,RGB,8,3,0.0,241.0
Training/Pituitary/BT-MRI PI Train (1012).jpg,Pituitary,224,224,RGB,8,3,0.0,229.0
Training/Meningioma/BT-MRI  ME Train (465).jpg,Meningioma,224,224,RGB,8,3,0.0,249.0
Training/Pituitary/BT-MRI PI Train (499).jpg,Pituitary,224,224,RGB,8,3,0.0,234.0
Training/Glioma/BT-MRI GL Train  (526).jpg,Glioma,224,224,RGB,8,3,0.0,237.0
Training/Meningioma/BT-MRI  ME Train (218).jpg,Meningioma,224,224,RGB,8,3,0.0,238.0
Training/Glioma/BT-MRI GL Train  (1020).jpg,Glioma,224,224,RGB,8,3,0.0,251.0
Training/No-tumor/BT-MRI NO Train (1424).jpg,No-tumor,224,224,RGB,8,3,0.0,221.0
Training/No-tumor/BT-MRI NO Train (1148).jpg,No-tumor,224,224,RGB,8,3,0.0,255.0
Training/Meningioma/BT-MRI  ME Train (695).jpg,Meningioma,224,224,RGB,8,3,0.0,255.0
Training/Meningioma/BT-MRI  ME Train (522).jpg,Meningioma,224,224,RGB,8,3,0.0,254.0
Testing/Meningioma/BT-MRI ME Test (291).jpg,Meningioma,224,224,RGB,8,3,0.0,243.0
Training/Meningioma/BT-MRI  ME Train (483).jpg,Meningioma,224,224,RGB,8,3,0.0,250.0
Training/Glioma/BT-MRI GL Train  (227).jpg,Glioma,224,224,RGB,8,3,0.0,237.0
Testing/No-tumor/BT-MRI NO Test (367).jpg,No-tumor,224,224,RGB,8,3,2.0,255.0
Training/No-tumor/BT-MRI NO Train (565).jpg,No-tumor,224,224,RGB,8,3,0.0,255.0
Training/No-tumor/BT-MRI NO Train (288).jpg,No-tumor,224,224,RGB,8,3,0.0,255.0
Training/Glioma/BT-MRI GL Train  (266).jpg,Glioma,224,224,RGB,8,3,0.0,209.0
Training/Pituitary/BT-MRI PI Train (796).jpg,Pituitary,224,224,RGB,8,3,0.0,233.0
Training/No-tumor/BT-MRI NO Train (362).jpg,No-tumor,224,224,RGB,8,3,0.0,255.0
Training/Pituitary/BT-MRI PI Train (1188).jpg,Pituitary,224,224,RGB,8,3,0.0,240.0
Training/Glioma/BT-MRI GL Train  (1251).jpg,Glioma,224,224,RGB,8,3,0.0,251.0
Testing/No-tumor/BT-MRI NO Test (300).jpg,No-tumor,224,224,RGB,8,3,0.0,255.0
Testing/Meningioma/BT-MRI ME Test (184).jpg,Meningioma,224,224,RGB,8,3,0.0,250.0
Training/Meningioma/BT-MRI  ME Train (478).jpg,Meningioma,224,224,RGB,8,3,0.0,242.0
Training/No-tumor/BT-MRI NO Train (473).jpg,No-tumor,224,224,RGB,8,3,0.0,255.0
Training/Glioma/BT-MRI GL Train  (1186).jpg,Glioma,224,224,RGB,8,3,0.0,242.0
Training/Meningioma/BT-MRI  ME Train (1078).jpg,Meningioma,224,224,RGB,8,3,0.0,254.0
Training/Meningioma/BT-MRI  ME Train (724).jpg,Meningioma,224,224,RGB,8,3,0.0,242.0
Training/Meningioma/BT-MRI  ME Train (188).jpg,Meningioma,224,224,RGB,8,3,0.0,241.0
Training/Meningioma/BT-MRI  ME Train (307).jpg,Meningioma,224,224,RGB,8,3,0.0,241.0
Training/Glioma/BT-MRI GL Train  (991).jpg,Glioma,224,224,RGB,8,3,0.0,248.0
Training/Meningioma/BT-MRI  ME Train (276).jpg,Meningioma,224,224,RGB,8,3,0.0,235.0
Training/Pituitary/BT-MRI PI Train (286).jpg,Pituitary,224,224,RGB,8,3,0.0,242.0
Training/Meningioma/BT-MRI  ME Train (925).jpg,Meningioma,224,224,RGB,8,3,0.0,237.0
Training/No-tumor/BT-MRI NO Train (499).jpg,No-tumor,224,224,RGB,8,3,0.0,255.0
Training/No-tumor/BT-MRI NO Train (416).jpg,No-tumor,224,224,RGB,8,3,0.0,255.0
Training/Glioma/BT-MRI GL Train  (460).jpg,Glioma,224,224,RGB,8,3,0.0,243.0
Training/Meningioma/BT-MRI  ME Train (308).jpg,Meningioma,224,224,RGB,8,3,0.0,255.0
Testing/Pituitary/BT-MRI PI Test (289).jpg,Pituitary,224,224,RGB,8,3,0.0,233.0
Training/Glioma/BT-MRI GL Train  (396).jpg,Glioma,224,224,RGB,8,3,0.0,230.0
Training/Pituitary/BT-MRI PI Train (822).jpg,Pituitary,224,224,RGB,8,3,0.0,244.0
Testing/No-tumor/BT-MRI NO Test (132).jpg,No-tumor,224,224,RGB,8,3,0.0,255.0
Training/No-tumor/BT-MRI NO Train (1120).jpg,No-tumor,224,224,RGB,8,3,0.0,255.0
Training/Meningioma/BT-MRI  ME Train (49).jpg,Meningioma,224,224,RGB,8,3,0.0,247.0
Training/Pituitary/BT-MRI PI Train (1428).jpg,Pituitary,224,224,RGB,8,3,0.0,255.0
Training/No-tumor/BT-MRI NO Train (1422).jpg,No-tumor,224,224,RGB,8,3,0.0,250.0
Training/Glioma/BT-MRI GL Train  (1146).jpg,Glioma,224,224,RGB,8,3,0.0,251.0
Training/Pituitary/BT-MRI PI Train (620).jpg,Pituitary,224,224,RGB,8,3,0.0,245.0
Training/Meningioma/BT-MRI  ME Train (1238).jpg,Meningioma,224,224,RGB,8,3,0.0,254.0
Testing/Pituitary/BT-MRI PI Test (139).jpg,Pituitary,224,224,RGB,8,3,0.0,233.0
Training/No-tumor/BT-MRI NO Train (1055).jpg,No-tumor,224,224,RGB,8,3,2.0,219.0
Training/Pituitary/BT-MRI PI Train (594).jpg,Pituitary,224,224,RGB,8,3,0.0,228.0
Training/No-tumor/BT-MRI NO Train (1088).jpg,No-tumor,224,224,RGB,8,3,0.0,255.0
Training/No-tumor/BT-MRI NO Train (1135).jpg,No-tumor,224,224,RGB,8,3,0.0,255.0
Training/Meningioma/BT-MRI  ME Train (327).jpg,Meningioma,224,224,RGB,8,3,0.0,245.0
Training/Glioma/BT-MRI GL Train  (264).jpg,Glioma,224,224,RGB,8,3,0.0,232.0
Training/Glioma/BT-MRI GL Train  (733).jpg,Glioma,224,224,RGB,8,3,0.0,241.0
Testing/Glioma/BT-MRI Test GL (235).jpg,Glioma,224,224,RGB,8,3,0.0,246.0
Testing/Meningioma/BT-MRI ME Test (267).jpg,Meningioma,224,224,RGB,8,3,0.0,248.0
Training/No-tumor/BT-MRI NO Train (678).jpg,No-tumor,224,224,RGB,8,3,0.0,255.0
Testing/No-tumor/BT-MRI NO Test (133).jpg,No-tumor,224,224,RGB,8,3,0.0,255.0
Training/Glioma/BT-MRI GL Train  (569).jpg,Glioma,224,224,RGB,8,3,0.0,249.0
Training/Pituitary/BT-MRI PI Train (982).jpg,Pituitary,224,224,RGB,8,3,0.0,248.0
Testing/No-tumor/BT-MRI NO Test (205).jpg,No-tumor,224,224,RGB,8,3,0.0,255.0
Training/Glioma/BT-MRI GL Train  (375).jpg,Glioma,224,224,RGB,8,3,0.0,238.0
Training/Meningioma/BT-MRI  ME Train (174).jpg,Meningioma,224,224,RGB,8,3,0.0,255.0
Training/No-tumor/BT-MRI NO Train (711).jpg,No-tumor,224,224,RGB,8,3,0.0,255.0
Training/Meningioma/BT-MRI  ME Train (381).jpg,Meningioma,224,224,RGB,8,3,0.0,232.0
Training/No-tumor/BT-MRI NO Train (724).jpg,No-tumor,224,224,RGB,8,3,0.0,255.0
Training/Pituitary/BT-MRI PI Train (1114).jpg,Pituitary,224,224,RGB,8,3,0.0,246.0
Training/Glioma/BT-MRI GL Train  (1189).jpg,Glioma,224,224,RGB,8,3,0.0,247.0
Training/Pituitary/BT-MRI PI Train (570).jpg,Pituitary,224,224,RGB,8,3,0.0,255.0
Testing/Glioma/BT-MRI Test GL (69).jpg,Glioma,224,224,RGB,8,3,0.0,214.0
Training/Glioma/BT-MRI GL Train  (98).jpg,Glioma,224,224,RGB,8,3,0.0,224.0
Testing/Glioma/BT-MRI Test GL (32).jpg,Glioma,224,224,RGB,8,3,0.0,251.0
Training/No-tumor/BT-MRI NO Train (1197).jpg,No-tumor,224,224,RGB,8,3,0.0,255.0
Training/Glioma/BT-MRI GL Train  (1223).jpg,Glioma,224,224,RGB,8,3,0.0,246.0
Training/Meningioma/BT-MRI  ME Train (1116).jpg,Meningioma,224,224,RGB,8,3,0.0,250.0
Training/Meningioma/BT-MRI  ME Train (32).jpg,Meningioma,224,224,RGB,8,3,0.0,255.0
Training/No-tumor/BT-MRI NO Train (584).jpg,No-tumor,224,224,RGB,8,3,0.0,255.0
Training/Pituitary/BT-MRI PI Train (467).jpg,Pituitary,224,224,RGB,8,3,0.0,230.0
Training/Meningioma/BT-MRI  ME Train (1167).jpg,Meningioma,224,224,RGB,8,3,0.0,243.0
Training/Meningioma/BT-MRI  ME Train (345).jpg,Meningioma,224,224,RGB,8,3,0.0,255.0
Training/No-tumor/BT-MRI NO Train (110).jpg,No-tumor,224,224,RGB,8,3,0.0,255.0
Training/Meningioma/BT-MRI  ME Train (395).jpg,Meningioma,224,224,RGB,8,3,0.0,249.0
Training/No-tumor/BT-MRI NO Train (1243).jpg,No-tumor,224,224,RGB,8,3,0.0,255.0
Training/Meningioma/BT-MRI  ME Train (558).jpg,Meningioma,224,224,RGB,8,3,0.0,255.0
Testing/Meningioma/BT-MRI ME Test (249).jpg,Meningioma,224,224,RGB,8,3,0.0,245.0
Training/No-tumor/BT-MRI NO Train (670).jpg,No-tumor,224,224,RGB,8,3,0.0,255.0
Testing/Meningioma/BT-MRI ME Test (120).jpg,Meningioma,224,224,RGB,8,3,0.0,226.0
Training/No-tumor/BT-MRI NO Train (774).jpg,No-tumor,224,224,RGB,8,3,0.0,255.0
Training/No-tumor/BT-MRI NO Train (887).jpg,No-tumor,224,224,RGB,8,3,0.0,255.0
Training/No-tumor/BT-MRI NO Train (1019).jpg,No-tumor,224,224,RGB,8,3,0.0,255.0
Training/Pituitary/BT-MRI PI Train (1303).jpg,Pituitary,224,224,RGB,8,3,0.0,232.0
Training/No-tumor/BT-MRI NO Train (71).jpg,No-tumor,224,224,RGB,8,3,0.0,255.0
Training/Meningioma/BT-MRI  ME Train (107).jpg,Meningioma,224,224,RGB,8,3,0.0,237.0
Training/Glioma/BT-MRI GL Train  (120).jpg,Glioma,224,224,RGB,8,3,0.0,238.0
Training/Glioma/BT-MRI GL Train  (464).jpg,Glioma,224,224,RGB,8,3,0.0,231.0
Training/No-tumor/BT-MRI NO Train (558).jpg,No-tumor,224,224,RGB,8,3,0.0,254.0
Training/Meningioma/BT-MRI  ME Train (1210).jpg,Meningioma,224,224,RGB,8,3,0.0,255.0
Training/Pituitary/BT-MRI PI Train (712).jpg,Pituitary,224,224,RGB,8,3,0.0,238.0
Training/Pituitary/BT-MRI PI Train (627).jpg,Pituitary,224,224,RGB,8,3,0.0,229.0
Training/Meningioma/BT-MRI  ME Train (1339).jpg,Meningioma,224,224,RGB,8,3,0.0,237.0
Training/Pituitary/BT-MRI PI Train (1227).jpg,Pituitary,224,224,RGB,8,3,0.0,245.0
Training/Glioma/BT-MRI GL Train  (137).jpg,Glioma,224,224,RGB,8,3,0.0,225.0
Training/Meningioma/BT-MRI  ME Train (425).jpg,Meningioma,224,224,RGB,8,3,0.0,251.0
Training/Pituitary/BT-MRI PI Train (772).jpg,Pituitary,224,224,RGB,8,3,0.0,225.0
Training/Pituitary/BT-MRI PI Train (343).jpg,Pituitary,224,224,RGB,8,3,0.0,228.0
Training/No-tumor/BT-MRI NO Train (1317).jpg,No-tumor,224,224,RGB,8,3,4.0,255.0
Training/Glioma/BT-MRI GL Train  (42).jpg,Glioma,224,224,RGB,8,3,0.0,243.0
Training/Meningioma/BT-MRI  ME Train (266).jpg,Meningioma,224,224,RGB,8,3,4.0,255.0
Training/Glioma/BT-MRI GL Train  (1233).jpg,Glioma,224,224,RGB,8,3,0.0,254.0
Training/Meningioma/BT-MRI  ME Train (360).jpg,Meningioma,224,224,RGB,8,3,0.0,247.0
Training/Meningioma/BT-MRI  ME Train (241).jpg,Meningioma,224,224,RGB,8,3,0.0,255.0
Training/No-tumor/BT-MRI NO Train (112).jpg,No-tumor,224,224,RGB,8,3,0.0,255.0
Training/Meningioma/BT-MRI  ME Train (348).jpg,Meningioma,224,224,RGB,8,3,0.0,255.0
Training/Pituitary/BT-MRI PI Train (633).jpg,Pituitary,224,224,RGB,8,3,0.0,242.0
Training/Pituitary/BT-MRI PI Train (1446).jpg,Pituitary,224,224,RGB,8,3,0.0,235.0
Training/Pituitary/BT-MRI PI Train (130).jpg,Pituitary,224,224,RGB,8,3,0.0,248.0
Training/No-tumor/BT-MRI NO Train (1206).jpg,No-tumor,224,224,RGB,8,3,0.0,255.0
Training/Glioma/BT-MRI GL Train  (143).jpg,Glioma,224,224,RGB,8,3,0.0,223.0
Training/Meningioma/BT-MRI  ME Train (1173).jpg,Meningioma,224,224,RGB,8,3,0.0,245.0
Training/Pituitary/BT-MRI PI Train (1078).jpg,Pituitary,224,224,RGB,8,3,0.0,238.0
Training/No-tumor/BT-MRI NO Train (1215).jpg,No-tumor,224,224,RGB,8,3,0.0,255.0
Training/No-tumor/BT-MRI NO Train (666).jpg,No-tumor,224,224,RGB,8,3,0.0,255.0
Training/Meningioma/BT-MRI  ME Train (830).jpg,Meningioma,224,224,RGB,8,3,0.0,251.0
Training/Meningioma/BT-MRI  ME Train (766).jpg,Meningioma,224,224,RGB,8,3,0.0,233.0
Training/Glioma/BT-MRI GL Train  (345).jpg,Glioma,224,224,RGB,8,3,0.0,237.0
Testing/No-tumor/BT-MRI NO Test (100).jpg,No-tumor,224,224,RGB,8,3,0.0,255.0
Training/Glioma/BT-MRI GL Train  (713).jpg,Glioma,224,224,RGB,8,3,0.0,243.0
Training/Glioma/BT-MRI GL Train  (302).jpg,Glioma,224,224,RGB,8,3,0.0,235.0
Training/Glioma/BT-MRI GL Train  (966).jpg,Glioma,224,224,RGB,8,3,0.0,244.0
Testing/Meningioma/BT-MRI ME Test (174).jpg,Meningioma,224,224,RGB,8,3,0.0,237.0
Training/Glioma/BT-MRI GL Train  (346).jpg,Glioma,224,224,RGB,8,3,0.0,230.0
Training/Glioma/BT-MRI GL Train  (797).jpg,Glioma,224,224,RGB,8,3,0.0,231.0
Training/Glioma/BT-MRI GL Train  (649).jpg,Glioma,224,224,RGB,8,3,0.0,231.0
Testing/No-tumor/BT-MRI NO Test (216).jpg,No-tumor,224,224,RGB,8,3,0.0,224.0
Testing/No-tumor/BT-MRI NO Test (293).jpg,No-tumor,224,224,RGB,8,3,0.0,255.0
Training/Meningioma/BT-MRI  ME Train (562).jpg,Meningioma,224,224,RGB,8,3,0.0,248.0
Training/Glioma/BT-MRI GL Train  (207).jpg,Glioma,224,224,RGB,8,3,0.0,231.0
Training/Meningioma/BT-MRI  ME Train (245).jpg,Meningioma,224,224,RGB,8,3,0.0,255.0
Training/Pituitary/BT-MRI PI Train (980).jpg,Pituitary,224,224,RGB,8,3,0.0,222.0
Training/No-tumor/BT-MRI NO Train (1010).jpg,No-tumor,224,224,RGB,8,3,0.0,255.0
Testing/No-tumor/BT-MRI NO Test (282).jpg,No-tumor,224,224,RGB,8,3,0.0,255.0
Training/Pituitary/BT-MRI PI Train (647).jpg,Pituitary,224,224,RGB,8,3,0.0,233.0
Training/Pituitary/BT-MRI PI Train (882).jpg,Pituitary,224,224,RGB,8,3,0.0,253.0
Testing/Glioma/BT-MRI Test GL (106).jpg,Glioma,224,224,RGB,8,3,0.0,219.0
Training/Pituitary/BT-MRI PI Train (1407).jpg,Pituitary,224,224,RGB,8,3,0.0,245.0
Testing/Pituitary/BT-MRI PI Test (281).jpg,Pituitary,224,224,RGB,8,3,0.0,250.0
Training/Glioma/BT-MRI GL Train  (1040).jpg,Glioma,224,224,RGB,8,3,0.0,244.0
Training/Meningioma/BT-MRI  ME Train (800).jpg,Meningioma,224,224,RGB,8,3,0.0,233.0
Training/No-tumor/BT-MRI NO Train (31).jpg,No-tumor,224,224,RGB,8,3,0.0,255.0
Training/Meningioma/BT-MRI  ME Train (304).jpg,Meningioma,224,224,RGB,8,3,0.0,234.0
Training/Pituitary/BT-MRI PI Train (1086).jpg,Pituitary,224,224,RGB,8,3,0.0,243.0
Training/Glioma/BT-MRI GL Train  (899).jpg,Glioma,224,224,RGB,8,3,0.0,255.0
Training/Meningioma/BT-MRI  ME Train (649).jpg,Meningioma,224,224,RGB,8,3,0.0,248.0
Training/Meningioma/BT-MRI  ME Train (974).jpg,Meningioma,224,224,RGB,8,3,0.0,255.0
Testing/No-tumor/BT-MRI NO Test (374).jpg,No-tumor,224,224,RGB,8,3,0.0,255.0
Training/Glioma/BT-MRI GL Train  (21).jpg,Glioma,224,224,RGB,8,3,0.0,245.0
Training/Pituitary/BT-MRI PI Train (489).jpg,Pituitary,224,224,RGB,8,3,0.0,255.0
Testing/No-tumor/BT-MRI NO Test (241).jpg,No-tumor,224,224,RGB,8,3,0.0,255.0
Training/Glioma/BT-MRI GL Train  (250).jpg,Glioma,224,224,RGB,8,3,0.0,220.0
Training/Meningioma/BT-MRI  ME Train (1237).jpg,Meningioma,224,224,RGB,8,3,0.0,240.0
Training/No-tumor/BT-MRI NO Train (1152).jpg,No-tumor,224,224,RGB,8,3,0.0,255.0
Training/No-tumor/BT-MRI NO Train (458).jpg,No-tumor,224,224,RGB,8,3,0.0,255.0
Training/Meningioma/BT-MRI  ME Train (884).jpg,Meningioma,224,224,RGB,8,3,0.0,250.0
Training/Pituitary/BT-MRI PI Train (154).jpg,Pituitary,224,224,RGB,8,3,0.0,234.0
Training/Glioma/BT-MRI GL Train  (126).jpg,Glioma,224,224,RGB,8,3,0.0,225.0
Training/Meningioma/BT-MRI  ME Train (1141).jpg,Meningioma,224,224,RGB,8,3,0.0,255.0
Training/Glioma/BT-MRI GL Train  (9).jpg,Glioma,224,224,RGB,8,3,0.0,225.0
Training/No-tumor/BT-MRI NO Train (466).jpg,No-tumor,224,224,RGB,8,3,0.0,255.0
Training/Pituitary/BT-MRI PI Train (1240).jpg,Pituitary,224,224,RGB,8,3,0.0,241.0
Training/Meningioma/BT-MRI  ME Train (83).jpg,Meningioma,224,224,RGB,8,3,0.0,254.0
Training/Meningioma/BT-MRI  ME Train (886).jpg,Meningioma,224,224,RGB,8,3,0.0,244.0
Training/Pituitary/BT-MRI PI Train (308).jpg,Pituitary,224,224,RGB,8,3,0.0,234.0
Training/Glioma/BT-MRI GL Train  (36).jpg,Glioma,224,224,RGB,8,3,0.0,254.0
Testing/Pituitary/BT-MRI PI Test (69).jpg,Pituitary,224,224,RGB,8,3,0.0,210.0
Training/Meningioma/BT-MRI  ME Train (1192).jpg,Meningioma,224,224,RGB,8,3,0.0,255.0
Testing/Pituitary/BT-MRI PI Test (73).jpg,Pituitary,224,224,RGB,8,3,0.0,253.0
Training/No-tumor/BT-MRI NO Train (146).jpg,No-tumor,224,224,RGB,8,3,0.0,255.0
Training/Pituitary/BT-MRI PI Train (392).jpg,Pituitary,224,224,RGB,8,3,0.0,239.0
Testing/Pituitary/BT-MRI PI Test (75).jpg,Pituitary,224,224,RGB,8,3,0.0,245.0
Training/Glioma/BT-MRI GL Train  (277).jpg,Glioma,224,224,RGB,8,3,0.0,241.0
Training/No-tumor/BT-MRI NO Train (834).jpg,No-tumor,224,224,RGB,8,3,0.0,247.0
Training/Meningioma/BT-MRI  ME Train (1064).jpg,Meningioma,224,224,RGB,8,3,0.0,250.0
Training/No-tumor/BT-MRI NO Train (1351).jpg,No-tumor,224,224,RGB,8,3,0.0,255.0
Training/Glioma/BT-MRI GL Train  (740).jpg,Glioma,224,224,RGB,8,3,0.0,233.0
Testing/Meningioma/BT-MRI ME Test (259).jpg,Meningioma,224,224,RGB,8,3,0.0,243.0
Testing/Meningioma/BT-MRI ME Test (196).jpg,Meningioma,224,224,RGB,8,3,0.0,247.0
Training/Glioma/BT-MRI GL Train  (420).jpg,Glioma,224,224,RGB,8,3,0.0,229.0
Training/Glioma/BT-MRI GL Train  (695).jpg,Glioma,224,224,RGB,8,3,0.0,241.0
Training/Meningioma/BT-MRI  ME Train (783).jpg,Meningioma,224,224,RGB,8,3,0.0,251.0
Training/Meningioma/BT-MRI  ME Train (762).jpg,Meningioma,224,224,RGB,8,3,0.0,255.0
Training/Pituitary/BT-MRI PI Train (656).jpg,Pituitary,224,224,RGB,8,3,0.0,207.0
Testing/No-tumor/BT-MRI NO Test (363).jpg,No-tumor,224,224,RGB,8,3,0.0,255.0
Training/Meningioma/BT-MRI  ME Train (1258).jpg,Meningioma,224,224,RGB,8,3,0.0,228.0
Training/Glioma/BT-MRI GL Train  (1033).jpg,Glioma,224,224,RGB,8,3,0.0,249.0
Training/No-tumor/BT-MRI NO Train (365).jpg,No-tumor,224,224,RGB,8,3,0.0,255.0
Training/Meningioma/BT-MRI  ME Train (919).jpg,Meningioma,224,224,RGB,8,3,0.0,247.0
Training/Pituitary/BT-MRI PI Train (422).jpg,Pituitary,224,224,RGB,8,3,0.0,250.0
Training/Pituitary/BT-MRI PI Train (1251).jpg,Pituitary,224,224,RGB,8,3,0.0,248.0
Training/Glioma/BT-MRI GL Train  (752).jpg,Glioma,224,224,RGB,8,3,0.0,243.0
Training/Pituitary/BT-MRI PI Train (1249).jpg,Pituitary,224,224,RGB,8,3,0.0,241.0
Training/Meningioma/BT-MRI  ME Train (753).jpg,Meningioma,224,224,RGB,8,3,0.0,246.0
Training/No-tumor/BT-MRI NO Train (771).jpg,No-tumor,224,224,RGB,8,3,0.0,255.0
Testing/Pituitary/BT-MRI PI Test (137).jpg,Pituitary,224,224,RGB,8,3,0.0,255.0
Training/No-tumor/BT-MRI NO Train (890).jpg,No-tumor,224,224,RGB,8,3,0.0,255.0
Training/Glioma/BT-MRI GL Train  (618).jpg,Glioma,224,224,RGB,8,3,0.0,246.0
Training/Glioma/BT-MRI GL Train  (528).jpg,Glioma,224,224,RGB,8,3,0.0,239.0
Training/No-tumor/BT-MRI NO Train (119).jpg,No-tumor,224,224,RGB,8,3,2.0,255.0
Training/Glioma/BT-MRI GL Train  (570).jpg,Glioma,224,224,RGB,8,3,0.0,249.0
Training/Glioma/BT-MRI GL Train  (435).jpg,Glioma,224,224,RGB,8,3,0.0,236.0
Training/Meningioma/BT-MRI  ME Train (1148).jpg,Meningioma,224,224,RGB,8,3,0.0,251.0
Training/Meningioma/BT-MRI  ME Train (823).jpg,Meningioma,224,224,RGB,8,3,0.0,247.0
Training/Meningioma/BT-MRI  ME Train (317).jpg,Meningioma,224,224,RGB,8,3,0.0,242.0
Training/No-tumor/BT-MRI NO Train (1113).jpg,No-tumor,224,224,RGB,8,3,0.0,255.0
Training/Pituitary/BT-MRI PI Train (1125).jpg,Pituitary,224,224,RGB,8,3,0.0,255.0
Testing/Pituitary/BT-MRI PI Test (89).jpg,Pituitary,224,224,RGB,8,3,0.0,254.0
Training/No-tumor/BT-MRI NO Train (527).jpg,No-tumor,224,224,RGB,8,3,0.0,255.0
Training/No-tumor/BT-MRI NO Train (301).jpg,No-tumor,224,224,RGB,8,3,17.0,255.0
Training/No-tumor/BT-MRI NO Train (64).jpg,No-tumor,224,224,RGB,8,3,0.0,255.0
Training/Meningioma/BT-MRI  ME Train (37).jpg,Meningioma,224,224,RGB,8,3,0.0,246.0
Training/No-tumor/BT-MRI NO Train (124).jpg,No-tumor,224,224,RGB,8,3,0.0,255.0
Testing/Glioma/BT-MRI Test GL (291).jpg,Glioma,224,224,RGB,8,3,0.0,254.0
Training/Glioma/BT-MRI GL Train  (694).jpg,Glioma,224,224,RGB,8,3,0.0,236.0
Testing/Pituitary/BT-MRI PI Test (293).jpg,Pituitary,224,224,RGB,8,3,0.0,246.0
Training/Glioma/BT-MRI GL Train  (968).jpg,Glioma,224,224,RGB,8,3,0.0,226.0
Training/Meningioma/BT-MRI  ME Train (671).jpg,Meningioma,224,224,RGB,8,3,0.0,253.0
Training/Glioma/BT-MRI GL Train  (751).jpg,Glioma,224,224,RGB,8,3,0.0,238.0
Training/No-tumor/BT-MRI NO Train (449).jpg,No-tumor,224,224,RGB,8,3,0.0,255.0
Training/Pituitary/BT-MRI PI Train (1116).jpg,Pituitary,224,224,RGB,8,3,0.0,253.0
Training/Glioma/BT-MRI GL Train  (1168).jpg,Glioma,224,224,RGB,8,3,0.0,253.0
Training/Pituitary/BT-MRI PI Train (22).jpg,Pituitary,224,224,RGB,8,3,0.0,255.0
Training/No-tumor/BT-MRI NO Train (276).jpg,No-tumor,224,224,RGB,8,3,18.0,218.0
Training/No-tumor/BT-MRI NO Train (426).jpg,No-tumor,224,224,RGB,8,3,0.0,255.0
Training/Meningioma/BT-MRI  ME Train (98).jpg,Meningioma,224,224,RGB,8,3,0.0,236.0
Training/Glioma/BT-MRI GL Train  (990).jpg,Glioma,224,224,RGB,8,3,0.0,238.0
Training/Glioma/BT-MRI GL Train  (889).jpg,Glioma,224,224,RGB,8,3,0.0,244.0
Training/Glioma/BT-MRI GL Train  (1023).jpg,Glioma,224,224,RGB,8,3,0.0,244.0
Training/Pituitary/BT-MRI PI Train (1093).jpg,Pituitary,224,224,RGB,8,3,0.0,247.0
Training/Pituitary/BT-MRI PI Train (389).jpg,Pituitary,224,224,RGB,8,3,0.0,229.0
Testing/No-tumor/BT-MRI NO Test (201).jpg,No-tumor,224,224,RGB,8,3,0.0,255.0
Training/No-tumor/BT-MRI NO Train (775).jpg,No-tumor,224,224,RGB,8,3,0.0,255.0
Training/No-tumor/BT-MRI NO Train (1532).jpg,No-tumor,224,224,RGB,8,3,2.0,255.0
Training/Meningioma/BT-MRI  ME Train (312).jpg,Meningioma,224,224,RGB,8,3,0.0,253.0
Testing/No-tumor/BT-MRI NO Test (135).jpg,No-tumor,224,224,RGB,8,3,0.0,255.0
Training/Pituitary/BT-MRI PI Train (439).jpg,Pituitary,224,224,RGB,8,3,0.0,250.0
Training/Glioma/BT-MRI GL Train  (654).jpg,Glioma,224,224,RGB,8,3,0.0,249.0
Testing/Glioma/BT-MRI Test GL (290).jpg,Glioma,224,224,RGB,8,3,0.0,246.0
Training/No-tumor/BT-MRI NO Train (606).jpg,No-tumor,224,224,RGB,8,3,0.0,248.0
Testing/No-tumor/BT-MRI NO Test (229).jpg,No-tumor,224,224,RGB,8,3,0.0,253.0
Training/Glioma/BT-MRI GL Train  (1028).jpg,Glioma,224,224,RGB,8,3,0.0,244.0
Training/Pituitary/BT-MRI PI Train (818).jpg,Pituitary,224,224,RGB,8,3,0.0,246.0
Training/Glioma/BT-MRI GL Train  (1026).jpg,Glioma,224,224,RGB,8,3,0.0,243.0
Training/Pituitary/BT-MRI PI Train (48).jpg,Pituitary,224,224,RGB,8,3,0.0,255.0
Testing/Pituitary/BT-MRI PI Test (173).jpg,Pituitary,224,224,RGB,8,3,0.0,244.0
Testing/Glioma/BT-MRI Test GL (114).jpg,Glioma,224,224,RGB,8,3,0.0,247.0
Training/Pituitary/BT-MRI PI Train (833).jpg,Pituitary,224,224,RGB,8,3,0.0,245.0
Training/Meningioma/BT-MRI  ME Train (62).jpg,Meningioma,224,224,RGB,8,3,0.0,245.0
Training/No-tumor/BT-MRI NO Train (1550).jpg,No-tumor,224,224,RGB,8,3,0.0,255.0
Training/No-tumor/BT-MRI NO Train (684).jpg,No-tumor,224,224,RGB,8,3,0.0,255.0
Testing/Meningioma/BT-MRI ME Test (248).jpg,Meningioma,224,224,RGB,8,3,0.0,255.0
Training/Pituitary/BT-MRI PI Train (493).jpg,Pituitary,224,224,RGB,8,3,0.0,251.0
Testing/Meningioma/BT-MRI ME Test (175).jpg,Meningioma,224,224,RGB,8,3,0.0,255.0
Testing/Meningioma/BT-MRI ME Test (145).jpg,Meningioma,224,224,RGB,8,3,0.0,246.0
Training/Glioma/BT-MRI GL Train  (1195).jpg,Glioma,224,224,RGB,8,3,0.0,253.0
Training/No-tumor/BT-MRI NO Train (402).jpg,No-tumor,224,224,RGB,8,3,0.0,255.0
Training/Glioma/BT-MRI GL Train  (1154).jpg,Glioma,224,224,RGB,8,3,0.0,247.0
Training/Pituitary/BT-MRI PI Train (199).jpg,Pituitary,224,224,RGB,8,3,0.0,251.0
Training/Meningioma/BT-MRI  ME Train (575).jpg,Meningioma,224,224,RGB,8,3,0.0,255.0
Training/Meningioma/BT-MRI  ME Train (1128).jpg,Meningioma,224,224,RGB,8,3,0.0,250.0
Testing/Glioma/BT-MRI Test GL (232).jpg,Glioma,224,224,RGB,8,3,0.0,244.0
Testing/No-tumor/BT-MRI NO Test (283).jpg,No-tumor,224,224,RGB,8,3,1.0,255.0
Training/Meningioma/BT-MRI  ME Train (1050).jpg,Meningioma,224,224,RGB,8,3,0.0,248.0
Training/No-tumor/BT-MRI NO Train (490).jpg,No-tumor,224,224,RGB,8,3,0.0,255.0
Training/Meningioma/BT-MRI  ME Train (1186).jpg,Meningioma,224,224,RGB,8,3,0.0,240.0
Training/Pituitary/BT-MRI PI Train (365).jpg,Pituitary,224,224,RGB,8,3,0.0,254.0
Training/Pituitary/BT-MRI PI Train (738).jpg,Pituitary,224,224,RGB,8,3,0.0,243.0
Testing/Meningioma/BT-MRI ME Test (211).jpg,Meningioma,224,224,RGB,8,3,0.0,251.0
Testing/No-tumor/BT-MRI NO Test (99).jpg,No-tumor,224,224,RGB,8,3,0.0,255.0
Training/Glioma/BT-MRI GL Train  (87).jpg,Glioma,224,224,RGB,8,3,0.0,232.0
Training/Pituitary/BT-MRI PI Train (889).jpg,Pituitary,224,224,RGB,8,3,0.0,255.0
Training/Pituitary/BT-MRI PI Train (666).jpg,Pituitary,224,224,RGB,8,3,0.0,252.0
Training/Glioma/BT-MRI GL Train  (963).jpg,Glioma,224,224,RGB,8,3,0.0,247.0
Training/Pituitary/BT-MRI PI Train (10).jpg,Pituitary,224,224,RGB,8,3,0.0,251.0
Training/No-tumor/BT-MRI NO Train (799).jpg,No-tumor,224,224,RGB,8,3,0.0,255.0
Testing/Glioma/BT-MRI Test GL (65).jpg,Glioma,224,224,RGB,8,3,0.0,232.0
Training/No-tumor/BT-MRI NO Train (1354).jpg,No-tumor,224,224,RGB,8,3,0.0,255.0
Training/Meningioma/BT-MRI  ME Train (429).jpg,Meningioma,224,224,RGB,8,3,0.0,242.0
Training/Meningioma/BT-MRI  ME Train (493).jpg,Meningioma,224,224,RGB,8,3,0.0,245.0
Testing/Glioma/BT-MRI Test GL (14).jpg,Glioma,224,224,RGB,8,3,0.0,239.0
Testing/Glioma/BT-MRI Test GL (21).jpg,Glioma,224,224,RGB,8,3,0.0,250.0
Training/Meningioma/BT-MRI  ME Train (633).jpg,Meningioma,224,224,RGB,8,3,0.0,255.0
Training/Glioma/BT-MRI GL Train  (565).jpg,Glioma,224,224,RGB,8,3,0.0,230.0
Training/Glioma/BT-MRI GL Train  (782).jpg,Glioma,224,224,RGB,8,3,0.0,215.0
Testing/Glioma/BT-MRI Test GL (183).jpg,Glioma,224,224,RGB,8,3,0.0,236.0
Training/No-tumor/BT-MRI NO Train (673).jpg,No-tumor,224,224,RGB,8,3,5.0,255.0
Training/Pituitary/BT-MRI PI Train (1031).jpg,Pituitary,224,224,RGB,8,3,0.0,246.0
Testing/No-tumor/BT-MRI NO Test (102).jpg,No-tumor,224,224,RGB,8,3,0.0,255.0
Training/Glioma/BT-MRI GL Train  (258).jpg,Glioma,224,224,RGB,8,3,0.0,240.0
Training/Glioma/BT-MRI GL Train  (440).jpg,Glioma,224,224,RGB,8,3,0.0,249.0
Testing/Meningioma/BT-MRI ME Test (130).jpg,Meningioma,224,224,RGB,8,3,0.0,247.0
Training/Glioma/BT-MRI GL Train  (1310).jpg,Glioma,224,224,RGB,8,3,0.0,248.0
Training/Glioma/BT-MRI GL Train  (336).jpg,Glioma,224,224,RGB,8,3,0.0,241.0
Testing/Meningioma/BT-MRI ME Test (272).jpg,Meningioma,224,224,RGB,8,3,0.0,225.0
Training/Glioma/BT-MRI GL Train  (1318).jpg,Glioma,224,224,RGB,8,3,0.0,218.0
Training/Glioma/BT-MRI GL Train  (309).jpg,Glioma,224,224,RGB,8,3,0.0,219.0
Training/Meningioma/BT-MRI  ME Train (948).jpg,Meningioma,224,224,RGB,8,3,0.0,255.0
Training/Meningioma/BT-MRI  ME Train (1159).jpg,Meningioma,224,224,RGB,8,3,0.0,245.0
Training/No-tumor/BT-MRI NO Train (640).jpg,No-tumor,224,224,RGB,8,3,0.0,255.0
Training/Glioma/BT-MRI GL Train  (1192).jpg,Glioma,224,224,RGB,8,3,0.0,245.0
Training/No-tumor/BT-MRI NO Train (1261).jpg,No-tumor,224,224,RGB,8,3,0.0,255.0
Training/No-tumor/BT-MRI NO Train (656).jpg,No-tumor,224,224,RGB,8,3,0.0,255.0
Training/Pituitary/BT-MRI PI Train (705).jpg,Pituitary,224,224,RGB,8,3,0.0,224.0
Training/No-tumor/BT-MRI NO Train (1570).jpg,No-tumor,224,224,RGB,8,3,0.0,255.0
Training/Meningioma/BT-MRI  ME Train (716).jpg,Meningioma,224,224,RGB,8,3,0.0,247.0
Training/Pituitary/BT-MRI PI Train (613).jpg,Pituitary,224,224,RGB,8,3,0.0,240.0
Training/Glioma/BT-MRI GL Train  (353).jpg,Glioma,224,224,RGB,8,3,0.0,236.0
Training/Pituitary/BT-MRI PI Train (1183).jpg,Pituitary,224,224,RGB,8,3,0.0,255.0
Training/Pituitary/BT-MRI PI Train (371).jpg,Pituitary,224,224,RGB,8,3,0.0,254.0
Training/No-tumor/BT-MRI NO Train (1087).jpg,No-tumor,224,224,RGB,8,3,0.0,255.0
Training/No-tumor/BT-MRI NO Train (506).jpg,No-tumor,224,224,RGB,8,3,0.0,236.0
Training/Meningioma/BT-MRI  ME Train (38).jpg,Meningioma,224,224,RGB,8,3,0.0,251.0
Testing/No-tumor/BT-MRI NO Test (257).jpg,No-tumor,224,224,RGB,8,3,0.0,255.0
Training/Glioma/BT-MRI GL Train  (380).jpg,Glioma,224,224,RGB,8,3,0.0,214.0
Training/Pituitary/BT-MRI PI Train (970).jpg,Pituitary,224,224,RGB,8,3,0.0,255.0
Training/No-tumor/BT-MRI NO Train (355).jpg,No-tumor,224,224,RGB,8,3,0.0,255.0
Training/No-tumor/BT-MRI NO Train (909).jpg,No-tumor,224,224,RGB,8,3,0.0,255.0
Training/No-tumor/BT-MRI NO Train (984).jpg,No-tumor,224,224,RGB,8,3,0.0,248.0
Training/Meningioma/BT-MRI  ME Train (1191).jpg,Meningioma,224,224,RGB,8,3,0.0,248.0
Training/Glioma/BT-MRI GL Train  (262).jpg,Glioma,224,224,RGB,8,3,0.0,248.0
Training/No-tumor/BT-MRI NO Train (1265).jpg,No-tumor,224,224,RGB,8,3,0.0,255.0
Training/Glioma/BT-MRI GL Train  (814).jpg,Glioma,224,224,RGB,8,3,0.0,240.0
Training/Meningioma/BT-MRI  ME Train (1065).jpg,Meningioma,224,224,RGB,8,3,0.0,253.0
Training/Glioma/BT-MRI GL Train  (970).jpg,Glioma,224,224,RGB,8,3,0.0,237.0
Training/No-tumor/BT-MRI NO Train (1201).jpg,No-tumor,224,224,RGB,8,3,0.0,255.0
Training/Meningioma/BT-MRI  ME Train (372).jpg,Meningioma,224,224,RGB,8,3,0.0,236.0
Testing/No-tumor/BT-MRI NO Test (197).jpg,No-tumor,224,224,RGB,8,3,0.0,255.0
Training/No-tumor/BT-MRI NO Train (1188).jpg,No-tumor,224,224,RGB,8,3,0.0,255.0
Training/Meningioma/BT-MRI  ME Train (681).jpg,Meningioma,224,224,RGB,8,3,0.0,255.0
Training/Pituitary/BT-MRI PI Train (763).jpg,Pituitary,224,224,RGB,8,3,0.0,251.0
Training/Meningioma/BT-MRI  ME Train (1103).jpg,Meningioma,224,224,RGB,8,3,0.0,255.0
Training/Glioma/BT-MRI GL Train  (1153).jpg,Glioma,224,224,RGB,8,3,0.0,238.0
Training/Meningioma/BT-MRI  ME Train (868).jpg,Meningioma,224,224,RGB,8,3,0.0,253.0
Training/Meningioma/BT-MRI  ME Train (785).jpg,Meningioma,224,224,RGB,8,3,0.0,254.0
Testing/Glioma/BT-MRI Test GL (181).jpg,Glioma,224,224,RGB,8,3,0.0,234.0
Training/Meningioma/BT-MRI  ME Train (452).jpg,Meningioma,224,224,RGB,8,3,0.0,240.0
Training/No-tumor/BT-MRI NO Train (1439).jpg,No-tumor,224,224,RGB,8,3,0.0,250.0
Training/Glioma/BT-MRI GL Train  (1164).jpg,Glioma,224,224,RGB,8,3,0.0,245.0
Testing/Pituitary/BT-MRI PI Test (50).jpg,Pituitary,224,224,RGB,8,3,0.0,239.0
Training/Pituitary/BT-MRI PI Train (116).jpg,Pituitary,224,224,RGB,8,3,0.0,208.0
Training/Meningioma/BT-MRI  ME Train (922).jpg,Meningioma,224,224,RGB,8,3,0.0,244.0
Training/Meningioma/BT-MRI  ME Train (645).jpg,Meningioma,224,224,RGB,8,3,0.0,242.0
Training/Meningioma/BT-MRI  ME Train (574).jpg,Meningioma,224,224,RGB,8,3,0.0,254.0
Training/No-tumor/BT-MRI NO Train (512).jpg,No-tumor,224,224,RGB,8,3,2.0,255.0
Training/Pituitary/BT-MRI PI Train (984).jpg,Pituitary,224,224,RGB,8,3,0.0,246.0
Testing/Meningioma/BT-MRI ME Test (187).jpg,Meningioma,224,224,RGB,8,3,0.0,252.0
Training/Glioma/BT-MRI GL Train  (1254).jpg,Glioma,224,224,RGB,8,3,0.0,248.0
Training/Glioma/BT-MRI GL Train  (1311).jpg,Glioma,224,224,RGB,8,3,0.0,250.0
Testing/No-tumor/BT-MRI NO Test (371).jpg,No-tumor,224,224,RGB,8,3,0.0,255.0
Training/Meningioma/BT-MRI  ME Train (1143).jpg,Meningioma,224,224,RGB,8,3,0.0,250.0
Training/Meningioma/BT-MRI  ME Train (1218).jpg,Meningioma,224,224,RGB,8,3,0.0,252.0
Training/Pituitary/BT-MRI PI Train (66).jpg,Pituitary,224,224,RGB,8,3,0.0,254.0
Training/Meningioma/BT-MRI  ME Train (1178).jpg,Meningioma,224,224,RGB,8,3,0.0,240.0
Training/Meningioma/BT-MRI  ME Train (1290).jpg,Meningioma,224,224,RGB,8,3,0.0,240.0
Training/Meningioma/BT-MRI  ME Train (121).jpg,Meningioma,224,224,RGB,8,3,0.0,230.0
Training/Glioma/BT-MRI GL Train  (636).jpg,Glioma,224,224,RGB,8,3,0.0,232.0
Training/Meningioma/BT-MRI  ME Train (1212).jpg,Meningioma,224,224,RGB,8,3,0.0,241.0
Testing/Meningioma/BT-MRI ME Test (236).jpg,Meningioma,224,224,RGB,8,3,0.0,253.0
Training/No-tumor/BT-MRI NO Train (66).jpg,No-tumor,224,224,RGB,8,3,0.0,255.0
Training/No-tumor/BT-MRI NO Train (874).jpg,No-tumor,224,224,RGB,8,3,0.0,255.0
Training/Meningioma/BT-MRI  ME Train (152).jpg,Meningioma,224,224,RGB,8,3,0.0,243.0
Training/Pituitary/BT-MRI PI Train (233).jpg,Pituitary,224,224,RGB,8,3,0.0,251.0
Training/Pituitary/BT-MRI PI Train (1148).jpg,Pituitary,224,224,RGB,8,3,0.0,248.0
Training/Meningioma/BT-MRI  ME Train (1122).jpg,Meningioma,224,224,RGB,8,3,0.0,255.0
Training/Glioma/BT-MRI GL Train  (866).jpg,Glioma,224,224,RGB,8,3,0.0,232.0
Training/Meningioma/BT-MRI  ME Train (1202).jpg,Meningioma,224,224,RGB,8,3,0.0,233.0
Testing/Pituitary/BT-MRI PI Test (253).jpg,Pituitary,224,224,RGB,8,3,0.0,254.0
Training/Pituitary/BT-MRI PI Train (194).jpg,Pituitary,224,224,RGB,8,3,0.0,255.0
Training/Glioma/BT-MRI GL Train  (459).jpg,Glioma,224,224,RGB,8,3,0.0,246.0
Training/Meningioma/BT-MRI  ME Train (856).jpg,Meningioma,224,224,RGB,8,3,0.0,239.0
Training/Pituitary/BT-MRI PI Train (794).jpg,Pituitary,224,224,RGB,8,3,0.0,238.0
Training/Meningioma/BT-MRI  ME Train (875).jpg,Meningioma,224,224,RGB,8,3,0.0,240.0
Training/Glioma/BT-MRI GL Train  (1230).jpg,Glioma,224,224,RGB,8,3,0.0,255.0
Training/Pituitary/BT-MRI PI Train (1338).jpg,Pituitary,224,224,RGB,8,3,0.0,255.0
Training/Glioma/BT-MRI GL Train  (215).jpg,Glioma,224,224,RGB,8,3,0.0,228.0
Training/Meningioma/BT-MRI  ME Train (567).jpg,Meningioma,224,224,RGB,8,3,0.0,241.0
Training/Pituitary/BT-MRI PI Train (775).jpg,Pituitary,224,224,RGB,8,3,0.0,247.0
Training/Meningioma/BT-MRI  ME Train (1249).jpg,Meningioma,224,224,RGB,8,3,0.0,234.0
Training/Meningioma/BT-MRI  ME Train (397).jpg,Meningioma,224,224,RGB,8,3,0.0,241.0
Training/No-tumor/BT-MRI NO Train (1276).jpg,No-tumor,224,224,RGB,8,3,0.0,255.0
Training/Glioma/BT-MRI GL Train  (668).jpg,Glioma,224,224,RGB,8,3,0.0,224.0
Training/Pituitary/BT-MRI PI Train (1395).jpg,Pituitary,224,224,RGB,8,3,0.0,239.0
Testing/Pituitary/BT-MRI PI Test (176).jpg,Pituitary,224,224,RGB,8,3,0.0,242.0
Testing/Pituitary/BT-MRI PI Test (214).jpg,Pituitary,224,224,RGB,8,3,0.0,248.0
Training/Pituitary/BT-MRI PI Train (755).jpg,Pituitary,224,224,RGB,8,3,0.0,248.0
Training/Pituitary/BT-MRI PI Train (903).jpg,Pituitary,224,224,RGB,8,3,0.0,243.0
Training/Glioma/BT-MRI GL Train  (833).jpg,Glioma,224,224,RGB,8,3,0.0,235.0
Training/Glioma/BT-MRI GL Train  (918).jpg,Glioma,224,224,RGB,8,3,0.0,248.0
Training/No-tumor/BT-MRI NO Train (397).jpg,No-tumor,224,224,RGB,8,3,0.0,255.0
Training/Glioma/BT-MRI GL Train  (1158).jpg,Glioma,224,224,RGB,8,3,0.0,243.0
Training/Glioma/BT-MRI GL Train  (894).jpg,Glioma,224,224,RGB,8,3,0.0,231.0
Training/No-tumor/BT-MRI NO Train (1027).jpg,No-tumor,224,224,RGB,8,3,0.0,255.0
Training/Pituitary/BT-MRI PI Train (1382).jpg,Pituitary,224,224,RGB,8,3,0.0,245.0
Training/No-tumor/BT-MRI NO Train (1246).jpg,No-tumor,224,224,RGB,8,3,0.0,255.0
Training/Meningioma/BT-MRI  ME Train (1082).jpg,Meningioma,224,224,RGB,8,3,0.0,255.0
Training/Meningioma/BT-MRI  ME Train (870).jpg,Meningioma,224,224,RGB,8,3,0.0,250.0
Training/Glioma/BT-MRI GL Train  (247).jpg,Glioma,224,224,RGB,8,3,0.0,214.0
Testing/Meningioma/BT-MRI ME Test (226).jpg,Meningioma,224,224,RGB,8,3,0.0,243.0
Training/Pituitary/BT-MRI PI Train (590).jpg,Pituitary,224,224,RGB,8,3,0.0,252.0
Training/Meningioma/BT-MRI  ME Train (1300).jpg,Meningioma,224,224,RGB,8,3,0.0,233.0
Training/Pituitary/BT-MRI PI Train (341).jpg,Pituitary,224,224,RGB,8,3,0.0,246.0
Testing/Meningioma/BT-MRI ME Test (127).jpg,Meningioma,224,224,RGB,8,3,0.0,253.0
Training/Glioma/BT-MRI GL Train  (39).jpg,Glioma,224,224,RGB,8,3,0.0,246.0
Training/Pituitary/BT-MRI PI Train (864).jpg,Pituitary,224,224,RGB,8,3,0.0,245.0
Training/Meningioma/BT-MRI  ME Train (81).jpg,Meningioma,224,224,RGB,8,3,0.0,226.0
Training/Pituitary/BT-MRI PI Train (105).jpg,Pituitary,224,224,RGB,8,3,0.0,252.0
Training/Meningioma/BT-MRI  ME Train (1211).jpg,Meningioma,224,224,RGB,8,3,0.0,243.0
Training/No-tumor/BT-MRI NO Train (221).jpg,No-tumor,224,224,RGB,8,3,0.0,255.0
Training/Meningioma/BT-MRI  ME Train (1194).jpg,Meningioma,224,224,RGB,8,3,0.0,255.0
Training/Pituitary/BT-MRI PI Train (348).jpg,Pituitary,224,224,RGB,8,3,0.0,243.0
Training/Meningioma/BT-MRI  ME Train (426).jpg,Meningioma,224,224,RGB,8,3,0.0,251.0
Training/Meningioma/BT-MRI  ME Train (488).jpg,Meningioma,224,224,RGB,8,3,0.0,254.0
Training/Pituitary/BT-MRI PI Train (297).jpg,Pituitary,224,224,RGB,8,3,0.0,240.0
Training/No-tumor/BT-MRI NO Train (106).jpg,No-tumor,224,224,RGB,8,3,0.0,255.0
Training/Pituitary/BT-MRI PI Train (502).jpg,Pituitary,224,224,RGB,8,3,0.0,250.0
Testing/No-tumor/BT-MRI NO Test (307).jpg,No-tumor,224,224,RGB,8,3,0.0,255.0
Training/Meningioma/BT-MRI  ME Train (553).jpg,Meningioma,224,224,RGB,8,3,0.0,248.0
Training/Meningioma/BT-MRI  ME Train (409).jpg,Meningioma,224,224,RGB,8,3,0.0,245.0
Testing/No-tumor/BT-MRI NO Test (380).jpg,No-tumor,224,224,RGB,8,3,0.0,248.0
Training/Glioma/BT-MRI GL Train  (821).jpg,Glioma,224,224,RGB,8,3,0.0,243.0
Training/Meningioma/BT-MRI  ME Train (545).jpg,Meningioma,224,224,RGB,8,3,0.0,236.0
Training/Meningioma/BT-MRI  ME Train (1155).jpg,Meningioma,224,224,RGB,8,3,0.0,255.0
Training/Pituitary/BT-MRI PI Train (662).jpg,Pituitary,224,224,RGB,8,3,0.0,239.0
Training/Glioma/BT-MRI GL Train  (860).jpg,Glioma,224,224,RGB,8,3,0.0,232.0
Training/Pituitary/BT-MRI PI Train (943).jpg,Pituitary,224,224,RGB,8,3,0.0,255.0
Testing/Glioma/BT-MRI Test GL (206).jpg,Glioma,224,224,RGB,8,3,0.0,215.0
Training/Glioma/BT-MRI GL Train  (1279).jpg,Glioma,224,224,RGB,8,3,0.0,238.0
Training/Glioma/BT-MRI GL Train  (147).jpg,Glioma,224,224,RGB,8,3,0.0,255.0
Training/No-tumor/BT-MRI NO Train (1258).jpg,No-tumor,224,224,RGB,8,3,0.0,255.0
Training/Meningioma/BT-MRI  ME Train (1137).jpg,Meningioma,224,224,RGB,8,3,0.0,253.0
Training/No-tumor/BT-MRI NO Train (253).jpg,No-tumor,224,224,RGB,8,3,0.0,255.0
Training/Pituitary/BT-MRI PI Train (1075).jpg,Pituitary,224,224,RGB,8,3,0.0,253.0
Training/No-tumor/BT-MRI NO Train (202).jpg,No-tumor,224,224,RGB,8,3,0.0,192.0
Training/Meningioma/BT-MRI  ME Train (113).jpg,Meningioma,224,224,RGB,8,3,0.0,246.0
Testing/No-tumor/BT-MRI NO Test (166).jpg,No-tumor,224,224,RGB,8,3,0.0,255.0
Training/Glioma/BT-MRI GL Train  (149).jpg,Glioma,224,224,RGB,8,3,0.0,236.0
Training/No-tumor/BT-MRI NO Train (615).jpg,No-tumor,224,224,RGB,8,3,0.0,255.0
Training/Pituitary/BT-MRI PI Train (356).jpg,Pituitary,224,224,RGB,8,3,0.0,233.0
Training/Glioma/BT-MRI GL Train  (409).jpg,Glioma,224,224,RGB,8,3,0.0,222.0
Training/Glioma/BT-MRI GL Train  (869).jpg,Glioma,224,224,RGB,8,3,0.0,221.0
Training/Pituitary/BT-MRI PI Train (421).jpg,Pituitary,224,224,RGB,8,3,0.0,244.0
Testing/Glioma/BT-MRI Test GL (93).jpg,Glioma,224,224,RGB,8,3,0.0,236.0
Training/No-tumor/BT-MRI NO Train (1469).jpg,No-tumor,224,224,RGB,8,3,0.0,252.0
Training/Pituitary/BT-MRI PI Train (1457).jpg,Pituitary,224,224,RGB,8,3,0.0,239.0
Training/Glioma/BT-MRI GL Train  (30).jpg,Glioma,224,224,RGB,8,3,0.0,255.0
Training/No-tumor/BT-MRI NO Train (1311).jpg,No-tumor,224,224,RGB,8,3,0.0,255.0
Testing/No-tumor/BT-MRI NO Test (337).jpg,No-tumor,224,224,RGB,8,3,0.0,255.0
Training/No-tumor/BT-MRI NO Train (1486).jpg,No-tumor,224,224,RGB,8,3,0.0,255.0
Training/No-tumor/BT-MRI NO Train (1480).jpg,No-tumor,224,224,RGB,8,3,0.0,255.0
Training/Meningioma/BT-MRI  ME Train (1174).jpg,Meningioma,224,224,RGB,8,3,0.0,236.0
Training/Glioma/BT-MRI GL Train  (703).jpg,Glioma,224,224,RGB,8,3,0.0,225.0
Training/Meningioma/BT-MRI  ME Train (565).jpg,Meningioma,224,224,RGB,8,3,0.0,255.0
Testing/Meningioma/BT-MRI ME Test (133).jpg,Meningioma,224,224,RGB,8,3,0.0,238.0
Training/Glioma/BT-MRI GL Train  (571).jpg,Glioma,224,224,RGB,8,3,0.0,250.0
Training/No-tumor/BT-MRI NO Train (1053).jpg,No-tumor,224,224,RGB,8,3,0.0,255.0
Training/Pituitary/BT-MRI PI Train (137).jpg,Pituitary,224,224,RGB,8,3,0.0,242.0
Training/No-tumor/BT-MRI NO Train (1032).jpg,No-tumor,224,224,RGB,8,3,0.0,234.0
Training/Pituitary/BT-MRI PI Train (1175).jpg,Pituitary,224,224,RGB,8,3,0.0,236.0
Testing/Meningioma/BT-MRI ME Test (171).jpg,Meningioma,224,224,RGB,8,3,0.0,249.0
Training/Pituitary/BT-MRI PI Train (998).jpg,Pituitary,224,224,RGB,8,3,0.0,238.0
Training/No-tumor/BT-MRI NO Train (1119).jpg,No-tumor,224,224,RGB,8,3,0.0,255.0
Training/Pituitary/BT-MRI PI Train (285).jpg,Pituitary,224,224,RGB,8,3,0.0,244.0
Testing/Glioma/BT-MRI Test GL (134).jpg,Glioma,224,224,RGB,8,3,0.0,236.0
Testing/No-tumor/BT-MRI NO Test (151).jpg,No-tumor,224,224,RGB,8,3,0.0,255.0
Testing/No-tumor/BT-MRI NO Test (356).jpg,No-tumor,224,224,RGB,8,3,0.0,234.0
Training/Glioma/BT-MRI GL Train  (583).jpg,Glioma,224,224,RGB,8,3,0.0,235.0
Training/No-tumor/BT-MRI NO Train (647).jpg,No-tumor,224,224,RGB,8,3,0.0,255.0
Training/No-tumor/BT-MRI NO Train (1106).jpg,No-tumor,224,224,RGB,8,3,0.0,238.0
Training/No-tumor/BT-MRI NO Train (1039).jpg,No-tumor,224,224,RGB,8,3,0.0,255.0
Training/Glioma/BT-MRI GL Train  (620).jpg,Glioma,224,224,RGB,8,3,0.0,231.0
Training/Pituitary/BT-MRI PI Train (450).jpg,Pituitary,224,224,RGB,8,3,0.0,253.0
Training/Pituitary/BT-MRI PI Train (700).jpg,Pituitary,224,224,RGB,8,3,0.0,228.0
Training/Pituitary/BT-MRI PI Train (85).jpg,Pituitary,224,224,RGB,8,3,0.0,222.0
Training/Meningioma/BT-MRI  ME Train (715).jpg,Meningioma,224,224,RGB,8,3,0.0,255.0
Training/Meningioma/BT-MRI  ME Train (1004).jpg,Meningioma,224,224,RGB,8,3,0.0,236.0
Training/Meningioma/BT-MRI  ME Train (653).jpg,Meningioma,224,224,RGB,8,3,0.0,235.0
Training/No-tumor/BT-MRI NO Train (538).jpg,No-tumor,224,224,RGB,8,3,0.0,255.0
Training/Glioma/BT-MRI GL Train  (896).jpg,Glioma,224,224,RGB,8,3,0.0,238.0
Training/Glioma/BT-MRI GL Train  (1263).jpg,Glioma,224,224,RGB,8,3,0.0,250.0
Testing/No-tumor/BT-MRI NO Test (368).jpg,No-tumor,224,224,RGB,8,3,2.0,255.0
Testing/Pituitary/BT-MRI PI Test (14).jpg,Pituitary,224,224,RGB,8,3,0.0,243.0
Training/Glioma/BT-MRI GL Train  (1053).jpg,Glioma,224,224,RGB,8,3,0.0,244.0
Training/No-tumor/BT-MRI NO Train (411).jpg,No-tumor,224,224,RGB,8,3,0.0,255.0
Testing/No-tumor/BT-MRI NO Test (252).jpg,No-tumor,224,224,RGB,8,3,0.0,253.0
Training/Meningioma/BT-MRI  ME Train (482).jpg,Meningioma,224,224,RGB,8,3,0.0,255.0
Training/Glioma/BT-MRI GL Train  (547).jpg,Glioma,224,224,RGB,8,3,0.0,236.0
Training/Glioma/BT-MRI GL Train  (1288).jpg,Glioma,224,224,RGB,8,3,0.0,238.0
Testing/Pituitary/BT-MRI PI Test (1).jpg,Pituitary,224,224,RGB,8,3,0.0,226.0
Training/Glioma/BT-MRI GL Train  (365).jpg,Glioma,224,224,RGB,8,3,0.0,212.0
Training/Glioma/BT-MRI GL Train  (919).jpg,Glioma,224,224,RGB,8,3,0.0,238.0
Training/Glioma/BT-MRI GL Train  (13).jpg,Glioma,224,224,RGB,8,3,0.0,241.0
Training/No-tumor/BT-MRI NO Train (642).jpg,No-tumor,224,224,RGB,8,3,0.0,255.0
Training/Meningioma/BT-MRI  ME Train (442).jpg,Meningioma,224,224,RGB,8,3,0.0,255.0
Training/Meningioma/BT-MRI  ME Train (665).jpg,Meningioma,224,224,RGB,8,3,0.0,252.0
Training/No-tumor/BT-MRI NO Train (1298).jpg,No-tumor,224,224,RGB,8,3,0.0,255.0
Testing/Meningioma/BT-MRI ME Test (141).jpg,Meningioma,224,224,RGB,8,3,0.0,255.0
Training/Glioma/BT-MRI GL Train  (517).jpg,Glioma,224,224,RGB,8,3,0.0,231.0
Training/Pituitary/BT-MRI PI Train (45).jpg,Pituitary,224,224,RGB,8,3,0.0,255.0
Training/No-tumor/BT-MRI NO Train (279).jpg,No-tumor,224,224,RGB,8,3,0.0,255.0
Training/No-tumor/BT-MRI NO Train (435).jpg,No-tumor,224,224,RGB,8,3,0.0,255.0
Training/No-tumor/BT-MRI NO Train (1372).jpg,No-tumor,224,224,RGB,8,3,0.0,255.0
Training/No-tumor/BT-MRI NO Train (1522).jpg,No-tumor,224,224,RGB,8,3,0.0,255.0
Training/Meningioma/BT-MRI  ME Train (904).jpg,Meningioma,224,224,RGB,8,3,0.0,246.0
Training/Meningioma/BT-MRI  ME Train (1060).jpg,Meningioma,224,224,RGB,8,3,0.0,220.0
Training/No-tumor/BT-MRI NO Train (1371).jpg,No-tumor,224,224,RGB,8,3,0.0,255.0
Training/Glioma/BT-MRI GL Train  (857).jpg,Glioma,224,224,RGB,8,3,0.0,237.0
Training/Meningioma/BT-MRI  ME Train (759).jpg,Meningioma,224,224,RGB,8,3,0.0,255.0
Training/Meningioma/BT-MRI  ME Train (240).jpg,Meningioma,224,224,RGB,8,3,0.0,245.0
Training/Meningioma/BT-MRI  ME Train (1142).jpg,Meningioma,224,224,RGB,8,3,0.0,254.0
Training/Pituitary/BT-MRI PI Train (238).jpg,Pituitary,224,224,RGB,8,3,0.0,235.0
Testing/No-tumor/BT-MRI NO Test (245).jpg,No-tumor,224,224,RGB,8,3,0.0,255.0
Training/Pituitary/BT-MRI PI Train (1261).jpg,Pituitary,224,224,RGB,8,3,0.0,246.0
Training/Glioma/BT-MRI GL Train  (280).jpg,Glioma,224,224,RGB,8,3,0.0,229.0
Training/Glioma/BT-MRI GL Train  (333).jpg,Glioma,224,224,RGB,8,3,0.0,224.0
Training/Meningioma/BT-MRI  ME Train (647).jpg,Meningioma,224,224,RGB,8,3,0.0,250.0
Testing/Pituitary/BT-MRI PI Test (48).jpg,Pituitary,224,224,RGB,8,3,0.0,233.0
Training/Meningioma/BT-MRI  ME Train (917).jpg,Meningioma,224,224,RGB,8,3,0.0,237.0
Training/No-tumor/BT-MRI NO Train (1200).jpg,No-tumor,224,224,RGB,8,3,0.0,255.0
Training/Glioma/BT-MRI GL Train  (905).jpg,Glioma,224,224,RGB,8,3,0.0,248.0
Training/Glioma/BT-MRI GL Train  (1283).jpg,Glioma,224,224,RGB,8,3,0.0,245.0
Training/Pituitary/BT-MRI PI Train (82).jpg,Pituitary,224,224,RGB,8,3,0.0,244.0
Training/Glioma/BT-MRI GL Train  (230).jpg,Glioma,224,224,RGB,8,3,0.0,237.0
Training/Pituitary/BT-MRI PI Train (764).jpg,Pituitary,224,224,RGB,8,3,0.0,243.0
Training/Pituitary/BT-MRI PI Train (545).jpg,Pituitary,224,224,RGB,8,3,0.0,237.0
Training/Glioma/BT-MRI GL Train  (1299).jpg,Glioma,224,224,RGB,8,3,0.0,226.0
Testing/Meningioma/BT-MRI ME Test (173).jpg,Meningioma,224,224,RGB,8,3,0.0,248.0
Training/Pituitary/BT-MRI PI Train (1142).jpg,Pituitary,224,224,RGB,8,3,0.0,246.0
Training/Glioma/BT-MRI GL Train  (1255).jpg,Glioma,224,224,RGB,8,3,0.0,252.0
Training/Meningioma/BT-MRI  ME Train (935).jpg,Meningioma,224,224,RGB,8,3,0.0,246.0
Training/Meningioma/BT-MRI  ME Train (638).jpg,Meningioma,224,224,RGB,8,3,0.0,245.0
Training/Pituitary/BT-MRI PI Train (110).jpg,Pituitary,224,224,RGB,8,3,0.0,251.0
Training/Glioma/BT-MRI GL Train  (479).jpg,Glioma,224,224,RGB,8,3,0.0,235.0
Training/Meningioma/BT-MRI  ME Train (1203).jpg,Meningioma,224,224,RGB,8,3,0.0,234.0
Training/No-tumor/BT-MRI NO Train (1415).jpg,No-tumor,224,224,RGB,8,3,0.0,255.0
Testing/Meningioma/BT-MRI ME Test (192).jpg,Meningioma,224,224,RGB,8,3,0.0,255.0
Testing/No-tumor/BT-MRI NO Test (276).jpg,No-tumor,224,224,RGB,8,3,0.0,255.0
Training/Glioma/BT-MRI GL Train  (461).jpg,Glioma,224,224,RGB,8,3,0.0,233.0
Testing/Pituitary/BT-MRI PI Test (202).jpg,Pituitary,224,224,RGB,8,3,0.0,246.0
Training/No-tumor/BT-MRI NO Train (383).jpg,No-tumor,224,224,RGB,8,3,0.0,247.0
Training/Glioma/BT-MRI GL Train  (1231).jpg,Glioma,224,224,RGB,8,3,0.0,253.0
Training/Glioma/BT-MRI GL Train  (529).jpg,Glioma,224,224,RGB,8,3,0.0,213.0
Training/Glioma/BT-MRI GL Train  (749).jpg,Glioma,224,224,RGB,8,3,0.0,252.0
Testing/Glioma/BT-MRI Test GL (265).jpg,Glioma,224,224,RGB,8,3,0.0,252.0
Training/Meningioma/BT-MRI  ME Train (361).jpg,Meningioma,224,224,RGB,8,3,0.0,252.0
Training/Glioma/BT-MRI GL Train  (1006).jpg,Glioma,224,224,RGB,8,3,0.0,250.0
Training/No-tumor/BT-MRI NO Train (1365).jpg,No-tumor,224,224,RGB,8,3,0.0,228.0
Training/Meningioma/BT-MRI  ME Train (168).jpg,Meningioma,224,224,RGB,8,3,0.0,255.0
Training/Meningioma/BT-MRI  ME Train (68).jpg,Meningioma,224,224,RGB,8,3,0.0,245.0
Training/Pituitary/BT-MRI PI Train (681).jpg,Pituitary,224,224,RGB,8,3,0.0,255.0
Training/Glioma/BT-MRI GL Train  (537).jpg,Glioma,224,224,RGB,8,3,0.0,234.0
Training/Glioma/BT-MRI GL Train  (1298).jpg,Glioma,224,224,RGB,8,3,0.0,239.0
Training/No-tumor/BT-MRI NO Train (832).jpg,No-tumor,224,224,RGB,8,3,0.0,255.0
Training/Pituitary/BT-MRI PI Train (1378).jpg,Pituitary,224,224,RGB,8,3,0.0,220.0
Training/No-tumor/BT-MRI NO Train (923).jpg,No-tumor,224,224,RGB,8,3,0.0,229.0
Training/Pituitary/BT-MRI PI Train (859).jpg,Pituitary,224,224,RGB,8,3,0.0,238.0
Training/No-tumor/BT-MRI NO Train (749).jpg,No-tumor,224,224,RGB,8,3,0.0,239.0
Training/Pituitary/BT-MRI PI Train (1128).jpg,Pituitary,224,224,RGB,8,3,0.0,222.0
Training/Pituitary/BT-MRI PI Train (1136).jpg,Pituitary,224,224,RGB,8,3,0.0,242.0
Training/Pituitary/BT-MRI PI Train (782).jpg,Pituitary,224,224,RGB,8,3,0.0,243.0
Training/Pituitary/BT-MRI PI Train (1066).jpg,Pituitary,224,224,RGB,8,3,0.0,221.0
Training/Meningioma/BT-MRI  ME Train (547).jpg,Meningioma,224,224,RGB,8,3,0.0,246.0
Training/Meningioma/BT-MRI  ME Train (1328).jpg,Meningioma,224,224,RGB,8,3,0.0,246.0
Training/Pituitary/BT-MRI PI Train (42).jpg,Pituitary,224,224,RGB,8,3,0.0,237.0
Training/Glioma/BT-MRI GL Train  (182).jpg,Glioma,224,224,RGB,8,3,0.0,240.0
Training/No-tumor/BT-MRI NO Train (644).jpg,No-tumor,224,224,RGB,8,3,0.0,255.0
Training/No-tumor/BT-MRI NO Train (1109).jpg,No-tumor,224,224,RGB,8,3,0.0,255.0
Training/Glioma/BT-MRI GL Train  (151).jpg,Glioma,224,224,RGB,8,3,0.0,241.0
Training/Glioma/BT-MRI GL Train  (830).jpg,Glioma,224,224,RGB,8,3,0.0,243.0
Training/Pituitary/BT-MRI PI Train (904).jpg,Pituitary,224,224,RGB,8,3,0.0,240.0
Training/Pituitary/BT-MRI PI Train (362).jpg,Pituitary,224,224,RGB,8,3,0.0,250.0
Training/No-tumor/BT-MRI NO Train (671).jpg,No-tumor,224,224,RGB,8,3,0.0,255.0
Training/Meningioma/BT-MRI  ME Train (1152).jpg,Meningioma,224,224,RGB,8,3,0.0,248.0
Training/Glioma/BT-MRI GL Train  (350).jpg,Glioma,224,224,RGB,8,3,0.0,220.0
Training/Pituitary/BT-MRI PI Train (380).jpg,Pituitary,224,224,RGB,8,3,0.0,253.0
Training/Pituitary/BT-MRI PI Train (425).jpg,Pituitary,224,224,RGB,8,3,0.0,246.0
Training/No-tumor/BT-MRI NO Train (1224).jpg,No-tumor,224,224,RGB,8,3,0.0,255.0
Training/Meningioma/BT-MRI  ME Train (116).jpg,Meningioma,224,224,RGB,8,3,0.0,237.0
Training/No-tumor/BT-MRI NO Train (595).jpg,No-tumor,224,224,RGB,8,3,0.0,255.0
Training/Glioma/BT-MRI GL Train  (183).jpg,Glioma,224,224,RGB,8,3,0.0,223.0
Training/Glioma/BT-MRI GL Train  (1177).jpg,Glioma,224,224,RGB,8,3,0.0,239.0
Training/Meningioma/BT-MRI  ME Train (1151).jpg,Meningioma,224,224,RGB,8,3,0.0,248.0
Training/Pituitary/BT-MRI PI Train (639).jpg,Pituitary,224,224,RGB,8,3,0.0,243.0
Training/Pituitary/BT-MRI PI Train (1280).jpg,Pituitary,224,224,RGB,8,3,0.0,243.0
Training/Glioma/BT-MRI GL Train  (187).jpg,Glioma,224,224,RGB,8,3,0.0,233.0
Training/No-tumor/BT-MRI NO Train (663).jpg,No-tumor,224,224,RGB,8,3,0.0,255.0
Training/Pituitary/BT-MRI PI Train (1133).jpg,Pituitary,224,224,RGB,8,3,0.0,239.0
Training/No-tumor/BT-MRI NO Train (1405).jpg,No-tumor,224,224,RGB,8,3,0.0,140.0
Training/Glioma/BT-MRI GL Train  (1097).jpg,Glioma,224,224,RGB,8,3,0.0,200.0
Training/Glioma/BT-MRI GL Train  (665).jpg,Glioma,224,224,RGB,8,3,0.0,245.0
Training/No-tumor/BT-MRI NO Train (179).jpg,No-tumor,224,224,RGB,8,3,0.0,255.0
Training/Pituitary/BT-MRI PI Train (447).jpg,Pituitary,224,224,RGB,8,3,0.0,246.0
Training/No-tumor/BT-MRI NO Train (286).jpg,No-tumor,224,224,RGB,8,3,0.0,255.0
Testing/No-tumor/BT-MRI NO Test (120).jpg,No-tumor,224,224,RGB,8,3,0.0,255.0
Training/No-tumor/BT-MRI NO Train (203).jpg,No-tumor,224,224,RGB,8,3,0.0,253.0
Training/Glioma/BT-MRI GL Train  (443).jpg,Glioma,224,224,RGB,8,3,0.0,223.0
Training/Pituitary/BT-MRI PI Train (291).jpg,Pituitary,224,224,RGB,8,3,0.0,249.0
Training/Pituitary/BT-MRI PI Train (682).jpg,Pituitary,224,224,RGB,8,3,0.0,228.0
Training/No-tumor/BT-MRI NO Train (1584).jpg,No-tumor,224,224,RGB,8,3,0.0,255.0
Training/Pituitary/BT-MRI PI Train (804).jpg,Pituitary,224,224,RGB,8,3,0.0,244.0
Training/Pituitary/BT-MRI PI Train (1389).jpg,Pituitary,224,224,RGB,8,3,0.0,255.0
Training/Pituitary/BT-MRI PI Train (813).jpg,Pituitary,224,224,RGB,8,3,0.0,244.0
Training/Glioma/BT-MRI GL Train  (699).jpg,Glioma,224,224,RGB,8,3,0.0,222.0
Training/Meningioma/BT-MRI  ME Train (1018).jpg,Meningioma,224,224,RGB,8,3,0.0,251.0
Training/Meningioma/BT-MRI  ME Train (698).jpg,Meningioma,224,224,RGB,8,3,0.0,243.0
Training/Glioma/BT-MRI GL Train  (698).jpg,Glioma,224,224,RGB,8,3,0.0,215.0
Training/Meningioma/BT-MRI  ME Train (1332).jpg,Meningioma,224,224,RGB,8,3,0.0,243.0
Training/No-tumor/BT-MRI NO Train (589).jpg,No-tumor,224,224,RGB,8,3,0.0,255.0
Training/Pituitary/BT-MRI PI Train (534).jpg,Pituitary,224,224,RGB,8,3,0.0,252.0
Training/No-tumor/BT-MRI NO Train (1423).jpg,No-tumor,224,224,RGB,8,3,0.0,253.0
Training/Pituitary/BT-MRI PI Train (1277).jpg,Pituitary,224,224,RGB,8,3,0.0,248.0
Training/Glioma/BT-MRI GL Train  (573).jpg,Glioma,224,224,RGB,8,3,0.0,223.0
Training/Pituitary/BT-MRI PI Train (528).jpg,Pituitary,224,224,RGB,8,3,0.0,249.0
Training/Meningioma/BT-MRI  ME Train (394).jpg,Meningioma,224,224,RGB,8,3,0.0,247.0
Testing/Pituitary/BT-MRI PI Test (187).jpg,Pituitary,224,224,RGB,8,3,0.0,251.0
Training/No-tumor/BT-MRI NO Train (1538).jpg,No-tumor,224,224,RGB,8,3,0.0,234.0
Training/Meningioma/BT-MRI  ME Train (256).jpg,Meningioma,224,224,RGB,8,3,0.0,255.0
Training/No-tumor/BT-MRI NO Train (1451).jpg,No-tumor,224,224,RGB,8,3,0.0,255.0
Testing/Meningioma/BT-MRI ME Test (235).jpg,Meningioma,224,224,RGB,8,3,0.0,255.0
Training/Meningioma/BT-MRI  ME Train (1204).jpg,Meningioma,224,224,RGB,8,3,0.0,235.0
Training/Pituitary/BT-MRI PI Train (1331).jpg,Pituitary,224,224,RGB,8,3,0.0,252.0
Training/Glioma/BT-MRI GL Train  (1061).jpg,Glioma,224,224,RGB,8,3,0.0,220.0
Training/Meningioma/BT-MRI  ME Train (352).jpg,Meningioma,224,224,RGB,8,3,0.0,255.0
Training/No-tumor/BT-MRI NO Train (1074).jpg,No-tumor,224,224,RGB,8,3,19.0,244.0
Testing/Pituitary/BT-MRI PI Test (211).jpg,Pituitary,224,224,RGB,8,3,0.0,234.0
Training/No-tumor/BT-MRI NO Train (333).jpg,No-tumor,224,224,RGB,8,3,0.0,255.0
Training/No-tumor/BT-MRI NO Train (649).jpg,No-tumor,224,224,RGB,8,3,0.0,255.0
Training/Pituitary/BT-MRI PI Train (1026).jpg,Pituitary,224,224,RGB,8,3,0.0,254.0
Training/Pituitary/BT-MRI PI Train (159).jpg,Pituitary,224,224,RGB,8,3,0.0,245.0
Training/Glioma/BT-MRI GL Train  (1203).jpg,Glioma,224,224,RGB,8,3,0.0,238.0
Training/Glioma/BT-MRI GL Train  (1294).jpg,Glioma,224,224,RGB,8,3,0.0,222.0
Training/Glioma/BT-MRI GL Train  (174).jpg,Glioma,224,224,RGB,8,3,0.0,243.0
Training/Glioma/BT-MRI GL Train  (536).jpg,Glioma,224,224,RGB,8,3,0.0,220.0
Training/Meningioma/BT-MRI  ME Train (1054).jpg,Meningioma,224,224,RGB,8,3,0.0,244.0
Training/Pituitary/BT-MRI PI Train (403).jpg,Pituitary,224,224,RGB,8,3,0.0,242.0
Training/Glioma/BT-MRI GL Train  (423).jpg,Glioma,224,224,RGB,8,3,0.0,249.0
Training/No-tumor/BT-MRI NO Train (1273).jpg,No-tumor,224,224,RGB,8,3,0.0,255.0
Training/Meningioma/BT-MRI  ME Train (969).jpg,Meningioma,224,224,RGB,8,3,0.0,236.0
Testing/Glioma/BT-MRI Test GL (254).jpg,Glioma,224,224,RGB,8,3,0.0,250.0
Training/Meningioma/BT-MRI  ME Train (1197).jpg,Meningioma,224,224,RGB,8,3,0.0,236.0
Training/No-tumor/BT-MRI NO Train (1388).jpg,No-tumor,224,224,RGB,8,3,0.0,255.0
Training/Glioma/BT-MRI GL Train  (41).jpg,Glioma,224,224,RGB,8,3,0.0,250.0
Training/Glioma/BT-MRI GL Train  (1292).jpg,Glioma,224,224,RGB,8,3,0.0,244.0
Testing/Pituitary/BT-MRI PI Test (34).jpg,Pituitary,224,224,RGB,8,3,0.0,229.0
Training/Pituitary/BT-MRI PI Train (166).jpg,Pituitary,224,224,RGB,8,3,0.0,241.0
Training/Pituitary/BT-MRI PI Train (1292).jpg,Pituitary,224,224,RGB,8,3,0.0,198.0
Training/Glioma/BT-MRI GL Train  (46).jpg,Glioma,224,224,RGB,8,3,0.0,245.0
Training/Meningioma/BT-MRI  ME Train (663).jpg,Meningioma,224,224,RGB,8,3,0.0,255.0
Training/Meningioma/BT-MRI  ME Train (712).jpg,Meningioma,224,224,RGB,8,3,0.0,248.0
Training/No-tumor/BT-MRI NO Train (287).jpg,No-tumor,224,224,RGB,8,3,0.0,255.0
Training/Meningioma/BT-MRI  ME Train (627).jpg,Meningioma,224,224,RGB,8,3,0.0,244.0
Training/Glioma/BT-MRI GL Train  (358).jpg,Glioma,224,224,RGB,8,3,0.0,235.0
Training/Pituitary/BT-MRI PI Train (1417).jpg,Pituitary,224,224,RGB,8,3,0.0,251.0
Training/Pituitary/BT-MRI PI Train (1296).jpg,Pituitary,224,224,RGB,8,3,0.0,235.0
Training/Meningioma/BT-MRI  ME Train (815).jpg,Meningioma,224,224,RGB,8,3,0.0,225.0
Training/Pituitary/BT-MRI PI Train (23).jpg,Pituitary,224,224,RGB,8,3,0.0,245.0
Training/Pituitary/BT-MRI PI Train (967).jpg,Pituitary,224,224,RGB,8,3,0.0,237.0
Training/Pituitary/BT-MRI PI Train (896).jpg,Pituitary,224,224,RGB,8,3,0.0,245.0
Training/Pituitary/BT-MRI PI Train (1224).jpg,Pituitary,224,224,RGB,8,3,0.0,246.0
Training/Pituitary/BT-MRI PI Train (1453).jpg,Pituitary,224,224,RGB,8,3,0.0,255.0
Training/Glioma/BT-MRI GL Train  (799).jpg,Glioma,224,224,RGB,8,3,0.0,247.0
Training/No-tumor/BT-MRI NO Train (699).jpg,No-tumor,224,224,RGB,8,3,0.0,224.0
Training/No-tumor/BT-MRI NO Train (118).jpg,No-tumor,224,224,RGB,8,3,0.0,255.0
Training/No-tumor/BT-MRI NO Train (263).jpg,No-tumor,224,224,RGB,8,3,0.0,255.0
Training/No-tumor/BT-MRI NO Train (919).jpg,No-tumor,224,224,RGB,8,3,0.0,255.0
Training/No-tumor/BT-MRI NO Train (559).jpg,No-tumor,224,224,RGB,8,3,0.0,239.0
Training/Meningioma/BT-MRI  ME Train (1109).jpg,Meningioma,224,224,RGB,8,3,0.0,255.0
Training/Pituitary/BT-MRI PI Train (1221).jpg,Pituitary,224,224,RGB,8,3,0.0,222.0
Training/Pituitary/BT-MRI PI Train (338).jpg,Pituitary,224,224,RGB,8,3,0.0,250.0
Training/Glioma/BT-MRI GL Train  (1316).jpg,Glioma,224,224,RGB,8,3,0.0,241.0
Training/No-tumor/BT-MRI NO Train (716).jpg,No-tumor,224,224,RGB,8,3,0.0,255.0
Training/Glioma/BT-MRI GL Train  (1182).jpg,Glioma,224,224,RGB,8,3,0.0,247.0
Training/Meningioma/BT-MRI  ME Train (1304).jpg,Meningioma,224,224,RGB,8,3,0.0,228.0
Testing/Pituitary/BT-MRI PI Test (208).jpg,Pituitary,224,224,RGB,8,3,0.0,236.0
Training/Glioma/BT-MRI GL Train  (1224).jpg,Glioma,224,224,RGB,8,3,0.0,255.0
Training/Glioma/BT-MRI GL Train  (914).jpg,Glioma,224,224,RGB,8,3,0.0,255.0
Training/Meningioma/BT-MRI  ME Train (1224).jpg,Meningioma,224,224,RGB,8,3,0.0,250.0
Training/Pituitary/BT-MRI PI Train (897).jpg,Pituitary,224,224,RGB,8,3,0.0,226.0
Training/Glioma/BT-MRI GL Train  (962).jpg,Glioma,224,224,RGB,8,3,0.0,243.0
Training/Meningioma/BT-MRI  ME Train (1052).jpg,Meningioma,224,224,RGB,8,3,0.0,239.0
Training/Pituitary/BT-MRI PI Train (599).jpg,Pituitary,224,224,RGB,8,3,0.0,254.0
Training/Glioma/BT-MRI GL Train  (1163).jpg,Glioma,224,224,RGB,8,3,0.0,246.0
Training/Glioma/BT-MRI GL Train  (1130).jpg,Glioma,224,224,RGB,8,3,0.0,234.0
Testing/No-tumor/BT-MRI NO Test (221).jpg,No-tumor,224,224,RGB,8,3,0.0,252.0
Training/Meningioma/BT-MRI  ME Train (718).jpg,Meningioma,224,224,RGB,8,3,0.0,244.0
Training/Pituitary/BT-MRI PI Train (621).jpg,Pituitary,224,224,RGB,8,3,0.0,226.0
Testing/Meningioma/BT-MRI ME Test (170).jpg,Meningioma,224,224,RGB,8,3,0.0,250.0
Training/No-tumor/BT-MRI NO Train (462).jpg,No-tumor,224,224,RGB,8,3,0.0,255.0
Training/Pituitary/BT-MRI PI Train (83).jpg,Pituitary,224,224,RGB,8,3,0.0,222.0
Training/Pituitary/BT-MRI PI Train (1424).jpg,Pituitary,224,224,RGB,8,3,0.0,255.0
Training/No-tumor/BT-MRI NO Train (1310).jpg,No-tumor,224,224,RGB,8,3,0.0,255.0
Training/No-tumor/BT-MRI NO Train (1176).jpg,No-tumor,224,224,RGB,8,3,0.0,255.0
Training/Meningioma/BT-MRI  ME Train (373).jpg,Meningioma,224,224,RGB,8,3,0.0,255.0
Training/Meningioma/BT-MRI  ME Train (9).jpg,Meningioma,224,224,RGB,8,3,0.0,239.0
Training/No-tumor/BT-MRI NO Train (175).jpg,No-tumor,224,224,RGB,8,3,5.0,242.0
Training/No-tumor/BT-MRI NO Train (345).jpg,No-tumor,224,224,RGB,8,3,0.0,255.0
Training/No-tumor/BT-MRI NO Train (721).jpg,No-tumor,224,224,RGB,8,3,0.0,255.0
Training/Pituitary/BT-MRI PI Train (550).jpg,Pituitary,224,224,RGB,8,3,0.0,229.0
Training/Meningioma/BT-MRI  ME Train (1330).jpg,Meningioma,224,224,RGB,8,3,0.0,221.0
Training/No-tumor/BT-MRI NO Train (1270).jpg,No-tumor,224,224,RGB,8,3,0.0,255.0
Training/Meningioma/BT-MRI  ME Train (1201).jpg,Meningioma,224,224,RGB,8,3,0.0,253.0
Testing/No-tumor/BT-MRI NO Test (108).jpg,No-tumor,224,224,RGB,8,3,0.0,255.0
Training/Pituitary/BT-MRI PI Train (173).jpg,Pituitary,224,224,RGB,8,3,0.0,254.0
Training/Meningioma/BT-MRI  ME Train (448).jpg,Meningioma,224,224,RGB,8,3,0.0,249.0
Training/No-tumor/BT-MRI NO Train (745).jpg,No-tumor,224,224,RGB,8,3,0.0,217.0
Training/Glioma/BT-MRI GL Train  (861).jpg,Glioma,224,224,RGB,8,3,0.0,234.0
Training/Glioma/BT-MRI GL Train  (180).jpg,Glioma,224,224,RGB,8,3,0.0,255.0
Testing/Pituitary/BT-MRI PI Test (132).jpg,Pituitary,224,224,RGB,8,3,0.0,242.0
Testing/Pituitary/BT-MRI PI Test (189).jpg,Pituitary,224,224,RGB,8,3,0.0,236.0
Training/Meningioma/BT-MRI  ME Train (31).jpg,Meningioma,224,224,RGB,8,3,0.0,250.0
Training/No-tumor/BT-MRI NO Train (224).jpg,No-tumor,224,224,RGB,8,3,20.0,255.0
Training/Pituitary/BT-MRI PI Train (1279).jpg,Pituitary,224,224,RGB,8,3,0.0,245.0
Training/No-tumor/BT-MRI NO Train (1476).jpg,No-tumor,224,224,RGB,8,3,0.0,255.0
Training/No-tumor/BT-MRI NO Train (1051).jpg,No-tumor,224,224,RGB,8,3,0.0,255.0
Training/Meningioma/BT-MRI  ME Train (64).jpg,Meningioma,224,224,RGB,8,3,0.0,246.0
Training/Pituitary/BT-MRI PI Train (1054).jpg,Pituitary,224,224,RGB,8,3,0.0,244.0
Training/Pituitary/BT-MRI PI Train (949).jpg,Pituitary,224,224,RGB,8,3,0.0,213.0
Training/Pituitary/BT-MRI PI Train (145).jpg,Pituitary,224,224,RGB,8,3,0.0,255.0
Training/Pituitary/BT-MRI PI Train (1317).jpg,Pituitary,224,224,RGB,8,3,0.0,246.0
Training/No-tumor/BT-MRI NO Train (912).jpg,No-tumor,224,224,RGB,8,3,0.0,239.0
Training/Glioma/BT-MRI GL Train  (828).jpg,Glioma,224,224,RGB,8,3,0.0,231.0
Training/Glioma/BT-MRI GL Train  (165).jpg,Glioma,224,224,RGB,8,3,0.0,241.0
Testing/Glioma/BT-MRI Test GL (11).jpg,Glioma,224,224,RGB,8,3,0.0,240.0
Training/Pituitary/BT-MRI PI Train (610).jpg,Pituitary,224,224,RGB,8,3,0.0,220.0
Testing/No-tumor/BT-MRI NO Test (200).jpg,No-tumor,224,224,RGB,8,3,0.0,255.0
Training/Pituitary/BT-MRI PI Train (510).jpg,Pituitary,224,224,RGB,8,3,0.0,220.0
Testing/No-tumor/BT-MRI NO Test (119).jpg,No-tumor,224,224,RGB,8,3,0.0,255.0
Testing/Pituitary/BT-MRI PI Test (270).jpg,Pituitary,224,224,RGB,8,3,0.0,240.0
Training/Meningioma/BT-MRI  ME Train (432).jpg,Meningioma,224,224,RGB,8,3,0.0,247.0
Training/Meningioma/BT-MRI  ME Train (540).jpg,Meningioma,224,224,RGB,8,3,0.0,249.0
Training/Pituitary/BT-MRI PI Train (878).jpg,Pituitary,224,224,RGB,8,3,0.0,226.0
Training/Meningioma/BT-MRI  ME Train (703).jpg,Meningioma,224,224,RGB,8,3,0.0,254.0
Training/Pituitary/BT-MRI PI Train (404).jpg,Pituitary,224,224,RGB,8,3,0.0,223.0
Training/No-tumor/BT-MRI NO Train (1153).jpg,No-tumor,224,224,RGB,8,3,0.0,220.0
Training/Glioma/BT-MRI GL Train  (197).jpg,Glioma,224,224,RGB,8,3,0.0,250.0
Training/Pituitary/BT-MRI PI Train (203).jpg,Pituitary,224,224,RGB,8,3,0.0,247.0
Training/Glioma/BT-MRI GL Train  (882).jpg,Glioma,224,224,RGB,8,3,0.0,249.0
Training/No-tumor/BT-MRI NO Train (102).jpg,No-tumor,224,224,RGB,8,3,0.0,255.0
Training/Meningioma/BT-MRI  ME Train (1154).jpg,Meningioma,224,224,RGB,8,3,0.0,245.0
Testing/Glioma/BT-MRI Test GL (166).jpg,Glioma,224,224,RGB,8,3,0.0,253.0
Training/Glioma/BT-MRI GL Train  (926).jpg,Glioma,224,224,RGB,8,3,0.0,243.0
Training/No-tumor/BT-MRI NO Train (1157).jpg,No-tumor,224,224,RGB,8,3,0.0,255.0
Training/Meningioma/BT-MRI  ME Train (1287).jpg,Meningioma,224,224,RGB,8,3,0.0,244.0
Testing/Pituitary/BT-MRI PI Test (94).jpg,Pituitary,224,224,RGB,8,3,0.0,241.0
Testing/Pituitary/BT-MRI PI Test (38).jpg,Pituitary,224,224,RGB,8,3,0.0,240.0
Training/Glioma/BT-MRI GL Train  (260).jpg,Glioma,224,224,RGB,8,3,0.0,216.0
Training/Meningioma/BT-MRI  ME Train (571).jpg,Meningioma,224,224,RGB,8,3,0.0,255.0
Training/Meningioma/BT-MRI  ME Train (147).jpg,Meningioma,224,224,RGB,8,3,0.0,255.0
Training/Pituitary/BT-MRI PI Train (306).jpg,Pituitary,224,224,RGB,8,3,0.0,213.0
Training/Glioma/BT-MRI GL Train  (829).jpg,Glioma,224,224,RGB,8,3,0.0,249.0
Training/Pituitary/BT-MRI PI Train (26).jpg,Pituitary,224,224,RGB,8,3,0.0,249.0
Training/No-tumor/BT-MRI NO Train (1183).jpg,No-tumor,224,224,RGB,8,3,0.0,225.0
Training/Meningioma/BT-MRI  ME Train (16).jpg,Meningioma,224,224,RGB,8,3,0.0,235.0
Training/Glioma/BT-MRI GL Train  (157).jpg,Glioma,224,224,RGB,8,3,0.0,240.0
Training/No-tumor/BT-MRI NO Train (553).jpg,No-tumor,224,224,RGB,8,3,0.0,255.0
Training/No-tumor/BT-MRI NO Train (865).jpg,No-tumor,224,224,RGB,8,3,0.0,255.0
Testing/No-tumor/BT-MRI NO Test (383).jpg,No-tumor,224,224,RGB,8,3,0.0,255.0
Training/Meningioma/BT-MRI  ME Train (912).jpg,Meningioma,224,224,RGB,8,3,0.0,236.0
Training/Glioma/BT-MRI GL Train  (292).jpg,Glioma,224,224,RGB,8,3,0.0,239.0
Training/Pituitary/BT-MRI PI Train (1009).jpg,Pituitary,224,224,RGB,8,3,0.0,230.0
Testing/Glioma/BT-MRI Test GL (210).jpg,Glioma,224,224,RGB,8,3,0.0,250.0
Training/No-tumor/BT-MRI NO Train (1472).jpg,No-tumor,224,224,RGB,8,3,0.0,255.0
Training/Glioma/BT-MRI GL Train  (1308).jpg,Glioma,224,224,RGB,8,3,0.0,245.0
Training/Glioma/BT-MRI GL Train  (1117).jpg,Glioma,224,224,RGB,8,3,0.0,242.0
Training/Pituitary/BT-MRI PI Train (1449).jpg,Pituitary,224,224,RGB,8,3,0.0,242.0
Training/Glioma/BT-MRI GL Train  (1008).jpg,Glioma,224,224,RGB,8,3,0.0,222.0
Testing/Meningioma/BT-MRI ME Test (206).jpg,Meningioma,224,224,RGB,8,3,0.0,255.0
Training/Pituitary/BT-MRI PI Train (727).jpg,Pituitary,224,224,RGB,8,3,0.0,255.0
Training/Pituitary/BT-MRI PI Train (268).jpg,Pituitary,224,224,RGB,8,3,0.0,239.0
Training/Glioma/BT-MRI GL Train  (840).jpg,Glioma,224,224,RGB,8,3,0.0,230.0
Training/Meningioma/BT-MRI  ME Train (196).jpg,Meningioma,224,224,RGB,8,3,0.0,255.0
Training/Glioma/BT-MRI GL Train  (481).jpg,Glioma,224,224,RGB,8,3,0.0,252.0
Training/Glioma/BT-MRI GL Train  (412).jpg,Glioma,224,224,RGB,8,3,0.0,239.0
Training/No-tumor/BT-MRI NO Train (91).jpg,No-tumor,224,224,RGB,8,3,0.0,190.0
Training/No-tumor/BT-MRI NO Train (978).jpg,No-tumor,224,224,RGB,8,3,0.0,228.0
Training/Pituitary/BT-MRI PI Train (1450).jpg,Pituitary,224,224,RGB,8,3,0.0,242.0
Training/Meningioma/BT-MRI  ME Train (82).jpg,Meningioma,224,224,RGB,8,3,0.0,226.0
Training/Meningioma/BT-MRI  ME Train (691).jpg,Meningioma,224,224,RGB,8,3,0.0,255.0
Training/Glioma/BT-MRI GL Train  (816).jpg,Glioma,224,224,RGB,8,3,0.0,243.0
Training/Meningioma/BT-MRI  ME Train (1319).jpg,Meningioma,224,224,RGB,8,3,0.0,241.0
Training/Meningioma/BT-MRI  ME Train (379).jpg,Meningioma,224,224,RGB,8,3,0.0,248.0
Training/No-tumor/BT-MRI NO Train (1169).jpg,No-tumor,224,224,RGB,8,3,0.0,167.0
Training/Meningioma/BT-MRI  ME Train (1286).jpg,Meningioma,224,224,RGB,8,3,0.0,246.0
Training/Pituitary/BT-MRI PI Train (762).jpg,Pituitary,224,224,RGB,8,3,0.0,251.0
Testing/No-tumor/BT-MRI NO Test (262).jpg,No-tumor,224,224,RGB,8,3,0.0,255.0
Training/Meningioma/BT-MRI  ME Train (59).jpg,Meningioma,224,224,RGB,8,3,0.0,233.0
Training/Glioma/BT-MRI GL Train  (210).jpg,Glioma,224,224,RGB,8,3,0.0,231.0
Training/Glioma/BT-MRI GL Train  (1162).jpg,Glioma,224,224,RGB,8,3,0.0,249.0
Training/Pituitary/BT-MRI PI Train (1008).jpg,Pituitary,224,224,RGB,8,3,0.0,201.0
Training/No-tumor/BT-MRI NO Train (830).jpg,No-tumor,224,224,RGB,8,3,0.0,255.0
Training/No-tumor/BT-MRI NO Train (1574).jpg,No-tumor,224,224,RGB,8,3,0.0,255.0
Training/Glioma/BT-MRI GL Train  (538).jpg,Glioma,224,224,RGB,8,3,0.0,236.0
Training/Pituitary/BT-MRI PI Train (1040).jpg,Pituitary,224,224,RGB,8,3,0.0,249.0
Training/Pituitary/BT-MRI PI Train (1444).jpg,Pituitary,224,224,RGB,8,3,0.0,248.0
Training/No-tumor/BT-MRI NO Train (546).jpg,No-tumor,224,224,RGB,8,3,0.0,255.0
Training/Pituitary/BT-MRI PI Train (59).jpg,Pituitary,224,224,RGB,8,3,0.0,247.0
Training/Glioma/BT-MRI GL Train  (1055).jpg,Glioma,224,224,RGB,8,3,0.0,225.0
Training/No-tumor/BT-MRI NO Train (347).jpg,No-tumor,224,224,RGB,8,3,0.0,255.0
Testing/Meningioma/BT-MRI ME Test (168).jpg,Meningioma,224,224,RGB,8,3,0.0,240.0
Training/Glioma/BT-MRI GL Train  (551).jpg,Glioma,224,224,RGB,8,3,0.0,206.0
Training/No-tumor/BT-MRI NO Train (1387).jpg,No-tumor,224,224,RGB,8,3,0.0,255.0
Training/Pituitary/BT-MRI PI Train (1309).jpg,Pituitary,224,224,RGB,8,3,0.0,248.0
Training/Glioma/BT-MRI GL Train  (1049).jpg,Glioma,224,224,RGB,8,3,0.0,252.0
Training/Meningioma/BT-MRI  ME Train (910).jpg,Meningioma,224,224,RGB,8,3,0.0,231.0
Training/Glioma/BT-MRI GL Train  (343).jpg,Glioma,224,224,RGB,8,3,0.0,221.0
Testing/No-tumor/BT-MRI NO Test (226).jpg,No-tumor,224,224,RGB,8,3,0.0,255.0
Testing/No-tumor/BT-MRI NO Test (360).jpg,No-tumor,224,224,RGB,8,3,0.0,255.0
Training/No-tumor/BT-MRI NO Train (1440).jpg,No-tumor,224,224,RGB,8,3,0.0,255.0
Training/Pituitary/BT-MRI PI Train (179).jpg,Pituitary,224,224,RGB,8,3,0.0,239.0
Training/No-tumor/BT-MRI NO Train (371).jpg,No-tumor,224,224,RGB,8,3,4.0,255.0
Testing/Pituitary/BT-MRI PI Test (111).jpg,Pituitary,224,224,RGB,8,3,0.0,244.0
Training/Glioma/BT-MRI GL Train  (544).jpg,Glioma,224,224,RGB,8,3,0.0,239.0
Training/Meningioma/BT-MRI  ME Train (227).jpg,Meningioma,224,224,RGB,8,3,0.0,255.0
Training/Glioma/BT-MRI GL Train  (680).jpg,Glioma,224,224,RGB,8,3,0.0,226.0
Training/Glioma/BT-MRI GL Train  (322).jpg,Glioma,224,224,RGB,8,3,0.0,234.0
Training/No-tumor/BT-MRI NO Train (718).jpg,No-tumor,224,224,RGB,8,3,0.0,255.0
Training/Glioma/BT-MRI GL Train  (320).jpg,Glioma,224,224,RGB,8,3,0.0,215.0
Training/No-tumor/BT-MRI NO Train (752).jpg,No-tumor,224,224,RGB,8,3,0.0,255.0
Training/Pituitary/BT-MRI PI Train (777).jpg,Pituitary,224,224,RGB,8,3,0.0,232.0
Training/Pituitary/BT-MRI PI Train (49).jpg,Pituitary,224,224,RGB,8,3,0.0,255.0
Testing/Pituitary/BT-MRI PI Test (9).jpg,Pituitary,224,224,RGB,8,3,0.0,246.0
Testing/Pituitary/BT-MRI PI Test (209).jpg,Pituitary,224,224,RGB,8,3,0.0,252.0
Training/Meningioma/BT-MRI  ME Train (795).jpg,Meningioma,224,224,RGB,8,3,0.0,237.0
Training/Meningioma/BT-MRI  ME Train (588).jpg,Meningioma,224,224,RGB,8,3,0.0,255.0
Training/Meningioma/BT-MRI  ME Train (1182).jpg,Meningioma,224,224,RGB,8,3,0.0,255.0
Training/Glioma/BT-MRI GL Train  (721).jpg,Glioma,224,224,RGB,8,3,0.0,235.0
Testing/Glioma/BT-MRI Test GL (284).jpg,Glioma,224,224,RGB,8,3,0.0,234.0
Training/Pituitary/BT-MRI PI Train (618).jpg,Pituitary,224,224,RGB,8,3,0.0,251.0
Training/Pituitary/BT-MRI PI Train (862).jpg,Pituitary,224,224,RGB,8,3,0.0,255.0
Training/Glioma/BT-MRI GL Train  (97).jpg,Glioma,224,224,RGB,8,3,0.0,231.0
Training/Meningioma/BT-MRI  ME Train (1326).jpg,Meningioma,224,224,RGB,8,3,0.0,239.0
Testing/No-tumor/BT-MRI NO Test (227).jpg,No-tumor,224,224,RGB,8,3,0.0,219.0
Training/Glioma/BT-MRI GL Train  (1144).jpg,Glioma,224,224,RGB,8,3,0.0,250.0
Training/Pituitary/BT-MRI PI Train (1234).jpg,Pituitary,224,224,RGB,8,3,0.0,235.0
Training/No-tumor/BT-MRI NO Train (1038).jpg,No-tumor,224,224,RGB,8,3,0.0,184.0
Training/Meningioma/BT-MRI  ME Train (65).jpg,Meningioma,224,224,RGB,8,3,0.0,239.0
Training/Meningioma/BT-MRI  ME Train (1303).jpg,Meningioma,224,224,RGB,8,3,0.0,224.0
Training/No-tumor/BT-MRI NO Train (1530).jpg,No-tumor,224,224,RGB,8,3,0.0,255.0
Training/No-tumor/BT-MRI NO Train (1178).jpg,No-tumor,224,224,RGB,8,3,0.0,255.0
Training/Glioma/BT-MRI GL Train  (194).jpg,Glioma,224,224,RGB,8,3,0.0,217.0
Training/Glioma/BT-MRI GL Train  (1030).jpg,Glioma,224,224,RGB,8,3,0.0,255.0
Training/No-tumor/BT-MRI NO Train (1322).jpg,No-tumor,224,224,RGB,8,3,0.0,236.0
Training/Glioma/BT-MRI GL Train  (1289).jpg,Glioma,224,224,RGB,8,3,0.0,234.0
Training/Pituitary/BT-MRI PI Train (996).jpg,Pituitary,224,224,RGB,8,3,0.0,252.0
Testing/Glioma/BT-MRI Test GL (6).jpg,Glioma,224,224,RGB,8,3,0.0,230.0
Testing/No-tumor/BT-MRI NO Test (202).jpg,No-tumor,224,224,RGB,8,3,0.0,255.0
Training/No-tumor/BT-MRI NO Train (344).jpg,No-tumor,224,224,RGB,8,3,0.0,255.0
Training/No-tumor/BT-MRI NO Train (354).jpg,No-tumor,224,224,RGB,8,3,0.0,234.0
Training/Glioma/BT-MRI GL Train  (344).jpg,Glioma,224,224,RGB,8,3,0.0,234.0
Training/No-tumor/BT-MRI NO Train (320).jpg,No-tumor,224,224,RGB,8,3,10.0,255.0
Training/Glioma/BT-MRI GL Train  (287).jpg,Glioma,224,224,RGB,8,3,0.0,240.0
Training/Meningioma/BT-MRI  ME Train (157).jpg,Meningioma,224,224,RGB,8,3,0.0,250.0
Training/Glioma/BT-MRI GL Train  (339).jpg,Glioma,224,224,RGB,8,3,0.0,244.0
Training/No-tumor/BT-MRI NO Train (935).jpg,No-tumor,224,224,RGB,8,3,0.0,255.0
Training/Pituitary/BT-MRI PI Train (127).jpg,Pituitary,224,224,RGB,8,3,0.0,246.0
Training/Meningioma/BT-MRI  ME Train (694).jpg,Meningioma,224,224,RGB,8,3,0.0,255.0
Training/No-tumor/BT-MRI NO Train (436).jpg,No-tumor,224,224,RGB,8,3,0.0,255.0
Training/Pituitary/BT-MRI PI Train (442).jpg,Pituitary,224,224,RGB,8,3,0.0,243.0
Training/Glioma/BT-MRI GL Train  (1303).jpg,Glioma,224,224,RGB,8,3,0.0,244.0
Testing/Pituitary/BT-MRI PI Test (206).jpg,Pituitary,224,224,RGB,8,3,0.0,248.0
Training/Meningioma/BT-MRI  ME Train (792).jpg,Meningioma,224,224,RGB,8,3,0.0,238.0
Training/Meningioma/BT-MRI  ME Train (853).jpg,Meningioma,224,224,RGB,8,3,0.0,246.0
Training/Meningioma/BT-MRI  ME Train (427).jpg,Meningioma,224,224,RGB,8,3,0.0,255.0
Training/No-tumor/BT-MRI NO Train (1385).jpg,No-tumor,224,224,RGB,8,3,0.0,255.0
Training/No-tumor/BT-MRI NO Train (1108).jpg,No-tumor,224,224,RGB,8,3,0.0,255.0
Training/Pituitary/BT-MRI PI Train (359).jpg,Pituitary,224,224,RGB,8,3,0.0,245.0
Training/No-tumor/BT-MRI NO Train (848).jpg,No-tumor,224,224,RGB,8,3,0.0,255.0
Training/Pituitary/BT-MRI PI Train (38).jpg,Pituitary,224,224,RGB,8,3,0.0,255.0
Training/Pituitary/BT-MRI PI Train (1022).jpg,Pituitary,224,224,RGB,8,3,0.0,242.0
Testing/Glioma/BT-MRI Test GL (118).jpg,Glioma,224,224,RGB,8,3,0.0,248.0
Training/Pituitary/BT-MRI PI Train (950).jpg,Pituitary,224,224,RGB,8,3,0.0,251.0
Training/No-tumor/BT-MRI NO Train (602).jpg,No-tumor,224,224,RGB,8,3,0.0,255.0
Training/No-tumor/BT-MRI NO Train (1315).jpg,No-tumor,224,224,RGB,8,3,0.0,255.0
Testing/Glioma/BT-MRI Test GL (36).jpg,Glioma,224,224,RGB,8,3,0.0,246.0
Training/Meningioma/BT-MRI  ME Train (690).jpg,Meningioma,224,224,RGB,8,3,0.0,246.0
Training/Meningioma/BT-MRI  ME Train (382).jpg,Meningioma,224,224,RGB,8,3,0.0,241.0
Training/No-tumor/BT-MRI NO Train (1511).jpg,No-tumor,224,224,RGB,8,3,0.0,255.0
Training/No-tumor/BT-MRI NO Train (903).jpg,No-tumor,224,224,RGB,8,3,0.0,255.0
Training/Meningioma/BT-MRI  ME Train (141).jpg,Meningioma,224,224,RGB,8,3,0.0,255.0
Testing/Meningioma/BT-MRI ME Test (129).jpg,Meningioma,224,224,RGB,8,3,0.0,236.0
Training/Meningioma/BT-MRI  ME Train (261).jpg,Meningioma,224,224,RGB,8,3,0.0,255.0
Training/Meningioma/BT-MRI  ME Train (652).jpg,Meningioma,224,224,RGB,8,3,0.0,255.0
Training/Pituitary/BT-MRI PI Train (164).jpg,Pituitary,224,224,RGB,8,3,0.0,248.0
Training/Glioma/BT-MRI GL Train  (612).jpg,Glioma,224,224,RGB,8,3,0.0,246.0
Training/No-tumor/BT-MRI NO Train (1573).jpg,No-tumor,224,224,RGB,8,3,0.0,255.0
Testing/No-tumor/BT-MRI NO Test (299).jpg,No-tumor,224,224,RGB,8,3,0.0,255.0
Training/Pituitary/BT-MRI PI Train (580).jpg,Pituitary,224,224,RGB,8,3,0.0,248.0
Testing/Pituitary/BT-MRI PI Test (81).jpg,Pituitary,224,224,RGB,8,3,0.0,248.0
Training/Glioma/BT-MRI GL Train  (503).jpg,Glioma,224,224,RGB,8,3,0.0,244.0
Testing/Glioma/BT-MRI Test GL (88).jpg,Glioma,224,224,RGB,8,3,0.0,240.0
Training/No-tumor/BT-MRI NO Train (1112).jpg,No-tumor,224,224,RGB,8,3,0.0,139.0
Training/Pituitary/BT-MRI PI Train (68).jpg,Pituitary,224,224,RGB,8,3,0.0,255.0
Training/Pituitary/BT-MRI PI Train (1360).jpg,Pituitary,224,224,RGB,8,3,0.0,232.0
Training/No-tumor/BT-MRI NO Train (1484).jpg,No-tumor,224,224,RGB,8,3,0.0,255.0
Testing/Pituitary/BT-MRI PI Test (217).jpg,Pituitary,224,224,RGB,8,3,0.0,244.0
Training/Pituitary/BT-MRI PI Train (672).jpg,Pituitary,224,224,RGB,8,3,0.0,236.0
Training/Pituitary/BT-MRI PI Train (604).jpg,Pituitary,224,224,RGB,8,3,0.0,255.0
Training/Pituitary/BT-MRI PI Train (786).jpg,Pituitary,224,224,RGB,8,3,0.0,205.0
Training/No-tumor/BT-MRI NO Train (1155).jpg,No-tumor,224,224,RGB,8,3,0.0,254.0
Training/Pituitary/BT-MRI PI Train (581).jpg,Pituitary,224,224,RGB,8,3,0.0,246.0
Training/Glioma/BT-MRI GL Train  (627).jpg,Glioma,224,224,RGB,8,3,0.0,233.0
Testing/No-tumor/BT-MRI NO Test (207).jpg,No-tumor,224,224,RGB,8,3,0.0,255.0
Training/Pituitary/BT-MRI PI Train (458).jpg,Pituitary,224,224,RGB,8,3,0.0,242.0
Training/Glioma/BT-MRI GL Train  (928).jpg,Glioma,224,224,RGB,8,3,0.0,237.0
Testing/Pituitary/BT-MRI PI Test (129).jpg,Pituitary,224,224,RGB,8,3,0.0,243.0
Training/No-tumor/BT-MRI NO Train (1432).jpg,No-tumor,224,224,RGB,8,3,0.0,247.0
Training/Meningioma/BT-MRI  ME Train (819).jpg,Meningioma,224,224,RGB,8,3,0.0,253.0
Training/Pituitary/BT-MRI PI Train (121).jpg,Pituitary,224,224,RGB,8,3,0.0,255.0
Testing/Glioma/BT-MRI Test GL (111).jpg,Glioma,224,224,RGB,8,3,0.0,241.0
Training/Pituitary/BT-MRI PI Train (1260).jpg,Pituitary,224,224,RGB,8,3,0.0,253.0
Training/Meningioma/BT-MRI  ME Train (1084).jpg,Meningioma,224,224,RGB,8,3,0.0,243.0
Training/Meningioma/BT-MRI  ME Train (548).jpg,Meningioma,224,224,RGB,8,3,0.0,255.0
Testing/Pituitary/BT-MRI PI Test (283).jpg,Pituitary,224,224,RGB,8,3,0.0,244.0
Training/Pituitary/BT-MRI PI Train (1037).jpg,Pituitary,224,224,RGB,8,3,0.0,246.0
Training/Pituitary/BT-MRI PI Train (1398).jpg,Pituitary,224,224,RGB,8,3,0.0,251.0
Training/Meningioma/BT-MRI  ME Train (888).jpg,Meningioma,224,224,RGB,8,3,0.0,246.0
Training/Pituitary/BT-MRI PI Train (249).jpg,Pituitary,224,224,RGB,8,3,0.0,246.0
Training/Pituitary/BT-MRI PI Train (142).jpg,Pituitary,224,224,RGB,8,3,0.0,255.0
Training/Meningioma/BT-MRI  ME Train (39).jpg,Meningioma,224,224,RGB,8,3,0.0,241.0
Training/Glioma/BT-MRI GL Train  (251).jpg,Glioma,224,224,RGB,8,3,0.0,215.0
Training/No-tumor/BT-MRI NO Train (741).jpg,No-tumor,224,224,RGB,8,3,0.0,255.0
Training/Meningioma/BT-MRI  ME Train (1239).jpg,Meningioma,224,224,RGB,8,3,0.0,255.0
Training/Glioma/BT-MRI GL Train  (577).jpg,Glioma,224,224,RGB,8,3,0.0,238.0
Training/Meningioma/BT-MRI  ME Train (142).jpg,Meningioma,224,224,RGB,8,3,0.0,239.0
Testing/Meningioma/BT-MRI ME Test (297).jpg,Meningioma,224,224,RGB,8,3,0.0,255.0
Training/Meningioma/BT-MRI  ME Train (835).jpg,Meningioma,224,224,RGB,8,3,0.0,231.0
Training/Pituitary/BT-MRI PI Train (877).jpg,Pituitary,224,224,RGB,8,3,0.0,242.0
Testing/Meningioma/BT-MRI ME Test (152).jpg,Meningioma,224,224,RGB,8,3,0.0,248.0
Training/No-tumor/BT-MRI NO Train (1429).jpg,No-tumor,224,224,RGB,8,3,0.0,250.0
Training/Glioma/BT-MRI GL Train  (69).jpg,Glioma,224,224,RGB,8,3,0.0,216.0
Training/Glioma/BT-MRI GL Train  (932).jpg,Glioma,224,224,RGB,8,3,0.0,255.0
Training/Meningioma/BT-MRI  ME Train (213).jpg,Meningioma,224,224,RGB,8,3,0.0,255.0
Training/Glioma/BT-MRI GL Train  (1002).jpg,Glioma,224,224,RGB,8,3,0.0,239.0
Training/Pituitary/BT-MRI PI Train (1289).jpg,Pituitary,224,224,RGB,8,3,0.0,239.0
Training/No-tumor/BT-MRI NO Train (1065).jpg,No-tumor,224,224,RGB,8,3,0.0,255.0
Training/Pituitary/BT-MRI PI Train (591).jpg,Pituitary,224,224,RGB,8,3,0.0,249.0
Training/Meningioma/BT-MRI  ME Train (740).jpg,Meningioma,224,224,RGB,8,3,0.0,251.0
Testing/Meningioma/BT-MRI ME Test (186).jpg,Meningioma,224,224,RGB,8,3,0.0,248.0
Training/Pituitary/BT-MRI PI Train (1118).jpg,Pituitary,224,224,RGB,8,3,0.0,234.0
Training/Pituitary/BT-MRI PI Train (200).jpg,Pituitary,224,224,RGB,8,3,0.0,255.0
Training/Glioma/BT-MRI GL Train  (509).jpg,Glioma,224,224,RGB,8,3,0.0,221.0
Testing/Glioma/BT-MRI Test GL (185).jpg,Glioma,224,224,RGB,8,3,0.0,252.0
Training/Glioma/BT-MRI GL Train  (185).jpg,Glioma,224,224,RGB,8,3,0.0,255.0
Training/Meningioma/BT-MRI  ME Train (797).jpg,Meningioma,224,224,RGB,8,3,0.0,253.0
Training/Pituitary/BT-MRI PI Train (648).jpg,Pituitary,224,224,RGB,8,3,0.0,250.0
Training/Glioma/BT-MRI GL Train  (999).jpg,Glioma,224,224,RGB,8,3,0.0,234.0
Training/No-tumor/BT-MRI NO Train (1212).jpg,No-tumor,224,224,RGB,8,3,0.0,255.0
Testing/Pituitary/BT-MRI PI Test (12).jpg,Pituitary,224,224,RGB,8,3,0.0,237.0
Training/No-tumor/BT-MRI NO Train (419).jpg,No-tumor,224,224,RGB,8,3,0.0,255.0
Testing/Pituitary/BT-MRI PI Test (158).jpg,Pituitary,224,224,RGB,8,3,0.0,235.0
Training/Pituitary/BT-MRI PI Train (1106).jpg,Pituitary,224,224,RGB,8,3,0.0,251.0
Training/Pituitary/BT-MRI PI Train (1333).jpg,Pituitary,224,224,RGB,8,3,0.0,245.0
Training/No-tumor/BT-MRI NO Train (570).jpg,No-tumor,224,224,RGB,8,3,0.0,255.0
Testing/Glioma/BT-MRI Test GL (277).jpg,Glioma,224,224,RGB,8,3,0.0,253.0
Training/No-tumor/BT-MRI NO Train (1442).jpg,No-tumor,224,224,RGB,8,3,0.0,183.0
Training/Pituitary/BT-MRI PI Train (370).jpg,Pituitary,224,224,RGB,8,3,0.0,242.0
Testing/Pituitary/BT-MRI PI Test (33).jpg,Pituitary,224,224,RGB,8,3,0.0,243.0
Training/Meningioma/BT-MRI  ME Train (908).jpg,Meningioma,224,224,RGB,8,3,0.0,233.0
Training/Glioma/BT-MRI GL Train  (867).jpg,Glioma,224,224,RGB,8,3,0.0,239.0
Training/Meningioma/BT-MRI  ME Train (1089).jpg,Meningioma,224,224,RGB,8,3,0.0,234.0
Training/Meningioma/BT-MRI  ME Train (1250).jpg,Meningioma,224,224,RGB,8,3,0.0,242.0
Training/No-tumor/BT-MRI NO Train (1503).jpg,No-tumor,224,224,RGB,8,3,0.0,255.0
Training/Meningioma/BT-MRI  ME Train (734).jpg,Meningioma,224,224,RGB,8,3,0.0,236.0
Training/Pituitary/BT-MRI PI Train (1230).jpg,Pituitary,224,224,RGB,8,3,0.0,248.0
Training/Pituitary/BT-MRI PI Train (1322).jpg,Pituitary,224,224,RGB,8,3,0.0,246.0
Training/Pituitary/BT-MRI PI Train (1422).jpg,Pituitary,224,224,RGB,8,3,0.0,242.0
Testing/Meningioma/BT-MRI ME Test (276).jpg,Meningioma,224,224,RGB,8,3,0.0,255.0
Training/Pituitary/BT-MRI PI Train (1416).jpg,Pituitary,224,224,RGB,8,3,0.0,254.0
Testing/Glioma/BT-MRI Test GL (94).jpg,Glioma,224,224,RGB,8,3,0.0,247.0
Training/Glioma/BT-MRI GL Train  (581).jpg,Glioma,224,224,RGB,8,3,0.0,241.0
Training/No-tumor/BT-MRI NO Train (77).jpg,No-tumor,224,224,RGB,8,3,0.0,230.0
Training/No-tumor/BT-MRI NO Train (389).jpg,No-tumor,224,224,RGB,8,3,0.0,255.0
Training/No-tumor/BT-MRI NO Train (1308).jpg,No-tumor,224,224,RGB,8,3,0.0,255.0
Training/No-tumor/BT-MRI NO Train (1228).jpg,No-tumor,224,224,RGB,8,3,0.0,255.0
Training/Glioma/BT-MRI GL Train  (519).jpg,Glioma,224,224,RGB,8,3,0.0,243.0
Training/Glioma/BT-MRI GL Train  (84).jpg,Glioma,224,224,RGB,8,3,0.0,228.0
Training/Meningioma/BT-MRI  ME Train (1181).jpg,Meningioma,224,224,RGB,8,3,0.0,255.0
Training/Glioma/BT-MRI GL Train  (719).jpg,Glioma,224,224,RGB,8,3,0.0,236.0
Training/Glioma/BT-MRI GL Train  (330).jpg,Glioma,224,224,RGB,8,3,0.0,240.0
Training/No-tumor/BT-MRI NO Train (1163).jpg,No-tumor,224,224,RGB,8,3,0.0,255.0
Training/Meningioma/BT-MRI  ME Train (136).jpg,Meningioma,224,224,RGB,8,3,0.0,236.0
Training/Pituitary/BT-MRI PI Train (479).jpg,Pituitary,224,224,RGB,8,3,0.0,232.0
Training/Meningioma/BT-MRI  ME Train (872).jpg,Meningioma,224,224,RGB,8,3,0.0,255.0
Training/Glioma/BT-MRI GL Train  (1024).jpg,Glioma,224,224,RGB,8,3,0.0,246.0
Training/Meningioma/BT-MRI  ME Train (47).jpg,Meningioma,224,224,RGB,8,3,0.0,223.0
Training/Glioma/BT-MRI GL Train  (1274).jpg,Glioma,224,224,RGB,8,3,0.0,242.0
Training/No-tumor/BT-MRI NO Train (831).jpg,No-tumor,224,224,RGB,8,3,0.0,255.0
Training/Meningioma/BT-MRI  ME Train (145).jpg,Meningioma,224,224,RGB,8,3,0.0,254.0
Training/Pituitary/BT-MRI PI Train (44).jpg,Pituitary,224,224,RGB,8,3,0.0,254.0
Training/Pituitary/BT-MRI PI Train (1184).jpg,Pituitary,224,224,RGB,8,3,0.0,245.0
Training/Pituitary/BT-MRI PI Train (1216).jpg,Pituitary,224,224,RGB,8,3,0.0,240.0
Training/Glioma/BT-MRI GL Train  (996).jpg,Glioma,224,224,RGB,8,3,0.0,246.0
Testing/No-tumor/BT-MRI NO Test (361).jpg,No-tumor,224,224,RGB,8,3,0.0,255.0
Training/No-tumor/BT-MRI NO Train (1404).jpg,No-tumor,224,224,RGB,8,3,0.0,255.0
Training/Meningioma/BT-MRI  ME Train (404).jpg,Meningioma,224,224,RGB,8,3,0.0,254.0
Training/No-tumor/BT-MRI NO Train (413).jpg,No-tumor,224,224,RGB,8,3,0.0,255.0
Testing/Glioma/BT-MRI Test GL (298).jpg,Glioma,224,224,RGB,8,3,0.0,239.0
Testing/Pituitary/BT-MRI PI Test (117).jpg,Pituitary,224,224,RGB,8,3,0.0,223.0
Training/No-tumor/BT-MRI NO Train (868).jpg,No-tumor,224,224,RGB,8,3,0.0,250.0
Training/Meningioma/BT-MRI  ME Train (95).jpg,Meningioma,224,224,RGB,8,3,0.0,246.0
Training/No-tumor/BT-MRI NO Train (587).jpg,No-tumor,224,224,RGB,8,3,0.0,255.0
Training/Pituitary/BT-MRI PI Train (219).jpg,Pituitary,224,224,RGB,8,3,0.0,247.0
Training/Glioma/BT-MRI GL Train  (853).jpg,Glioma,224,224,RGB,8,3,0.0,252.0
Training/Meningioma/BT-MRI  ME Train (1011).jpg,Meningioma,224,224,RGB,8,3,0.0,232.0
Training/Meningioma/BT-MRI  ME Train (949).jpg,Meningioma,224,224,RGB,8,3,0.0,249.0
Training/Glioma/BT-MRI GL Train  (366).jpg,Glioma,224,224,RGB,8,3,0.0,224.0
Training/Pituitary/BT-MRI PI Train (1237).jpg,Pituitary,224,224,RGB,8,3,0.0,242.0
Training/No-tumor/BT-MRI NO Train (761).jpg,No-tumor,224,224,RGB,8,3,0.0,255.0
Training/Glioma/BT-MRI GL Train  (825).jpg,Glioma,224,224,RGB,8,3,0.0,243.0
Training/Pituitary/BT-MRI PI Train (1307).jpg,Pituitary,224,224,RGB,8,3,0.0,250.0
Testing/Glioma/BT-MRI Test GL (110).jpg,Glioma,224,224,RGB,8,3,0.0,255.0
Training/Glioma/BT-MRI GL Train  (334).jpg,Glioma,224,224,RGB,8,3,0.0,216.0
Testing/Glioma/BT-MRI Test GL (234).jpg,Glioma,224,224,RGB,8,3,0.0,236.0
Training/Pituitary/BT-MRI PI Train (964).jpg,Pituitary,224,224,RGB,8,3,0.0,232.0
Training/Glioma/BT-MRI GL Train  (24).jpg,Glioma,224,224,RGB,8,3,0.0,248.0
Testing/Glioma/BT-MRI Test GL (286).jpg,Glioma,224,224,RGB,8,3,0.0,234.0
Training/Pituitary/BT-MRI PI Train (771).jpg,Pituitary,224,224,RGB,8,3,0.0,255.0
Training/Pituitary/BT-MRI PI Train (494).jpg,Pituitary,224,224,RGB,8,3,0.0,243.0
Training/Glioma/BT-MRI GL Train  (367).jpg,Glioma,224,224,RGB,8,3,0.0,245.0
Training/Meningioma/BT-MRI  ME Train (1220).jpg,Meningioma,224,224,RGB,8,3,0.0,218.0
Training/No-tumor/BT-MRI NO Train (751).jpg,No-tumor,224,224,RGB,8,3,0.0,255.0
Training/Glioma/BT-MRI GL Train  (1286).jpg,Glioma,224,224,RGB,8,3,0.0,249.0
Testing/Pituitary/BT-MRI PI Test (32).jpg,Pituitary,224,224,RGB,8,3,0.0,245.0
Training/Glioma/BT-MRI GL Train  (659).jpg,Glioma,224,224,RGB,8,3,0.0,241.0
Training/Pituitary/BT-MRI PI Train (1200).jpg,Pituitary,224,224,RGB,8,3,0.0,255.0
Training/Pituitary/BT-MRI PI Train (126).jpg,Pituitary,224,224,RGB,8,3,0.0,253.0
Training/Meningioma/BT-MRI  ME Train (33).jpg,Meningioma,224,224,RGB,8,3,0.0,249.0
Testing/Pituitary/BT-MRI PI Test (39).jpg,Pituitary,224,224,RGB,8,3,0.0,249.0
Training/Glioma/BT-MRI GL Train  (762).jpg,Glioma,224,224,RGB,8,3,0.0,214.0
Training/Pituitary/BT-MRI PI Train (821).jpg,Pituitary,224,224,RGB,8,3,0.0,244.0
Training/No-tumor/BT-MRI NO Train (519).jpg,No-tumor,224,224,RGB,8,3,0.0,255.0
Training/Meningioma/BT-MRI  ME Train (990).jpg,Meningioma,224,224,RGB,8,3,0.0,229.0
Training/Pituitary/BT-MRI PI Train (16).jpg,Pituitary,224,224,RGB,8,3,0.0,246.0
Training/Glioma/BT-MRI GL Train  (1261).jpg,Glioma,224,224,RGB,8,3,0.0,254.0
Training/Meningioma/BT-MRI  ME Train (512).jpg,Meningioma,224,224,RGB,8,3,0.0,248.0
Testing/No-tumor/BT-MRI NO Test (265).jpg,No-tumor,224,224,RGB,8,3,0.0,255.0
Training/Meningioma/BT-MRI  ME Train (1083).jpg,Meningioma,224,224,RGB,8,3,0.0,244.0
Testing/Meningioma/BT-MRI ME Test (121).jpg,Meningioma,224,224,RGB,8,3,0.0,245.0
Training/Meningioma/BT-MRI  ME Train (760).jpg,Meningioma,224,224,RGB,8,3,0.0,240.0
Training/No-tumor/BT-MRI NO Train (964).jpg,No-tumor,224,224,RGB,8,3,0.0,255.0
Training/Meningioma/BT-MRI  ME Train (434).jpg,Meningioma,224,224,RGB,8,3,0.0,244.0
Training/Pituitary/BT-MRI PI Train (761).jpg,Pituitary,224,224,RGB,8,3,0.0,251.0
Training/Meningioma/BT-MRI  ME Train (900).jpg,Meningioma,224,224,RGB,8,3,0.0,234.0
Training/Meningioma/BT-MRI  ME Train (1097).jpg,Meningioma,224,224,RGB,8,3,0.0,251.0
Training/Meningioma/BT-MRI  ME Train (615).jpg,Meningioma,224,224,RGB,8,3,0.0,228.0
Training/Glioma/BT-MRI GL Train  (667).jpg,Glioma,224,224,RGB,8,3,0.0,225.0
Testing/Glioma/BT-MRI Test GL (281).jpg,Glioma,224,224,RGB,8,3,0.0,223.0
Training/Glioma/BT-MRI GL Train  (1285).jpg,Glioma,224,224,RGB,8,3,0.0,242.0
Training/Meningioma/BT-MRI  ME Train (617).jpg,Meningioma,224,224,RGB,8,3,0.0,221.0
Training/Pituitary/BT-MRI PI Train (983).jpg,Pituitary,224,224,RGB,8,3,0.0,235.0
Training/Glioma/BT-MRI GL Train  (340).jpg,Glioma,224,224,RGB,8,3,0.0,227.0
Training/Glioma/BT-MRI GL Train  (135).jpg,Glioma,224,224,RGB,8,3,0.0,228.0
Testing/Pituitary/BT-MRI PI Test (186).jpg,Pituitary,224,224,RGB,8,3,0.0,244.0
Training/Glioma/BT-MRI GL Train  (487).jpg,Glioma,224,224,RGB,8,3,0.0,221.0
Training/No-tumor/BT-MRI NO Train (753).jpg,No-tumor,224,224,RGB,8,3,0.0,255.0
Testing/No-tumor/BT-MRI NO Test (170).jpg,No-tumor,224,224,RGB,8,3,0.0,255.0
Training/Pituitary/BT-MRI PI Train (214).jpg,Pituitary,224,224,RGB,8,3,0.0,238.0
Training/No-tumor/BT-MRI NO Train (1149).jpg,No-tumor,224,224,RGB,8,3,17.0,218.0
Testing/No-tumor/BT-MRI NO Test (339).jpg,No-tumor,224,224,RGB,8,3,0.0,255.0
Training/Meningioma/BT-MRI  ME Train (192).jpg,Meningioma,224,224,RGB,8,3,11.0,230.0
Training/No-tumor/BT-MRI NO Train (125).jpg,No-tumor,224,224,RGB,8,3,0.0,255.0
Training/Meningioma/BT-MRI  ME Train (1213).jpg,Meningioma,224,224,RGB,8,3,0.0,242.0
Training/Glioma/BT-MRI GL Train  (605).jpg,Glioma,224,224,RGB,8,3,0.0,243.0
Testing/Meningioma/BT-MRI ME Test (5).jpg,Meningioma,224,224,RGB,8,3,0.0,255.0
Training/Meningioma/BT-MRI  ME Train (660).jpg,Meningioma,224,224,RGB,8,3,0.0,240.0
Testing/Meningioma/BT-MRI ME Test (144).jpg,Meningioma,224,224,RGB,8,3,0.0,247.0
Training/Meningioma/BT-MRI  ME Train (927).jpg,Meningioma,224,224,RGB,8,3,0.0,244.0
Training/Pituitary/BT-MRI PI Train (292).jpg,Pituitary,224,224,RGB,8,3,0.0,233.0
Training/No-tumor/BT-MRI NO Train (1052).jpg,No-tumor,224,224,RGB,8,3,0.0,255.0
Training/Glioma/BT-MRI GL Train  (1059).jpg,Glioma,224,224,RGB,8,3,0.0,230.0
Training/No-tumor/BT-MRI NO Train (249).jpg,No-tumor,224,224,RGB,8,3,0.0,210.0
Testing/Glioma/BT-MRI Test GL (239).jpg,Glioma,224,224,RGB,8,3,0.0,244.0
Training/Pituitary/BT-MRI PI Train (612).jpg,Pituitary,224,224,RGB,8,3,0.0,230.0
Testing/Glioma/BT-MRI Test GL (98).jpg,Glioma,224,224,RGB,8,3,0.0,215.0
Training/No-tumor/BT-MRI NO Train (1223).jpg,No-tumor,224,224,RGB,8,3,1.0,252.0
Testing/Glioma/BT-MRI Test GL (131).jpg,Glioma,224,224,RGB,8,3,0.0,255.0
Training/No-tumor/BT-MRI NO Train (787).jpg,No-tumor,224,224,RGB,8,3,0.0,255.0
Training/No-tumor/BT-MRI NO Train (674).jpg,No-tumor,224,224,RGB,8,3,1.0,255.0
Testing/Glioma/BT-MRI Test GL (139).jpg,Glioma,224,224,RGB,8,3,0.0,235.0
Training/Glioma/BT-MRI GL Train  (376).jpg,Glioma,224,224,RGB,8,3,0.0,237.0
Testing/Glioma/BT-MRI Test GL (195).jpg,Glioma,224,224,RGB,8,3,0.0,255.0
Training/Meningioma/BT-MRI  ME Train (804).jpg,Meningioma,224,224,RGB,8,3,0.0,235.0
Training/Pituitary/BT-MRI PI Train (722).jpg,Pituitary,224,224,RGB,8,3,0.0,255.0
Training/Glioma/BT-MRI GL Train  (811).jpg,Glioma,224,224,RGB,8,3,0.0,235.0
Testing/No-tumor/BT-MRI NO Test (250).jpg,No-tumor,224,224,RGB,8,3,0.0,255.0
Training/Meningioma/BT-MRI  ME Train (754).jpg,Meningioma,224,224,RGB,8,3,0.0,248.0
Training/Glioma/BT-MRI GL Train  (1089).jpg,Glioma,224,224,RGB,8,3,0.0,240.0
Training/Meningioma/BT-MRI  ME Train (301).jpg,Meningioma,224,224,RGB,8,3,0.0,249.0
Training/Pituitary/BT-MRI PI Train (1001).jpg,Pituitary,224,224,RGB,8,3,0.0,237.0
Training/No-tumor/BT-MRI NO Train (986).jpg,No-tumor,224,224,RGB,8,3,3.0,252.0
Training/Meningioma/BT-MRI  ME Train (568).jpg,Meningioma,224,224,RGB,8,3,0.0,229.0
Training/No-tumor/BT-MRI NO Train (1430).jpg,No-tumor,224,224,RGB,8,3,0.0,252.0
Training/No-tumor/BT-MRI NO Train (524).jpg,No-tumor,224,224,RGB,8,3,0.0,248.0
Training/No-tumor/BT-MRI NO Train (1198).jpg,No-tumor,224,224,RGB,8,3,0.0,255.0
Training/Pituitary/BT-MRI PI Train (336).jpg,Pituitary,224,224,RGB,8,3,0.0,252.0
Training/Glioma/BT-MRI GL Train  (709).jpg,Glioma,224,224,RGB,8,3,0.0,240.0
Training/Pituitary/BT-MRI PI Train (1061).jpg,Pituitary,224,224,RGB,8,3,0.0,242.0
Training/Glioma/BT-MRI GL Train  (1201).jpg,Glioma,224,224,RGB,8,3,0.0,252.0
Training/Meningioma/BT-MRI  ME Train (947).jpg,Meningioma,224,224,RGB,8,3,0.0,241.0
Training/No-tumor/BT-MRI NO Train (472).jpg,No-tumor,224,224,RGB,8,3,0.0,255.0
Training/No-tumor/BT-MRI NO Train (313).jpg,No-tumor,224,224,RGB,8,3,0.0,255.0
Training/Pituitary/BT-MRI PI Train (243).jpg,Pituitary,224,224,RGB,8,3,0.0,250.0
Training/No-tumor/BT-MRI NO Train (914).jpg,No-tumor,224,224,RGB,8,3,0.0,255.0
Training/Meningioma/BT-MRI  ME Train (1129).jpg,Meningioma,224,224,RGB,8,3,0.0,250.0
Training/Meningioma/BT-MRI  ME Train (176).jpg,Meningioma,224,224,RGB,8,3,0.0,255.0
Testing/Pituitary/BT-MRI PI Test (31).jpg,Pituitary,224,224,RGB,8,3,0.0,236.0
Training/Meningioma/BT-MRI  ME Train (487).jpg,Meningioma,224,224,RGB,8,3,0.0,242.0
Testing/Pituitary/BT-MRI PI Test (256).jpg,Pituitary,224,224,RGB,8,3,0.0,246.0
Training/No-tumor/BT-MRI NO Train (395).jpg,No-tumor,224,224,RGB,8,3,0.0,255.0
Training/Pituitary/BT-MRI PI Train (555).jpg,Pituitary,224,224,RGB,8,3,0.0,248.0
Training/Pituitary/BT-MRI PI Train (730).jpg,Pituitary,224,224,RGB,8,3,0.0,244.0
Testing/No-tumor/BT-MRI NO Test (159).jpg,No-tumor,224,224,RGB,8,3,0.0,255.0
Testing/Pituitary/BT-MRI PI Test (23).jpg,Pituitary,224,224,RGB,8,3,0.0,231.0
Training/No-tumor/BT-MRI NO Train (754).jpg,No-tumor,224,224,RGB,8,3,0.0,255.0
Training/Glioma/BT-MRI GL Train  (1051).jpg,Glioma,224,224,RGB,8,3,0.0,222.0
Training/Meningioma/BT-MRI  ME Train (770).jpg,Meningioma,224,224,RGB,8,3,0.0,237.0
Training/No-tumor/BT-MRI NO Train (1448).jpg,No-tumor,224,224,RGB,8,3,0.0,255.0
Training/Glioma/BT-MRI GL Train  (1019).jpg,Glioma,224,224,RGB,8,3,0.0,219.0
Training/No-tumor/BT-MRI NO Train (1534).jpg,No-tumor,224,224,RGB,8,3,0.0,255.0
Training/Glioma/BT-MRI GL Train  (259).jpg,Glioma,224,224,RGB,8,3,0.0,235.0
Training/Glioma/BT-MRI GL Train  (708).jpg,Glioma,224,224,RGB,8,3,0.0,233.0
Training/Pituitary/BT-MRI PI Train (855).jpg,Pituitary,224,224,RGB,8,3,0.0,253.0
Training/No-tumor/BT-MRI NO Train (576).jpg,No-tumor,224,224,RGB,8,3,0.0,240.0
Training/Glioma/BT-MRI GL Train  (1222).jpg,Glioma,224,224,RGB,8,3,0.0,253.0
Testing/Pituitary/BT-MRI PI Test (191).jpg,Pituitary,224,224,RGB,8,3,0.0,250.0
Training/Meningioma/BT-MRI  ME Train (224).jpg,Meningioma,224,224,RGB,8,3,0.0,255.0
Training/Pituitary/BT-MRI PI Train (646).jpg,Pituitary,224,224,RGB,8,3,0.0,239.0
Training/No-tumor/BT-MRI NO Train (675).jpg,No-tumor,224,224,RGB,8,3,0.0,255.0
Training/Pituitary/BT-MRI PI Train (1232).jpg,Pituitary,224,224,RGB,8,3,0.0,237.0
Training/Meningioma/BT-MRI  ME Train (993).jpg,Meningioma,224,224,RGB,8,3,0.0,250.0
Training/Meningioma/BT-MRI  ME Train (132).jpg,Meningioma,224,224,RGB,8,3,0.0,232.0
Training/No-tumor/BT-MRI NO Train (619).jpg,No-tumor,224,224,RGB,8,3,0.0,255.0
Training/Meningioma/BT-MRI  ME Train (1021).jpg,Meningioma,224,224,RGB,8,3,0.0,244.0
Training/No-tumor/BT-MRI NO Train (1482).jpg,No-tumor,224,224,RGB,8,3,0.0,255.0
Training/Pituitary/BT-MRI PI Train (1029).jpg,Pituitary,224,224,RGB,8,3,0.0,255.0
Testing/No-tumor/BT-MRI NO Test (104).jpg,No-tumor,224,224,RGB,8,3,0.0,255.0
Training/Glioma/BT-MRI GL Train  (1014).jpg,Glioma,224,224,RGB,8,3,0.0,254.0
Training/Glioma/BT-MRI GL Train  (1011).jpg,Glioma,224,224,RGB,8,3,0.0,253.0
Training/No-tumor/BT-MRI NO Train (1122).jpg,No-tumor,224,224,RGB,8,3,0.0,247.0
Training/Meningioma/BT-MRI  ME Train (108).jpg,Meningioma,224,224,RGB,8,3,0.0,255.0
Training/Glioma/BT-MRI GL Train  (449).jpg,Glioma,224,224,RGB,8,3,0.0,250.0
Training/Pituitary/BT-MRI PI Train (1036).jpg,Pituitary,224,224,RGB,8,3,0.0,227.0
Training/Glioma/BT-MRI GL Train  (1190).jpg,Glioma,224,224,RGB,8,3,0.0,236.0
Testing/Glioma/BT-MRI Test GL (222).jpg,Glioma,224,224,RGB,8,3,0.0,239.0
Testing/Pituitary/BT-MRI PI Test (68).jpg,Pituitary,224,224,RGB,8,3,0.0,240.0
Training/Meningioma/BT-MRI  ME Train (841).jpg,Meningioma,224,224,RGB,8,3,0.0,234.0
Training/No-tumor/BT-MRI NO Train (1280).jpg,No-tumor,224,224,RGB,8,3,0.0,255.0
Training/No-tumor/BT-MRI NO Train (789).jpg,No-tumor,224,224,RGB,8,3,0.0,255.0
Training/Glioma/BT-MRI GL Train  (1139).jpg,Glioma,224,224,RGB,8,3,0.0,229.0
Training/Meningioma/BT-MRI  ME Train (162).jpg,Meningioma,224,224,RGB,8,3,0.0,240.0
Training/Pituitary/BT-MRI PI Train (790).jpg,Pituitary,224,224,RGB,8,3,0.0,236.0
Training/No-tumor/BT-MRI NO Train (621).jpg,No-tumor,224,224,RGB,8,3,0.0,255.0
Training/Pituitary/BT-MRI PI Train (1084).jpg,Pituitary,224,224,RGB,8,3,0.0,247.0
Training/Pituitary/BT-MRI PI Train (69).jpg,Pituitary,224,224,RGB,8,3,0.0,250.0
Training/Glioma/BT-MRI GL Train  (961).jpg,Glioma,224,224,RGB,8,3,0.0,245.0
Testing/No-tumor/BT-MRI NO Test (332).jpg,No-tumor,224,224,RGB,8,3,0.0,255.0
Training/Glioma/BT-MRI GL Train  (994).jpg,Glioma,224,224,RGB,8,3,0.0,244.0
Testing/Pituitary/BT-MRI PI Test (185).jpg,Pituitary,224,224,RGB,8,3,0.0,252.0
Testing/Glioma/BT-MRI Test GL (48).jpg,Glioma,224,224,RGB,8,3,0.0,235.0
Training/Glioma/BT-MRI GL Train  (511).jpg,Glioma,224,224,RGB,8,3,0.0,229.0
Training/Glioma/BT-MRI GL Train  (634).jpg,Glioma,224,224,RGB,8,3,0.0,229.0
Training/Meningioma/BT-MRI  ME Train (71).jpg,Meningioma,224,224,RGB,8,3,0.0,242.0
Training/Pituitary/BT-MRI PI Train (679).jpg,Pituitary,224,224,RGB,8,3,0.0,248.0
Training/Meningioma/BT-MRI  ME Train (185).jpg,Meningioma,224,224,RGB,8,3,0.0,255.0
Testing/Glioma/BT-MRI Test GL (196).jpg,Glioma,224,224,RGB,8,3,0.0,248.0
Training/Meningioma/BT-MRI  ME Train (1042).jpg,Meningioma,224,224,RGB,8,3,0.0,249.0
Training/Pituitary/BT-MRI PI Train (536).jpg,Pituitary,224,224,RGB,8,3,0.0,230.0
Training/No-tumor/BT-MRI NO Train (562).jpg,No-tumor,224,224,RGB,8,3,0.0,255.0
Training/Pituitary/BT-MRI PI Train (868).jpg,Pituitary,224,224,RGB,8,3,0.0,250.0
Training/No-tumor/BT-MRI NO Train (120).jpg,No-tumor,224,224,RGB,8,3,0.0,255.0
Training/No-tumor/BT-MRI NO Train (543).jpg,No-tumor,224,224,RGB,8,3,0.0,255.0
Training/Meningioma/BT-MRI  ME Train (480).jpg,Meningioma,224,224,RGB,8,3,0.0,246.0
Training/Meningioma/BT-MRI  ME Train (844).jpg,Meningioma,224,224,RGB,8,3,0.0,255.0
Testing/Glioma/BT-MRI Test GL (105).jpg,Glioma,224,224,RGB,8,3,0.0,240.0
Testing/Glioma/BT-MRI Test GL (78).jpg,Glioma,224,224,RGB,8,3,0.0,220.0
Training/Pituitary/BT-MRI PI Train (1427).jpg,Pituitary,224,224,RGB,8,3,0.0,255.0
Training/Glioma/BT-MRI GL Train  (904).jpg,Glioma,224,224,RGB,8,3,0.0,244.0
Testing/No-tumor/BT-MRI NO Test (165).jpg,No-tumor,224,224,RGB,8,3,2.0,255.0
Training/No-tumor/BT-MRI NO Train (737).jpg,No-tumor,224,224,RGB,8,3,0.0,255.0
Training/Pituitary/BT-MRI PI Train (15).jpg,Pituitary,224,224,RGB,8,3,0.0,234.0
Training/No-tumor/BT-MRI NO Train (861).jpg,No-tumor,224,224,RGB,8,3,0.0,255.0
Training/No-tumor/BT-MRI NO Train (810).jpg,No-tumor,224,224,RGB,8,3,0.0,255.0
Training/Glioma/BT-MRI GL Train  (936).jpg,Glioma,224,224,RGB,8,3,0.0,250.0
Training/Pituitary/BT-MRI PI Train (1206).jpg,Pituitary,224,224,RGB,8,3,0.0,232.0
Testing/No-tumor/BT-MRI NO Test (126).jpg,No-tumor,224,224,RGB,8,3,0.0,223.0
Training/Glioma/BT-MRI GL Train  (553).jpg,Glioma,224,224,RGB,8,3,0.0,235.0
Training/Pituitary/BT-MRI PI Train (972).jpg,Pituitary,224,224,RGB,8,3,0.0,254.0
Training/Glioma/BT-MRI GL Train  (132).jpg,Glioma,224,224,RGB,8,3,0.0,255.0
Training/Pituitary/BT-MRI PI Train (533).jpg,Pituitary,224,224,RGB,8,3,0.0,246.0
Testing/Glioma/BT-MRI Test GL (119).jpg,Glioma,224,224,RGB,8,3,0.0,240.0
Training/No-tumor/BT-MRI NO Train (1031).jpg,No-tumor,224,224,RGB,8,3,0.0,229.0
Training/No-tumor/BT-MRI NO Train (937).jpg,No-tumor,224,224,RGB,8,3,0.0,255.0
Testing/Glioma/BT-MRI Test GL (128).jpg,Glioma,224,224,RGB,8,3,0.0,237.0
Training/Pituitary/BT-MRI PI Train (564).jpg,Pituitary,224,224,RGB,8,3,0.0,246.0
Testing/Pituitary/BT-MRI PI Test (225).jpg,Pituitary,224,224,RGB,8,3,0.0,247.0
Training/Glioma/BT-MRI GL Train  (1070).jpg,Glioma,224,224,RGB,8,3,0.0,240.0
Training/Glioma/BT-MRI GL Train  (1257).jpg,Glioma,224,224,RGB,8,3,0.0,255.0
Training/No-tumor/BT-MRI NO Train (1036).jpg,No-tumor,224,224,RGB,8,3,0.0,255.0
Training/Meningioma/BT-MRI  ME Train (2).jpg,Meningioma,224,224,RGB,8,3,0.0,253.0
Testing/Glioma/BT-MRI Test GL (173).jpg,Glioma,224,224,RGB,8,3,0.0,246.0
Training/No-tumor/BT-MRI NO Train (1392).jpg,No-tumor,224,224,RGB,8,3,0.0,247.0
Training/Glioma/BT-MRI GL Train  (28).jpg,Glioma,224,224,RGB,8,3,0.0,247.0
Testing/No-tumor/BT-MRI NO Test (171).jpg,No-tumor,224,224,RGB,8,3,0.0,255.0
Training/Pituitary/BT-MRI PI Train (1015).jpg,Pituitary,224,224,RGB,8,3,0.0,244.0
Testing/No-tumor/BT-MRI NO Test (148).jpg,No-tumor,224,224,RGB,8,3,0.0,255.0
Testing/No-tumor/BT-MRI NO Test (188).jpg,No-tumor,224,224,RGB,8,3,0.0,255.0
Training/No-tumor/BT-MRI NO Train (1426).jpg,No-tumor,224,224,RGB,8,3,0.0,246.0
Training/Pituitary/BT-MRI PI Train (398).jpg,Pituitary,224,224,RGB,8,3,0.0,252.0
Training/Pituitary/BT-MRI PI Train (1212).jpg,Pituitary,224,224,RGB,8,3,0.0,240.0
Training/Pituitary/BT-MRI PI Train (399).jpg,Pituitary,224,224,RGB,8,3,0.0,246.0
Testing/Glioma/BT-MRI Test GL (84).jpg,Glioma,224,224,RGB,8,3,0.0,231.0
Training/Glioma/BT-MRI GL Train  (324).jpg,Glioma,224,224,RGB,8,3,0.0,239.0
Training/Meningioma/BT-MRI  ME Train (748).jpg,Meningioma,224,224,RGB,8,3,0.0,253.0
Training/Glioma/BT-MRI GL Train  (810).jpg,Glioma,224,224,RGB,8,3,0.0,237.0
Training/No-tumor/BT-MRI NO Train (247).jpg,No-tumor,224,224,RGB,8,3,0.0,255.0
Training/Pituitary/BT-MRI PI Train (474).jpg,Pituitary,224,224,RGB,8,3,0.0,247.0
Training/No-tumor/BT-MRI NO Train (1528).jpg,No-tumor,224,224,RGB,8,3,0.0,255.0
Training/Meningioma/BT-MRI  ME Train (232).jpg,Meningioma,224,224,RGB,8,3,0.0,255.0
Training/Glioma/BT-MRI GL Train  (1174).jpg,Glioma,224,224,RGB,8,3,0.0,255.0
Training/No-tumor/BT-MRI NO Train (1581).jpg,No-tumor,224,224,RGB,8,3,0.0,247.0
Training/Meningioma/BT-MRI  ME Train (1149).jpg,Meningioma,224,224,RGB,8,3,0.0,251.0
Testing/No-tumor/BT-MRI NO Test (146).jpg,No-tumor,224,224,RGB,8,3,1.0,255.0
Testing/No-tumor/BT-MRI NO Test (259).jpg,No-tumor,224,224,RGB,8,3,0.0,255.0
Training/No-tumor/BT-MRI NO Train (1248).jpg,No-tumor,224,224,RGB,8,3,0.0,255.0
Training/Meningioma/BT-MRI  ME Train (680).jpg,Meningioma,224,224,RGB,8,3,0.0,255.0
Training/Glioma/BT-MRI GL Train  (288).jpg,Glioma,224,224,RGB,8,3,0.0,207.0
Testing/Pituitary/BT-MRI PI Test (240).jpg,Pituitary,224,224,RGB,8,3,0.0,231.0
Training/No-tumor/BT-MRI NO Train (556).jpg,No-tumor,224,224,RGB,8,3,0.0,144.0
Training/Glioma/BT-MRI GL Train  (1290).jpg,Glioma,224,224,RGB,8,3,0.0,230.0
Training/Pituitary/BT-MRI PI Train (417).jpg,Pituitary,224,224,RGB,8,3,0.0,247.0
Training/No-tumor/BT-MRI NO Train (979).jpg,No-tumor,224,224,RGB,8,3,0.0,247.0
Training/No-tumor/BT-MRI NO Train (1594).jpg,No-tumor,224,224,RGB,8,3,0.0,255.0
Training/Glioma/BT-MRI GL Train  (697).jpg,Glioma,224,224,RGB,8,3,0.0,236.0
Training/Pituitary/BT-MRI PI Train (696).jpg,Pituitary,224,224,RGB,8,3,0.0,244.0
Training/Meningioma/BT-MRI  ME Train (1053).jpg,Meningioma,224,224,RGB,8,3,0.0,231.0
Training/No-tumor/BT-MRI NO Train (601).jpg,No-tumor,224,224,RGB,8,3,0.0,255.0
Training/No-tumor/BT-MRI NO Train (1335).jpg,No-tumor,224,224,RGB,8,3,0.0,255.0
Training/Glioma/BT-MRI GL Train  (854).jpg,Glioma,224,224,RGB,8,3,0.0,243.0
Training/Meningioma/BT-MRI  ME Train (124).jpg,Meningioma,224,224,RGB,8,3,0.0,255.0
Training/No-tumor/BT-MRI NO Train (518).jpg,No-tumor,224,224,RGB,8,3,0.0,255.0
Training/Glioma/BT-MRI GL Train  (50).jpg,Glioma,224,224,RGB,8,3,0.0,242.0
Training/Glioma/BT-MRI GL Train  (485).jpg,Glioma,224,224,RGB,8,3,0.0,235.0
Training/Pituitary/BT-MRI PI Train (930).jpg,Pituitary,224,224,RGB,8,3,0.0,233.0
Testing/Glioma/BT-MRI Test GL (123).jpg,Glioma,224,224,RGB,8,3,0.0,236.0
Training/No-tumor/BT-MRI NO Train (597).jpg,No-tumor,224,224,RGB,8,3,0.0,255.0
Training/Meningioma/BT-MRI  ME Train (532).jpg,Meningioma,224,224,RGB,8,3,0.0,239.0
Training/Pituitary/BT-MRI PI Train (46).jpg,Pituitary,224,224,RGB,8,3,0.0,255.0
Training/Meningioma/BT-MRI  ME Train (840).jpg,Meningioma,224,224,RGB,8,3,0.0,249.0
Training/Glioma/BT-MRI GL Train  (1103).jpg,Glioma,224,224,RGB,8,3,0.0,222.0
Training/Pituitary/BT-MRI PI Train (805).jpg,Pituitary,224,224,RGB,8,3,0.0,255.0
Training/Glioma/BT-MRI GL Train  (868).jpg,Glioma,224,224,RGB,8,3,0.0,249.0
Training/Glioma/BT-MRI GL Train  (1220).jpg,Glioma,224,224,RGB,8,3,0.0,239.0
Training/Pituitary/BT-MRI PI Train (120).jpg,Pituitary,224,224,RGB,8,3,0.0,245.0
Training/No-tumor/BT-MRI NO Train (1324).jpg,No-tumor,224,224,RGB,8,3,0.0,255.0
Training/Pituitary/BT-MRI PI Train (472).jpg,Pituitary,224,224,RGB,8,3,0.0,240.0
Training/Pituitary/BT-MRI PI Train (78).jpg,Pituitary,224,224,RGB,8,3,0.0,254.0
Training/No-tumor/BT-MRI NO Train (1378).jpg,No-tumor,224,224,RGB,8,3,0.0,255.0
Testing/Pituitary/BT-MRI PI Test (276).jpg,Pituitary,224,224,RGB,8,3,0.0,250.0
Training/Meningioma/BT-MRI  ME Train (73).jpg,Meningioma,224,224,RGB,8,3,0.0,235.0
Training/Glioma/BT-MRI GL Train  (282).jpg,Glioma,224,224,RGB,8,3,0.0,199.0
Training/Glioma/BT-MRI GL Train  (319).jpg,Glioma,224,224,RGB,8,3,0.0,219.0
Training/No-tumor/BT-MRI NO Train (657).jpg,No-tumor,224,224,RGB,8,3,0.0,255.0
Training/No-tumor/BT-MRI NO Train (1336).jpg,No-tumor,224,224,RGB,8,3,0.0,255.0
Training/Glioma/BT-MRI GL Train  (922).jpg,Glioma,224,224,RGB,8,3,0.0,244.0
Training/Pituitary/BT-MRI PI Train (1295).jpg,Pituitary,224,224,RGB,8,3,0.0,246.0
Training/Pituitary/BT-MRI PI Train (1158).jpg,Pituitary,224,224,RGB,8,3,0.0,227.0
Training/No-tumor/BT-MRI NO Train (1294).jpg,No-tumor,224,224,RGB,8,3,0.0,255.0
Training/Meningioma/BT-MRI  ME Train (683).jpg,Meningioma,224,224,RGB,8,3,0.0,255.0
Training/Glioma/BT-MRI GL Train  (91).jpg,Glioma,224,224,RGB,8,3,0.0,245.0
Training/Meningioma/BT-MRI  ME Train (1055).jpg,Meningioma,224,224,RGB,8,3,0.0,237.0
Training/No-tumor/BT-MRI NO Train (654).jpg,No-tumor,224,224,RGB,8,3,0.0,255.0
Training/Pituitary/BT-MRI PI Train (517).jpg,Pituitary,224,224,RGB,8,3,0.0,255.0
Training/No-tumor/BT-MRI NO Train (1353).jpg,No-tumor,224,224,RGB,8,3,0.0,255.0
Training/Pituitary/BT-MRI PI Train (913).jpg,Pituitary,224,224,RGB,8,3,0.0,247.0
Training/No-tumor/BT-MRI NO Train (866).jpg,No-tumor,224,224,RGB,8,3,0.0,255.0
Training/Meningioma/BT-MRI  ME Train (979).jpg,Meningioma,224,224,RGB,8,3,0.0,251.0
Training/No-tumor/BT-MRI NO Train (195).jpg,No-tumor,224,224,RGB,8,3,0.0,133.0
Training/Glioma/BT-MRI GL Train  (93).jpg,Glioma,224,224,RGB,8,3,0.0,241.0
Training/No-tumor/BT-MRI NO Train (1493).jpg,No-tumor,224,224,RGB,8,3,0.0,255.0
Training/Pituitary/BT-MRI PI Train (884).jpg,Pituitary,224,224,RGB,8,3,0.0,240.0
Training/Meningioma/BT-MRI  ME Train (533).jpg,Meningioma,224,224,RGB,8,3,0.0,247.0
Testing/Glioma/BT-MRI Test GL (244).jpg,Glioma,224,224,RGB,8,3,0.0,255.0
Training/Glioma/BT-MRI GL Train  (1123).jpg,Glioma,224,224,RGB,8,3,0.0,249.0
Training/Pituitary/BT-MRI PI Train (388).jpg,Pituitary,224,224,RGB,8,3,0.0,242.0
Training/Pituitary/BT-MRI PI Train (739).jpg,Pituitary,224,224,RGB,8,3,0.0,236.0
Testing/Meningioma/BT-MRI ME Test (188).jpg,Meningioma,224,224,RGB,8,3,0.0,251.0
Training/Pituitary/BT-MRI PI Train (1088).jpg,Pituitary,224,224,RGB,8,3,0.0,226.0
Training/Pituitary/BT-MRI PI Train (1327).jpg,Pituitary,224,224,RGB,8,3,0.0,237.0
Training/Pituitary/BT-MRI PI Train (97).jpg,Pituitary,224,224,RGB,8,3,0.0,248.0
Training/Glioma/BT-MRI GL Train  (168).jpg,Glioma,224,224,RGB,8,3,0.0,249.0
Training/Glioma/BT-MRI GL Train  (356).jpg,Glioma,224,224,RGB,8,3,0.0,206.0
Training/Pituitary/BT-MRI PI Train (274).jpg,Pituitary,224,224,RGB,8,3,0.0,241.0
Training/Pituitary/BT-MRI PI Train (1213).jpg,Pituitary,224,224,RGB,8,3,0.0,242.0
Training/Pituitary/BT-MRI PI Train (346).jpg,Pituitary,224,224,RGB,8,3,0.0,255.0
Training/Pituitary/BT-MRI PI Train (364).jpg,Pituitary,224,224,RGB,8,3,0.0,249.0
Training/Glioma/BT-MRI GL Train  (166).jpg,Glioma,224,224,RGB,8,3,0.0,230.0
Testing/Pituitary/BT-MRI PI Test (154).jpg,Pituitary,224,224,RGB,8,3,0.0,241.0
Testing/Pituitary/BT-MRI PI Test (273).jpg,Pituitary,224,224,RGB,8,3,0.0,249.0
Training/No-tumor/BT-MRI NO Train (596).jpg,No-tumor,224,224,RGB,8,3,0.0,255.0
Training/Pituitary/BT-MRI PI Train (14).jpg,Pituitary,224,224,RGB,8,3,0.0,236.0
Testing/Meningioma/BT-MRI ME Test (274).jpg,Meningioma,224,224,RGB,8,3,0.0,224.0
Testing/Pituitary/BT-MRI PI Test (155).jpg,Pituitary,224,224,RGB,8,3,0.0,247.0
Training/Pituitary/BT-MRI PI Train (55).jpg,Pituitary,224,224,RGB,8,3,0.0,252.0
Training/Meningioma/BT-MRI  ME Train (599).jpg,Meningioma,224,224,RGB,8,3,0.0,245.0
Training/Meningioma/BT-MRI  ME Train (678).jpg,Meningioma,224,224,RGB,8,3,0.0,255.0
Training/Pituitary/BT-MRI PI Train (632).jpg,Pituitary,224,224,RGB,8,3,0.0,238.0
Testing/No-tumor/BT-MRI NO Test (218).jpg,No-tumor,224,224,RGB,8,3,0.0,248.0
Testing/Glioma/BT-MRI Test GL (72).jpg,Glioma,224,224,RGB,8,3,0.0,246.0
Training/No-tumor/BT-MRI NO Train (1490).jpg,No-tumor,224,224,RGB,8,3,0.0,255.0
Training/Meningioma/BT-MRI  ME Train (894).jpg,Meningioma,224,224,RGB,8,3,0.0,237.0
Training/No-tumor/BT-MRI NO Train (542).jpg,No-tumor,224,224,RGB,8,3,0.0,255.0
Testing/Meningioma/BT-MRI ME Test (165).jpg,Meningioma,224,224,RGB,8,3,0.0,247.0
Training/Pituitary/BT-MRI PI Train (311).jpg,Pituitary,224,224,RGB,8,3,0.0,251.0
Training/Pituitary/BT-MRI PI Train (347).jpg,Pituitary,224,224,RGB,8,3,0.0,246.0
Training/Meningioma/BT-MRI  ME Train (1135).jpg,Meningioma,224,224,RGB,8,3,0.0,249.0
Training/Glioma/BT-MRI GL Train  (603).jpg,Glioma,224,224,RGB,8,3,0.0,253.0
Training/Pituitary/BT-MRI PI Train (314).jpg,Pituitary,224,224,RGB,8,3,0.0,248.0
Training/Pituitary/BT-MRI PI Train (201).jpg,Pituitary,224,224,RGB,8,3,0.0,251.0
Training/No-tumor/BT-MRI NO Train (931).jpg,No-tumor,224,224,RGB,8,3,0.0,255.0
Training/Glioma/BT-MRI GL Train  (898).jpg,Glioma,224,224,RGB,8,3,0.0,254.0
Testing/Pituitary/BT-MRI PI Test (169).jpg,Pituitary,224,224,RGB,8,3,0.0,253.0
Training/Pituitary/BT-MRI PI Train (74).jpg,Pituitary,224,224,RGB,8,3,0.0,252.0
Training/Glioma/BT-MRI GL Train  (890).jpg,Glioma,224,224,RGB,8,3,0.0,242.0
Training/Glioma/BT-MRI GL Train  (1267).jpg,Glioma,224,224,RGB,8,3,0.0,244.0
Testing/Glioma/BT-MRI Test GL (55).jpg,Glioma,224,224,RGB,8,3,0.0,206.0
Training/Glioma/BT-MRI GL Train  (1047).jpg,Glioma,224,224,RGB,8,3,0.0,255.0
Training/No-tumor/BT-MRI NO Train (1341).jpg,No-tumor,224,224,RGB,8,3,0.0,255.0
Training/Glioma/BT-MRI GL Train  (873).jpg,Glioma,224,224,RGB,8,3,0.0,237.0
Training/Meningioma/BT-MRI  ME Train (1025).jpg,Meningioma,224,224,RGB,8,3,0.0,252.0
Training/No-tumor/BT-MRI NO Train (664).jpg,No-tumor,224,224,RGB,8,3,0.0,255.0
Testing/Meningioma/BT-MRI ME Test (202).jpg,Meningioma,224,224,RGB,8,3,0.0,231.0
Training/Pituitary/BT-MRI PI Train (426).jpg,Pituitary,224,224,RGB,8,3,0.0,249.0
Training/No-tumor/BT-MRI NO Train (940).jpg,No-tumor,224,224,RGB,8,3,0.0,255.0
Training/Glioma/BT-MRI GL Train  (83).jpg,Glioma,224,224,RGB,8,3,0.0,223.0
Testing/No-tumor/BT-MRI NO Test (130).jpg,No-tumor,224,224,RGB,8,3,0.0,255.0
Training/Glioma/BT-MRI GL Train  (879).jpg,Glioma,224,224,RGB,8,3,0.0,248.0
Training/Pituitary/BT-MRI PI Train (1418).jpg,Pituitary,224,224,RGB,8,3,0.0,252.0
Testing/Glioma/BT-MRI Test GL (143).jpg,Glioma,224,224,RGB,8,3,0.0,251.0
Testing/Meningioma/BT-MRI ME Test (247).jpg,Meningioma,224,224,RGB,8,3,0.0,251.0
Training/Glioma/BT-MRI GL Train  (600).jpg,Glioma,224,224,RGB,8,3,0.0,236.0
Testing/Glioma/BT-MRI Test GL (9).jpg,Glioma,224,224,RGB,8,3,0.0,242.0
Training/Glioma/BT-MRI GL Train  (377).jpg,Glioma,224,224,RGB,8,3,0.0,219.0
Training/Pituitary/BT-MRI PI Train (1032).jpg,Pituitary,224,224,RGB,8,3,0.0,250.0
Testing/Glioma/BT-MRI Test GL (152).jpg,Glioma,224,224,RGB,8,3,0.0,210.0
Training/No-tumor/BT-MRI NO Train (905).jpg,No-tumor,224,224,RGB,8,3,0.0,255.0
Training/Glioma/BT-MRI GL Train  (809).jpg,Glioma,224,224,RGB,8,3,0.0,210.0
Training/Glioma/BT-MRI GL Train  (1314).jpg,Glioma,224,224,RGB,8,3,0.0,234.0
Training/Pituitary/BT-MRI PI Train (1152).jpg,Pituitary,224,224,RGB,8,3,0.0,242.0
Training/Meningioma/BT-MRI  ME Train (1010).jpg,Meningioma,224,224,RGB,8,3,0.0,246.0
Training/Meningioma/BT-MRI  ME Train (385).jpg,Meningioma,224,224,RGB,8,3,0.0,243.0
Training/Glioma/BT-MRI GL Train  (971).jpg,Glioma,224,224,RGB,8,3,0.0,254.0
Training/Pituitary/BT-MRI PI Train (1228).jpg,Pituitary,224,224,RGB,8,3,0.0,248.0
Training/Glioma/BT-MRI GL Train  (992).jpg,Glioma,224,224,RGB,8,3,0.0,233.0
Training/Meningioma/BT-MRI  ME Train (1145).jpg,Meningioma,224,224,RGB,8,3,0.0,254.0
Training/Meningioma/BT-MRI  ME Train (843).jpg,Meningioma,224,224,RGB,8,3,0.0,240.0
Testing/No-tumor/BT-MRI NO Test (106).jpg,No-tumor,224,224,RGB,8,3,0.0,255.0
Testing/Glioma/BT-MRI Test GL (192).jpg,Glioma,224,224,RGB,8,3,0.0,241.0
Training/Glioma/BT-MRI GL Train  (757).jpg,Glioma,224,224,RGB,8,3,0.0,229.0
Training/Glioma/BT-MRI GL Train  (655).jpg,Glioma,224,224,RGB,8,3,0.0,242.0
Training/Meningioma/BT-MRI  ME Train (1136).jpg,Meningioma,224,224,RGB,8,3,0.0,254.0
Training/Glioma/BT-MRI GL Train  (1208).jpg,Glioma,224,224,RGB,8,3,0.0,246.0
Training/Meningioma/BT-MRI  ME Train (111).jpg,Meningioma,224,224,RGB,8,3,0.0,255.0
Training/Pituitary/BT-MRI PI Train (569).jpg,Pituitary,224,224,RGB,8,3,0.0,224.0
Training/No-tumor/BT-MRI NO Train (1441).jpg,No-tumor,224,224,RGB,8,3,0.0,255.0
Testing/Meningioma/BT-MRI ME Test (155).jpg,Meningioma,224,224,RGB,8,3,0.0,232.0
Training/No-tumor/BT-MRI NO Train (351).jpg,No-tumor,224,224,RGB,8,3,0.0,174.0
Training/Pituitary/BT-MRI PI Train (109).jpg,Pituitary,224,224,RGB,8,3,0.0,232.0
Training/Pituitary/BT-MRI PI Train (935).jpg,Pituitary,224,224,RGB,8,3,0.0,254.0
Training/Glioma/BT-MRI GL Train  (910).jpg,Glioma,224,224,RGB,8,3,0.0,251.0
Training/Meningioma/BT-MRI  ME Train (1241).jpg,Meningioma,224,224,RGB,8,3,0.0,227.0
Training/Pituitary/BT-MRI PI Train (710).jpg,Pituitary,224,224,RGB,8,3,0.0,230.0
Training/No-tumor/BT-MRI NO Train (1239).jpg,No-tumor,224,224,RGB,8,3,0.0,255.0
Training/Glioma/BT-MRI GL Train  (473).jpg,Glioma,224,224,RGB,8,3,0.0,235.0
Training/Glioma/BT-MRI GL Train  (408).jpg,Glioma,224,224,RGB,8,3,0.0,226.0
Training/Pituitary/BT-MRI PI Train (954).jpg,Pituitary,224,224,RGB,8,3,0.0,246.0
Testing/Glioma/BT-MRI Test GL (115).jpg,Glioma,224,224,RGB,8,3,0.0,254.0
Training/Meningioma/BT-MRI  ME Train (271).jpg,Meningioma,224,224,RGB,8,3,0.0,234.0
Training/Pituitary/BT-MRI PI Train (1257).jpg,Pituitary,224,224,RGB,8,3,0.0,243.0
Training/Meningioma/BT-MRI  ME Train (187).jpg,Meningioma,224,224,RGB,8,3,0.0,255.0
Testing/Glioma/BT-MRI Test GL (270).jpg,Glioma,224,224,RGB,8,3,0.0,254.0
Training/Pituitary/BT-MRI PI Train (658).jpg,Pituitary,224,224,RGB,8,3,0.0,240.0
Testing/Pituitary/BT-MRI PI Test (232).jpg,Pituitary,224,224,RGB,8,3,0.0,242.0
Training/Meningioma/BT-MRI  ME Train (1049).jpg,Meningioma,224,224,RGB,8,3,0.0,254.0
Training/Pituitary/BT-MRI PI Train (1051).jpg,Pituitary,224,224,RGB,8,3,0.0,238.0
Training/Pituitary/BT-MRI PI Train (79).jpg,Pituitary,224,224,RGB,8,3,0.0,249.0
Testing/No-tumor/BT-MRI NO Test (310).jpg,No-tumor,224,224,RGB,8,3,0.0,251.0
Training/No-tumor/BT-MRI NO Train (1130).jpg,No-tumor,224,224,RGB,8,3,0.0,253.0
Training/Pituitary/BT-MRI PI Train (608).jpg,Pituitary,224,224,RGB,8,3,0.0,248.0
Training/Glioma/BT-MRI GL Train  (1094).jpg,Glioma,224,224,RGB,8,3,0.0,249.0
Training/No-tumor/BT-MRI NO Train (579).jpg,No-tumor,224,224,RGB,8,3,0.0,253.0
Testing/Glioma/BT-MRI Test GL (34).jpg,Glioma,224,224,RGB,8,3,0.0,233.0
Training/Pituitary/BT-MRI PI Train (719).jpg,Pituitary,224,224,RGB,8,3,0.0,251.0
Training/Glioma/BT-MRI GL Train  (1149).jpg,Glioma,224,224,RGB,8,3,0.0,246.0
Training/Glioma/BT-MRI GL Train  (546).jpg,Glioma,224,224,RGB,8,3,0.0,251.0
Testing/Pituitary/BT-MRI PI Test (250).jpg,Pituitary,224,224,RGB,8,3,0.0,243.0
Training/Pituitary/BT-MRI PI Train (1314).jpg,Pituitary,224,224,RGB,8,3,0.0,255.0
Training/Pituitary/BT-MRI PI Train (527).jpg,Pituitary,224,224,RGB,8,3,0.0,243.0
Testing/No-tumor/BT-MRI NO Test (249).jpg,No-tumor,224,224,RGB,8,3,0.0,255.0
Testing/Glioma/BT-MRI Test GL (164).jpg,Glioma,224,224,RGB,8,3,0.0,229.0
Training/Pituitary/BT-MRI PI Train (860).jpg,Pituitary,224,224,RGB,8,3,0.0,255.0
Training/Glioma/BT-MRI GL Train  (47).jpg,Glioma,224,224,RGB,8,3,0.0,219.0
Training/No-tumor/BT-MRI NO Train (1507).jpg,No-tumor,224,224,RGB,8,3,0.0,234.0
Training/Glioma/BT-MRI GL Train  (850).jpg,Glioma,224,224,RGB,8,3,0.0,243.0
Training/No-tumor/BT-MRI NO Train (485).jpg,No-tumor,224,224,RGB,8,3,0.0,255.0
Training/Pituitary/BT-MRI PI Train (1336).jpg,Pituitary,224,224,RGB,8,3,0.0,253.0
Testing/Glioma/BT-MRI Test GL (62).jpg,Glioma,224,224,RGB,8,3,0.0,232.0
Training/Meningioma/BT-MRI  ME Train (1320).jpg,Meningioma,224,224,RGB,8,3,0.0,251.0
Training/Pituitary/BT-MRI PI Train (61).jpg,Pituitary,224,224,RGB,8,3,0.0,238.0
Training/No-tumor/BT-MRI NO Train (572).jpg,No-tumor,224,224,RGB,8,3,0.0,255.0
Training/Pituitary/BT-MRI PI Train (706).jpg,Pituitary,224,224,RGB,8,3,0.0,239.0
Training/Meningioma/BT-MRI  ME Train (992).jpg,Meningioma,224,224,RGB,8,3,0.0,251.0
Testing/Glioma/BT-MRI Test GL (169).jpg,Glioma,224,224,RGB,8,3,0.0,250.0
Testing/No-tumor/BT-MRI NO Test (269).jpg,No-tumor,224,224,RGB,8,3,0.0,255.0
Training/Pituitary/BT-MRI PI Train (1052).jpg,Pituitary,224,224,RGB,8,3,0.0,244.0
Testing/No-tumor/BT-MRI NO Test (114).jpg,No-tumor,224,224,RGB,8,3,0.0,255.0
Training/Glioma/BT-MRI GL Train  (48).jpg,Glioma,224,224,RGB,8,3,0.0,225.0
Training/Pituitary/BT-MRI PI Train (153).jpg,Pituitary,224,224,RGB,8,3,0.0,245.0
Training/Glioma/BT-MRI GL Train  (472).jpg,Glioma,224,224,RGB,8,3,0.0,232.0
Testing/Meningioma/BT-MRI ME Test (128).jpg,Meningioma,224,224,RGB,8,3,0.0,255.0
Testing/Pituitary/BT-MRI PI Test (156).jpg,Pituitary,224,224,RGB,8,3,0.0,250.0
Testing/No-tumor/BT-MRI NO Test (147).jpg,No-tumor,224,224,RGB,8,3,0.0,255.0
Training/Meningioma/BT-MRI  ME Train (987).jpg,Meningioma,224,224,RGB,8,3,0.0,249.0
Training/No-tumor/BT-MRI NO Train (37).jpg,No-tumor,224,224,RGB,8,3,0.0,189.0
Testing/Pituitary/BT-MRI PI Test (86).jpg,Pituitary,224,224,RGB,8,3,0.0,247.0
Training/Glioma/BT-MRI GL Train  (550).jpg,Glioma,224,224,RGB,8,3,0.0,241.0
Training/Pituitary/BT-MRI PI Train (236).jpg,Pituitary,224,224,RGB,8,3,0.0,239.0
Training/No-tumor/BT-MRI NO Train (897).jpg,No-tumor,224,224,RGB,8,3,0.0,230.0
Training/No-tumor/BT-MRI NO Train (1560).jpg,No-tumor,224,224,RGB,8,3,0.0,255.0
Testing/Meningioma/BT-MRI ME Test (232).jpg,Meningioma,224,224,RGB,8,3,0.0,252.0
Training/No-tumor/BT-MRI NO Train (1023).jpg,No-tumor,224,224,RGB,8,3,0.0,232.0
Testing/Glioma/BT-MRI Test GL (264).jpg,Glioma,224,224,RGB,8,3,0.0,253.0
Training/No-tumor/BT-MRI NO Train (1021).jpg,No-tumor,224,224,RGB,8,3,0.0,255.0
Training/Glioma/BT-MRI GL Train  (568).jpg,Glioma,224,224,RGB,8,3,0.0,245.0
Testing/Pituitary/BT-MRI PI Test (140).jpg,Pituitary,224,224,RGB,8,3,0.0,236.0
Training/Glioma/BT-MRI GL Train  (81).jpg,Glioma,224,224,RGB,8,3,0.0,229.0
Testing/Meningioma/BT-MRI ME Test (290).jpg,Meningioma,224,224,RGB,8,3,0.0,250.0
Training/Meningioma/BT-MRI  ME Train (538).jpg,Meningioma,224,224,RGB,8,3,0.0,245.0
Training/Pituitary/BT-MRI PI Train (184).jpg,Pituitary,224,224,RGB,8,3,0.0,198.0
Testing/No-tumor/BT-MRI NO Test (320).jpg,No-tumor,224,224,RGB,8,3,0.0,255.0
Testing/No-tumor/BT-MRI NO Test (319).jpg,No-tumor,224,224,RGB,8,3,0.0,255.0
Training/Glioma/BT-MRI GL Train  (142).jpg,Glioma,224,224,RGB,8,3,0.0,192.0
Training/Pituitary/BT-MRI PI Train (670).jpg,Pituitary,224,224,RGB,8,3,0.0,235.0
Training/Glioma/BT-MRI GL Train  (512).jpg,Glioma,224,224,RGB,8,3,0.0,227.0
Training/No-tumor/BT-MRI NO Train (497).jpg,No-tumor,224,224,RGB,8,3,0.0,255.0
Training/Meningioma/BT-MRI  ME Train (102).jpg,Meningioma,224,224,RGB,8,3,0.0,246.0
Training/Glioma/BT-MRI GL Train  (80).jpg,Glioma,224,224,RGB,8,3,0.0,218.0
Training/Meningioma/BT-MRI  ME Train (1222).jpg,Meningioma,224,224,RGB,8,3,0.0,255.0
Training/No-tumor/BT-MRI NO Train (1455).jpg,No-tumor,224,224,RGB,8,3,0.0,255.0
Training/Pituitary/BT-MRI PI Train (1013).jpg,Pituitary,224,224,RGB,8,3,0.0,255.0
Training/Pituitary/BT-MRI PI Train (1204).jpg,Pituitary,224,224,RGB,8,3,0.0,235.0
Testing/Pituitary/BT-MRI PI Test (266).jpg,Pituitary,224,224,RGB,8,3,0.0,255.0
Training/Glioma/BT-MRI GL Train  (7).jpg,Glioma,224,224,RGB,8,3,0.0,228.0
Training/Meningioma/BT-MRI  ME Train (251).jpg,Meningioma,224,224,RGB,8,3,17.0,255.0
Training/No-tumor/BT-MRI NO Train (380).jpg,No-tumor,224,224,RGB,8,3,8.0,255.0
Testing/Meningioma/BT-MRI ME Test (220).jpg,Meningioma,224,224,RGB,8,3,0.0,240.0
Training/No-tumor/BT-MRI NO Train (867).jpg,No-tumor,224,224,RGB,8,3,0.0,255.0
Training/Glioma/BT-MRI GL Train  (405).jpg,Glioma,224,224,RGB,8,3,0.0,229.0
Training/Meningioma/BT-MRI  ME Train (1295).jpg,Meningioma,224,224,RGB,8,3,0.0,236.0
Training/Pituitary/BT-MRI PI Train (1108).jpg,Pituitary,224,224,RGB,8,3,0.0,231.0
Training/Meningioma/BT-MRI  ME Train (934).jpg,Meningioma,224,224,RGB,8,3,0.0,250.0
Training/Meningioma/BT-MRI  ME Train (418).jpg,Meningioma,224,224,RGB,8,3,0.0,250.0
Testing/Pituitary/BT-MRI PI Test (160).jpg,Pituitary,224,224,RGB,8,3,0.0,223.0
Training/Pituitary/BT-MRI PI Train (352).jpg,Pituitary,224,224,RGB,8,3,0.0,251.0
Testing/No-tumor/BT-MRI NO Test (392).jpg,No-tumor,224,224,RGB,8,3,0.0,255.0
Training/Pituitary/BT-MRI PI Train (663).jpg,Pituitary,224,224,RGB,8,3,0.0,255.0
Training/Meningioma/BT-MRI  ME Train (1180).jpg,Meningioma,224,224,RGB,8,3,0.0,242.0
Testing/No-tumor/BT-MRI NO Test (174).jpg,No-tumor,224,224,RGB,8,3,0.0,255.0
Training/Glioma/BT-MRI GL Train  (1252).jpg,Glioma,224,224,RGB,8,3,0.0,252.0
Training/Meningioma/BT-MRI  ME Train (306).jpg,Meningioma,224,224,RGB,8,3,0.0,252.0
Training/Pituitary/BT-MRI PI Train (1323).jpg,Pituitary,224,224,RGB,8,3,0.0,255.0
Training/Glioma/BT-MRI GL Train  (819).jpg,Glioma,224,224,RGB,8,3,0.0,237.0
Training/Meningioma/BT-MRI  ME Train (513).jpg,Meningioma,224,224,RGB,8,3,0.0,247.0
Training/Pituitary/BT-MRI PI Train (136).jpg,Pituitary,224,224,RGB,8,3,0.0,245.0
Training/No-tumor/BT-MRI NO Train (1306).jpg,No-tumor,224,224,RGB,8,3,0.0,255.0
Testing/No-tumor/BT-MRI NO Test (291).jpg,No-tumor,224,224,RGB,8,3,0.0,255.0
Training/Glioma/BT-MRI GL Train  (681).jpg,Glioma,224,224,RGB,8,3,0.0,246.0
Training/Pituitary/BT-MRI PI Train (1083).jpg,Pituitary,224,224,RGB,8,3,0.0,207.0
Training/Glioma/BT-MRI GL Train  (102).jpg,Glioma,224,224,RGB,8,3,0.0,255.0
Training/Glioma/BT-MRI GL Train  (1238).jpg,Glioma,224,224,RGB,8,3,0.0,254.0
Training/Pituitary/BT-MRI PI Train (125).jpg,Pituitary,224,224,RGB,8,3,0.0,244.0
Training/No-tumor/BT-MRI NO Train (938).jpg,No-tumor,224,224,RGB,8,3,0.0,255.0
Training/No-tumor/BT-MRI NO Train (1362).jpg,No-tumor,224,224,RGB,8,3,0.0,255.0
Training/No-tumor/BT-MRI NO Train (1293).jpg,No-tumor,224,224,RGB,8,3,0.0,255.0
Testing/Pituitary/BT-MRI PI Test (195).jpg,Pituitary,224,224,RGB,8,3,0.0,250.0
Training/No-tumor/BT-MRI NO Train (450).jpg,No-tumor,224,224,RGB,8,3,0.0,255.0
Training/Pituitary/BT-MRI PI Train (1278).jpg,Pituitary,224,224,RGB,8,3,0.0,241.0
Training/Pituitary/BT-MRI PI Train (367).jpg,Pituitary,224,224,RGB,8,3,0.0,237.0
Training/No-tumor/BT-MRI NO Train (393).jpg,No-tumor,224,224,RGB,8,3,0.0,255.0
Training/Pituitary/BT-MRI PI Train (242).jpg,Pituitary,224,224,RGB,8,3,0.0,255.0
Training/Pituitary/BT-MRI PI Train (1177).jpg,Pituitary,224,224,RGB,8,3,0.0,232.0
Training/Pituitary/BT-MRI PI Train (456).jpg,Pituitary,224,224,RGB,8,3,0.0,255.0
Training/Glioma/BT-MRI GL Train  (1109).jpg,Glioma,224,224,RGB,8,3,0.0,247.0
Training/Pituitary/BT-MRI PI Train (484).jpg,Pituitary,224,224,RGB,8,3,0.0,248.0
Training/Meningioma/BT-MRI  ME Train (787).jpg,Meningioma,224,224,RGB,8,3,0.0,239.0
Training/Meningioma/BT-MRI  ME Train (1288).jpg,Meningioma,224,224,RGB,8,3,0.0,242.0
Training/Pituitary/BT-MRI PI Train (596).jpg,Pituitary,224,224,RGB,8,3,0.0,250.0
Testing/Glioma/BT-MRI Test GL (101).jpg,Glioma,224,224,RGB,8,3,0.0,238.0
Training/No-tumor/BT-MRI NO Train (942).jpg,No-tumor,224,224,RGB,8,3,0.0,255.0
Training/No-tumor/BT-MRI NO Train (63).jpg,No-tumor,224,224,RGB,8,3,0.0,255.0
Training/No-tumor/BT-MRI NO Train (598).jpg,No-tumor,224,224,RGB,8,3,0.0,233.0
Testing/Glioma/BT-MRI Test GL (82).jpg,Glioma,224,224,RGB,8,3,0.0,239.0
Training/Glioma/BT-MRI GL Train  (1009).jpg,Glioma,224,224,RGB,8,3,0.0,236.0
Training/Pituitary/BT-MRI PI Train (749).jpg,Pituitary,224,224,RGB,8,3,0.0,238.0
Training/No-tumor/BT-MRI NO Train (185).jpg,No-tumor,224,224,RGB,8,3,0.0,248.0
Training/No-tumor/BT-MRI NO Train (386).jpg,No-tumor,224,224,RGB,8,3,0.0,255.0
Training/No-tumor/BT-MRI NO Train (989).jpg,No-tumor,224,224,RGB,8,3,0.0,255.0
Testing/Glioma/BT-MRI Test GL (133).jpg,Glioma,224,224,RGB,8,3,0.0,215.0
Training/Pituitary/BT-MRI PI Train (800).jpg,Pituitary,224,224,RGB,8,3,0.0,231.0
Training/Pituitary/BT-MRI PI Train (1442).jpg,Pituitary,224,224,RGB,8,3,0.0,238.0
Training/Meningioma/BT-MRI  ME Train (699).jpg,Meningioma,224,224,RGB,8,3,0.0,251.0
Training/No-tumor/BT-MRI NO Train (36).jpg,No-tumor,224,224,RGB,8,3,0.0,196.0
Training/Glioma/BT-MRI GL Train  (985).jpg,Glioma,224,224,RGB,8,3,0.0,239.0
Training/Meningioma/BT-MRI  ME Train (529).jpg,Meningioma,224,224,RGB,8,3,0.0,249.0
Training/Pituitary/BT-MRI PI Train (424).jpg,Pituitary,224,224,RGB,8,3,0.0,234.0
Training/Pituitary/BT-MRI PI Train (554).jpg,Pituitary,224,224,RGB,8,3,0.0,234.0
Training/Glioma/BT-MRI GL Train  (683).jpg,Glioma,224,224,RGB,8,3,0.0,254.0
Training/Glioma/BT-MRI GL Train  (225).jpg,Glioma,224,224,RGB,8,3,0.0,213.0
Training/Pituitary/BT-MRI PI Train (1064).jpg,Pituitary,224,224,RGB,8,3,0.0,250.0
Training/Glioma/BT-MRI GL Train  (623).jpg,Glioma,224,224,RGB,8,3,0.0,244.0
Training/Glioma/BT-MRI GL Train  (883).jpg,Glioma,224,224,RGB,8,3,0.0,230.0
Training/No-tumor/BT-MRI NO Train (1047).jpg,No-tumor,224,224,RGB,8,3,0.0,255.0
Training/Pituitary/BT-MRI PI Train (415).jpg,Pituitary,224,224,RGB,8,3,0.0,249.0
Training/Meningioma/BT-MRI  ME Train (190).jpg,Meningioma,224,224,RGB,8,3,0.0,255.0
Training/Meningioma/BT-MRI  ME Train (1144).jpg,Meningioma,224,224,RGB,8,3,0.0,247.0
Training/Glioma/BT-MRI GL Train  (1260).jpg,Glioma,224,224,RGB,8,3,0.0,251.0
Training/Meningioma/BT-MRI  ME Train (281).jpg,Meningioma,224,224,RGB,8,3,0.0,244.0
Training/No-tumor/BT-MRI NO Train (1141).jpg,No-tumor,224,224,RGB,8,3,0.0,255.0
Testing/Glioma/BT-MRI Test GL (81).jpg,Glioma,224,224,RGB,8,3,0.0,239.0
Training/Pituitary/BT-MRI PI Train (741).jpg,Pituitary,224,224,RGB,8,3,0.0,249.0
Training/Glioma/BT-MRI GL Train  (586).jpg,Glioma,224,224,RGB,8,3,0.0,238.0
Training/No-tumor/BT-MRI NO Train (189).jpg,No-tumor,224,224,RGB,8,3,0.0,252.0
Training/Glioma/BT-MRI GL Train  (284).jpg,Glioma,224,224,RGB,8,3,0.0,246.0
Training/Glioma/BT-MRI GL Train  (429).jpg,Glioma,224,224,RGB,8,3,0.0,255.0
Training/Pituitary/BT-MRI PI Train (600).jpg,Pituitary,224,224,RGB,8,3,0.0,247.0
Testing/Meningioma/BT-MRI ME Test (24).jpg,Meningioma,224,224,RGB,8,3,0.0,255.0
Training/Meningioma/BT-MRI  ME Train (526).jpg,Meningioma,224,224,RGB,8,3,0.0,255.0
Testing/Pituitary/BT-MRI PI Test (21).jpg,Pituitary,224,224,RGB,8,3,0.0,242.0
Training/No-tumor/BT-MRI NO Train (1075).jpg,No-tumor,224,224,RGB,8,3,0.0,242.0
Training/Glioma/BT-MRI GL Train  (364).jpg,Glioma,224,224,RGB,8,3,0.0,236.0
Testing/Pituitary/BT-MRI PI Test (177).jpg,Pituitary,224,224,RGB,8,3,0.0,236.0
Training/No-tumor/BT-MRI NO Train (634).jpg,No-tumor,224,224,RGB,8,3,0.0,234.0
Training/Pituitary/BT-MRI PI Train (1069).jpg,Pituitary,224,224,RGB,8,3,0.0,238.0
Training/No-tumor/BT-MRI NO Train (1185).jpg,No-tumor,224,224,RGB,8,3,0.0,255.0
Training/Meningioma/BT-MRI  ME Train (133).jpg,Meningioma,224,224,RGB,8,3,0.0,233.0
Training/Meningioma/BT-MRI  ME Train (1217).jpg,Meningioma,224,224,RGB,8,3,0.0,249.0
Testing/Glioma/BT-MRI Test GL (271).jpg,Glioma,224,224,RGB,8,3,0.0,246.0
Training/Pituitary/BT-MRI PI Train (1452).jpg,Pituitary,224,224,RGB,8,3,0.0,244.0
Training/Pituitary/BT-MRI PI Train (847).jpg,Pituitary,224,224,RGB,8,3,0.0,249.0
Testing/No-tumor/BT-MRI NO Test (96).jpg,No-tumor,224,224,RGB,8,3,0.0,255.0
Training/Glioma/BT-MRI GL Train  (416).jpg,Glioma,224,224,RGB,8,3,0.0,242.0
Training/No-tumor/BT-MRI NO Train (817).jpg,No-tumor,224,224,RGB,8,3,0.0,255.0
Training/Pituitary/BT-MRI PI Train (275).jpg,Pituitary,224,224,RGB,8,3,0.0,239.0
Training/Pituitary/BT-MRI PI Train (1168).jpg,Pituitary,224,224,RGB,8,3,0.0,244.0
Training/Pituitary/BT-MRI PI Train (1246).jpg,Pituitary,224,224,RGB,8,3,0.0,255.0
Training/No-tumor/BT-MRI NO Train (917).jpg,No-tumor,224,224,RGB,8,3,0.0,252.0
Training/Pituitary/BT-MRI PI Train (157).jpg,Pituitary,224,224,RGB,8,3,0.0,240.0
Training/No-tumor/BT-MRI NO Train (877).jpg,No-tumor,224,224,RGB,8,3,0.0,255.0
Training/Glioma/BT-MRI GL Train  (514).jpg,Glioma,224,224,RGB,8,3,0.0,228.0
Training/Pituitary/BT-MRI PI Train (1097).jpg,Pituitary,224,224,RGB,8,3,0.0,229.0
Training/No-tumor/BT-MRI NO Train (1447).jpg,No-tumor,224,224,RGB,8,3,0.0,241.0
Training/Meningioma/BT-MRI  ME Train (197).jpg,Meningioma,224,224,RGB,8,3,0.0,179.0
Training/Glioma/BT-MRI GL Train  (714).jpg,Glioma,224,224,RGB,8,3,0.0,245.0
Training/Meningioma/BT-MRI  ME Train (1262).jpg,Meningioma,224,224,RGB,8,3,0.0,250.0
Training/Pituitary/BT-MRI PI Train (189).jpg,Pituitary,224,224,RGB,8,3,0.0,236.0
Training/No-tumor/BT-MRI NO Train (710).jpg,No-tumor,224,224,RGB,8,3,0.0,255.0
Training/No-tumor/BT-MRI NO Train (1115).jpg,No-tumor,224,224,RGB,8,3,0.0,255.0
Training/Glioma/BT-MRI GL Train  (691).jpg,Glioma,224,224,RGB,8,3,0.0,245.0
Testing/Glioma/BT-MRI Test GL (295).jpg,Glioma,224,224,RGB,8,3,0.0,203.0
Training/No-tumor/BT-MRI NO Train (720).jpg,No-tumor,224,224,RGB,8,3,0.0,242.0
Testing/Pituitary/BT-MRI PI Test (108).jpg,Pituitary,224,224,RGB,8,3,0.0,255.0
Training/Glioma/BT-MRI GL Train  (822).jpg,Glioma,224,224,RGB,8,3,0.0,247.0
Training/No-tumor/BT-MRI NO Train (688).jpg,No-tumor,224,224,RGB,8,3,0.0,255.0
Training/No-tumor/BT-MRI NO Train (1334).jpg,No-tumor,224,224,RGB,8,3,0.0,255.0
Training/Meningioma/BT-MRI  ME Train (704).jpg,Meningioma,224,224,RGB,8,3,0.0,248.0
Testing/No-tumor/BT-MRI NO Test (251).jpg,No-tumor,224,224,RGB,8,3,0.0,255.0
Training/Glioma/BT-MRI GL Train  (325).jpg,Glioma,224,224,RGB,8,3,0.0,225.0
Training/No-tumor/BT-MRI NO Train (1305).jpg,No-tumor,224,224,RGB,8,3,0.0,255.0
Training/Pituitary/BT-MRI PI Train (747).jpg,Pituitary,224,224,RGB,8,3,0.0,229.0
Training/Pituitary/BT-MRI PI Train (910).jpg,Pituitary,224,224,RGB,8,3,0.0,236.0
Training/Pituitary/BT-MRI PI Train (948).jpg,Pituitary,224,224,RGB,8,3,0.0,238.0
Training/Pituitary/BT-MRI PI Train (481).jpg,Pituitary,224,224,RGB,8,3,0.0,250.0
Training/Pituitary/BT-MRI PI Train (228).jpg,Pituitary,224,224,RGB,8,3,0.0,245.0
Training/Meningioma/BT-MRI  ME Train (1207).jpg,Meningioma,224,224,RGB,8,3,0.0,253.0
Training/Meningioma/BT-MRI  ME Train (821).jpg,Meningioma,224,224,RGB,8,3,0.0,254.0
Testing/No-tumor/BT-MRI NO Test (353).jpg,No-tumor,224,224,RGB,8,3,0.0,246.0
Testing/Glioma/BT-MRI Test GL (289).jpg,Glioma,224,224,RGB,8,3,0.0,226.0
Training/Meningioma/BT-MRI  ME Train (362).jpg,Meningioma,224,224,RGB,8,3,0.0,235.0
Training/Pituitary/BT-MRI PI Train (695).jpg,Pituitary,224,224,RGB,8,3,0.0,246.0
Testing/Pituitary/BT-MRI PI Test (245).jpg,Pituitary,224,224,RGB,8,3,0.0,248.0
Training/Meningioma/BT-MRI  ME Train (517).jpg,Meningioma,224,224,RGB,8,3,0.0,246.0
Training/Pituitary/BT-MRI PI Train (131).jpg,Pituitary,224,224,RGB,8,3,0.0,242.0
Training/No-tumor/BT-MRI NO Train (1555).jpg,No-tumor,224,224,RGB,8,3,0.0,255.0
Training/Pituitary/BT-MRI PI Train (1332).jpg,Pituitary,224,224,RGB,8,3,0.0,238.0
Training/Glioma/BT-MRI GL Train  (781).jpg,Glioma,224,224,RGB,8,3,0.0,223.0
Training/Pituitary/BT-MRI PI Train (1021).jpg,Pituitary,224,224,RGB,8,3,0.0,234.0
Training/Meningioma/BT-MRI  ME Train (217).jpg,Meningioma,224,224,RGB,8,3,0.0,255.0
Training/No-tumor/BT-MRI NO Train (297).jpg,No-tumor,224,224,RGB,8,3,0.0,255.0
Training/Pituitary/BT-MRI PI Train (890).jpg,Pituitary,224,224,RGB,8,3,0.0,253.0
Training/Meningioma/BT-MRI  ME Train (1106).jpg,Meningioma,224,224,RGB,8,3,0.0,255.0
Training/No-tumor/BT-MRI NO Train (703).jpg,No-tumor,224,224,RGB,8,3,0.0,235.0
Training/Glioma/BT-MRI GL Train  (535).jpg,Glioma,224,224,RGB,8,3,0.0,243.0
Training/Meningioma/BT-MRI  ME Train (1041).jpg,Meningioma,224,224,RGB,8,3,0.0,255.0
Testing/Pituitary/BT-MRI PI Test (153).jpg,Pituitary,224,224,RGB,8,3,0.0,239.0
Training/No-tumor/BT-MRI NO Train (1449).jpg,No-tumor,224,224,RGB,8,3,0.0,255.0
Training/Glioma/BT-MRI GL Train  (647).jpg,Glioma,224,224,RGB,8,3,0.0,255.0
Training/Glioma/BT-MRI GL Train  (489).jpg,Glioma,224,224,RGB,8,3,0.0,231.0
Training/Pituitary/BT-MRI PI Train (865).jpg,Pituitary,224,224,RGB,8,3,0.0,255.0
Training/Glioma/BT-MRI GL Train  (96).jpg,Glioma,224,224,RGB,8,3,0.0,233.0
Training/Glioma/BT-MRI GL Train  (85).jpg,Glioma,224,224,RGB,8,3,0.0,246.0
Training/Glioma/BT-MRI GL Train  (1209).jpg,Glioma,224,224,RGB,8,3,0.0,242.0
Training/No-tumor/BT-MRI NO Train (871).jpg,No-tumor,224,224,RGB,8,3,0.0,255.0
Training/No-tumor/BT-MRI NO Train (132).jpg,No-tumor,224,224,RGB,8,3,0.0,255.0
Training/Pituitary/BT-MRI PI Train (301).jpg,Pituitary,224,224,RGB,8,3,0.0,249.0
Testing/Glioma/BT-MRI Test GL (87).jpg,Glioma,224,224,RGB,8,3,0.0,239.0
Training/Meningioma/BT-MRI  ME Train (1123).jpg,Meningioma,224,224,RGB,8,3,0.0,255.0
Training/Pituitary/BT-MRI PI Train (1164).jpg,Pituitary,224,224,RGB,8,3,0.0,239.0
Training/Pituitary/BT-MRI PI Train (1431).jpg,Pituitary,224,224,RGB,8,3,0.0,255.0
Training/Glioma/BT-MRI GL Train  (902).jpg,Glioma,224,224,RGB,8,3,0.0,233.0
Training/Glioma/BT-MRI GL Train  (1197).jpg,Glioma,224,224,RGB,8,3,0.0,225.0
Training/Pituitary/BT-MRI PI Train (1147).jpg,Pituitary,224,224,RGB,8,3,0.0,255.0
Training/Meningioma/BT-MRI  ME Train (857).jpg,Meningioma,224,224,RGB,8,3,0.0,229.0
Testing/Pituitary/BT-MRI PI Test (13).jpg,Pituitary,224,224,RGB,8,3,0.0,236.0
Training/Glioma/BT-MRI GL Train  (920).jpg,Glioma,224,224,RGB,8,3,0.0,203.0
Training/Glioma/BT-MRI GL Train  (1064).jpg,Glioma,224,224,RGB,8,3,0.0,233.0
Training/Pituitary/BT-MRI PI Train (1060).jpg,Pituitary,224,224,RGB,8,3,0.0,235.0
Training/Glioma/BT-MRI GL Train  (263).jpg,Glioma,224,224,RGB,8,3,0.0,255.0
Training/Glioma/BT-MRI GL Train  (240).jpg,Glioma,224,224,RGB,8,3,0.0,253.0
Training/Pituitary/BT-MRI PI Train (1208).jpg,Pituitary,224,224,RGB,8,3,0.0,255.0
Training/Glioma/BT-MRI GL Train  (789).jpg,Glioma,224,224,RGB,8,3,0.0,232.0
Training/Pituitary/BT-MRI PI Train (589).jpg,Pituitary,224,224,RGB,8,3,0.0,245.0
Training/Glioma/BT-MRI GL Train  (877).jpg,Glioma,224,224,RGB,8,3,0.0,248.0
Training/Meningioma/BT-MRI  ME Train (848).jpg,Meningioma,224,224,RGB,8,3,0.0,235.0
Training/Pituitary/BT-MRI PI Train (1047).jpg,Pituitary,224,224,RGB,8,3,0.0,244.0
Training/No-tumor/BT-MRI NO Train (686).jpg,No-tumor,224,224,RGB,8,3,0.0,255.0
Training/No-tumor/BT-MRI NO Train (902).jpg,No-tumor,224,224,RGB,8,3,0.0,255.0
Training/Glioma/BT-MRI GL Train  (608).jpg,Glioma,224,224,RGB,8,3,0.0,236.0
Training/No-tumor/BT-MRI NO Train (1006).jpg,No-tumor,224,224,RGB,8,3,0.0,255.0
Testing/No-tumor/BT-MRI NO Test (330).jpg,No-tumor,224,224,RGB,8,3,0.0,255.0
Training/Glioma/BT-MRI GL Train  (758).jpg,Glioma,224,224,RGB,8,3,0.0,240.0
Training/No-tumor/BT-MRI NO Train (1090).jpg,No-tumor,224,224,RGB,8,3,0.0,240.0
Training/No-tumor/BT-MRI NO Train (1229).jpg,No-tumor,224,224,RGB,8,3,0.0,255.0
Training/Pituitary/BT-MRI PI Train (558).jpg,Pituitary,224,224,RGB,8,3,0.0,243.0
Training/Glioma/BT-MRI GL Train  (662).jpg,Glioma,224,224,RGB,8,3,0.0,236.0
Training/Glioma/BT-MRI GL Train  (359).jpg,Glioma,224,224,RGB,8,3,0.0,238.0
Testing/Glioma/BT-MRI Test GL (251).jpg,Glioma,224,224,RGB,8,3,0.0,226.0
Training/Meningioma/BT-MRI  ME Train (205).jpg,Meningioma,224,224,RGB,8,3,0.0,255.0
Training/Glioma/BT-MRI GL Train  (1).jpg,Glioma,224,224,RGB,8,3,0.0,241.0
Training/Glioma/BT-MRI GL Train  (134).jpg,Glioma,224,224,RGB,8,3,0.0,249.0
Training/Meningioma/BT-MRI  ME Train (21).jpg,Meningioma,224,224,RGB,8,3,0.0,231.0
Training/Pituitary/BT-MRI PI Train (17).jpg,Pituitary,224,224,RGB,8,3,0.0,235.0
Training/No-tumor/BT-MRI NO Train (1379).jpg,No-tumor,224,224,RGB,8,3,0.0,255.0
Training/Meningioma/BT-MRI  ME Train (464).jpg,Meningioma,224,224,RGB,8,3,0.0,255.0
Training/Pituitary/BT-MRI PI Train (58).jpg,Pituitary,224,224,RGB,8,3,0.0,240.0
Training/Meningioma/BT-MRI  ME Train (1331).jpg,Meningioma,224,224,RGB,8,3,0.0,247.0
Training/Meningioma/BT-MRI  ME Train (509).jpg,Meningioma,224,224,RGB,8,3,0.0,244.0
Training/No-tumor/BT-MRI NO Train (425).jpg,No-tumor,224,224,RGB,8,3,0.0,226.0
Training/Meningioma/BT-MRI  ME Train (861).jpg,Meningioma,224,224,RGB,8,3,0.0,243.0
Training/Glioma/BT-MRI GL Train  (77).jpg,Glioma,224,224,RGB,8,3,0.0,245.0
Training/Meningioma/BT-MRI  ME Train (775).jpg,Meningioma,224,224,RGB,8,3,0.0,253.0
Training/Pituitary/BT-MRI PI Train (418).jpg,Pituitary,224,224,RGB,8,3,0.0,249.0
Training/No-tumor/BT-MRI NO Train (1011).jpg,No-tumor,224,224,RGB,8,3,0.0,219.0
Training/Meningioma/BT-MRI  ME Train (508).jpg,Meningioma,224,224,RGB,8,3,0.0,255.0
Training/No-tumor/BT-MRI NO Train (352).jpg,No-tumor,224,224,RGB,8,3,0.0,255.0
Testing/Glioma/BT-MRI Test GL (52).jpg,Glioma,224,224,RGB,8,3,0.0,249.0
Training/No-tumor/BT-MRI NO Train (870).jpg,No-tumor,224,224,RGB,8,3,0.0,255.0
Testing/Pituitary/BT-MRI PI Test (6).jpg,Pituitary,224,224,RGB,8,3,0.0,238.0
Training/Meningioma/BT-MRI  ME Train (380).jpg,Meningioma,224,224,RGB,8,3,0.0,252.0
Training/Pituitary/BT-MRI PI Train (355).jpg,Pituitary,224,224,RGB,8,3,0.0,248.0
Training/Pituitary/BT-MRI PI Train (112).jpg,Pituitary,224,224,RGB,8,3,0.0,254.0
Testing/Meningioma/BT-MRI ME Test (110).jpg,Meningioma,224,224,RGB,8,3,0.0,221.0
Training/No-tumor/BT-MRI NO Train (1018).jpg,No-tumor,224,224,RGB,8,3,0.0,255.0
Training/Meningioma/BT-MRI  ME Train (1234).jpg,Meningioma,224,224,RGB,8,3,0.0,248.0
Training/Pituitary/BT-MRI PI Train (1166).jpg,Pituitary,224,224,RGB,8,3,0.0,246.0
Training/No-tumor/BT-MRI NO Train (577).jpg,No-tumor,224,224,RGB,8,3,0.0,251.0
Testing/No-tumor/BT-MRI NO Test (323).jpg,No-tumor,224,224,RGB,8,3,0.0,255.0
Training/Glioma/BT-MRI GL Train  (318).jpg,Glioma,224,224,RGB,8,3,0.0,232.0
Testing/Pituitary/BT-MRI PI Test (269).jpg,Pituitary,224,224,RGB,8,3,0.0,231.0
Training/Pituitary/BT-MRI PI Train (239).jpg,Pituitary,224,224,RGB,8,3,0.0,255.0
Training/Pituitary/BT-MRI PI Train (1272).jpg,Pituitary,224,224,RGB,8,3,0.0,233.0
Training/Pituitary/BT-MRI PI Train (512).jpg,Pituitary,224,224,RGB,8,3,0.0,235.0
Training/Pituitary/BT-MRI PI Train (826).jpg,Pituitary,224,224,RGB,8,3,0.0,236.0
Training/Glioma/BT-MRI GL Train  (796).jpg,Glioma,224,224,RGB,8,3,0.0,225.0
Training/No-tumor/BT-MRI NO Train (630).jpg,No-tumor,224,224,RGB,8,3,0.0,255.0
Training/Glioma/BT-MRI GL Train  (745).jpg,Glioma,224,224,RGB,8,3,0.0,213.0
Training/Pituitary/BT-MRI PI Train (1162).jpg,Pituitary,224,224,RGB,8,3,0.0,252.0
Training/Pituitary/BT-MRI PI Train (1399).jpg,Pituitary,224,224,RGB,8,3,0.0,254.0
Training/No-tumor/BT-MRI NO Train (1252).jpg,No-tumor,224,224,RGB,8,3,0.0,255.0
Training/Meningioma/BT-MRI  ME Train (1315).jpg,Meningioma,224,224,RGB,8,3,0.0,255.0
Training/Meningioma/BT-MRI  ME Train (4).jpg,Meningioma,224,224,RGB,8,3,0.0,228.0
Training/Meningioma/BT-MRI  ME Train (201).jpg,Meningioma,224,224,RGB,8,3,0.0,255.0
Testing/No-tumor/BT-MRI NO Test (121).jpg,No-tumor,224,224,RGB,8,3,0.0,244.0
Training/Glioma/BT-MRI GL Train  (278).jpg,Glioma,224,224,RGB,8,3,0.0,211.0
Training/Glioma/BT-MRI GL Train  (270).jpg,Glioma,224,224,RGB,8,3,0.0,224.0
Training/Meningioma/BT-MRI  ME Train (670).jpg,Meningioma,224,224,RGB,8,3,0.0,253.0
Training/No-tumor/BT-MRI NO Train (764).jpg,No-tumor,224,224,RGB,8,3,0.0,255.0
Testing/Pituitary/BT-MRI PI Test (268).jpg,Pituitary,224,224,RGB,8,3,0.0,249.0
Training/Glioma/BT-MRI GL Train  (729).jpg,Glioma,224,224,RGB,8,3,0.0,228.0
Training/No-tumor/BT-MRI NO Train (456).jpg,No-tumor,224,224,RGB,8,3,0.0,255.0
Testing/No-tumor/BT-MRI NO Test (204).jpg,No-tumor,224,224,RGB,8,3,0.0,236.0
Testing/No-tumor/BT-MRI NO Test (248).jpg,No-tumor,224,224,RGB,8,3,0.0,255.0
Training/No-tumor/BT-MRI NO Train (1093).jpg,No-tumor,224,224,RGB,8,3,0.0,255.0
Testing/Meningioma/BT-MRI ME Test (149).jpg,Meningioma,224,224,RGB,8,3,0.0,243.0
Training/Pituitary/BT-MRI PI Train (43).jpg,Pituitary,224,224,RGB,8,3,0.0,247.0
Training/No-tumor/BT-MRI NO Train (687).jpg,No-tumor,224,224,RGB,8,3,0.0,240.0
Training/Meningioma/BT-MRI  ME Train (720).jpg,Meningioma,224,224,RGB,8,3,0.0,247.0
Training/Pituitary/BT-MRI PI Train (707).jpg,Pituitary,224,224,RGB,8,3,0.0,229.0
Testing/Pituitary/BT-MRI PI Test (98).jpg,Pituitary,224,224,RGB,8,3,0.0,255.0
Training/No-tumor/BT-MRI NO Train (561).jpg,No-tumor,224,224,RGB,8,3,0.0,255.0
Training/Meningioma/BT-MRI  ME Train (805).jpg,Meningioma,224,224,RGB,8,3,0.0,241.0
Training/Glioma/BT-MRI GL Train  (823).jpg,Glioma,224,224,RGB,8,3,0.0,245.0
Testing/Glioma/BT-MRI Test GL (109).jpg,Glioma,224,224,RGB,8,3,0.0,247.0
Training/Meningioma/BT-MRI  ME Train (846).jpg,Meningioma,224,224,RGB,8,3,0.0,247.0
Training/Glioma/BT-MRI GL Train  (975).jpg,Glioma,224,224,RGB,8,3,0.0,236.0
Training/Meningioma/BT-MRI  ME Train (773).jpg,Meningioma,224,224,RGB,8,3,0.0,236.0
Training/No-tumor/BT-MRI NO Train (1131).jpg,No-tumor,224,224,RGB,8,3,0.0,255.0
Training/Meningioma/BT-MRI  ME Train (977).jpg,Meningioma,224,224,RGB,8,3,0.0,238.0
Training/Pituitary/BT-MRI PI Train (448).jpg,Pituitary,224,224,RGB,8,3,0.0,253.0
Training/Pituitary/BT-MRI PI Train (1321).jpg,Pituitary,224,224,RGB,8,3,0.0,247.0
Training/Pituitary/BT-MRI PI Train (1447).jpg,Pituitary,224,224,RGB,8,3,0.0,229.0
Training/Pituitary/BT-MRI PI Train (1365).jpg,Pituitary,224,224,RGB,8,3,0.0,236.0
Testing/Glioma/BT-MRI Test GL (224).jpg,Glioma,224,224,RGB,8,3,0.0,238.0
Training/Meningioma/BT-MRI  ME Train (1275).jpg,Meningioma,224,224,RGB,8,3,0.0,239.0
Testing/Glioma/BT-MRI Test GL (99).jpg,Glioma,224,224,RGB,8,3,0.0,205.0
Training/Glioma/BT-MRI GL Train  (43).jpg,Glioma,224,224,RGB,8,3,0.0,229.0
Training/No-tumor/BT-MRI NO Train (750).jpg,No-tumor,224,224,RGB,8,3,0.0,238.0
Training/Pituitary/BT-MRI PI Train (685).jpg,Pituitary,224,224,RGB,8,3,0.0,218.0
Training/No-tumor/BT-MRI NO Train (1137).jpg,No-tumor,224,224,RGB,8,3,6.0,254.0
Training/Pituitary/BT-MRI PI Train (430).jpg,Pituitary,224,224,RGB,8,3,0.0,229.0
Training/No-tumor/BT-MRI NO Train (717).jpg,No-tumor,224,224,RGB,8,3,0.0,253.0
Training/Glioma/BT-MRI GL Train  (17).jpg,Glioma,224,224,RGB,8,3,0.0,236.0
Training/Meningioma/BT-MRI  ME Train (314).jpg,Meningioma,224,224,RGB,8,3,0.0,255.0
Training/Pituitary/BT-MRI PI Train (1244).jpg,Pituitary,224,224,RGB,8,3,0.0,240.0
Training/Meningioma/BT-MRI  ME Train (991).jpg,Meningioma,224,224,RGB,8,3,0.0,255.0
Training/Pituitary/BT-MRI PI Train (940).jpg,Pituitary,224,224,RGB,8,3,0.0,244.0
Training/Pituitary/BT-MRI PI Train (429).jpg,Pituitary,224,224,RGB,8,3,0.0,245.0
Training/No-tumor/BT-MRI NO Train (516).jpg,No-tumor,224,224,RGB,8,3,0.0,255.0
Testing/Meningioma/BT-MRI ME Test (158).jpg,Meningioma,224,224,RGB,8,3,0.0,253.0
Training/No-tumor/BT-MRI NO Train (442).jpg,No-tumor,224,224,RGB,8,3,0.0,255.0
Training/No-tumor/BT-MRI NO Train (1471).jpg,No-tumor,224,224,RGB,8,3,0.0,255.0
Training/Glioma/BT-MRI GL Train  (644).jpg,Glioma,224,224,RGB,8,3,0.0,246.0
Training/Meningioma/BT-MRI  ME Train (1276).jpg,Meningioma,224,224,RGB,8,3,0.0,248.0
Training/Pituitary/BT-MRI PI Train (245).jpg,Pituitary,224,224,RGB,8,3,0.0,248.0
Training/Glioma/BT-MRI GL Train  (249).jpg,Glioma,224,224,RGB,8,3,0.0,226.0
Testing/Pituitary/BT-MRI PI Test (85).jpg,Pituitary,224,224,RGB,8,3,0.0,241.0
Training/No-tumor/BT-MRI NO Train (1417).jpg,No-tumor,224,224,RGB,8,3,0.0,217.0
Training/Meningioma/BT-MRI  ME Train (1176).jpg,Meningioma,224,224,RGB,8,3,0.0,255.0
Training/Glioma/BT-MRI GL Train  (616).jpg,Glioma,224,224,RGB,8,3,0.0,242.0
Training/Pituitary/BT-MRI PI Train (174).jpg,Pituitary,224,224,RGB,8,3,0.0,255.0
Training/Meningioma/BT-MRI  ME Train (58).jpg,Meningioma,224,224,RGB,8,3,0.0,251.0
Training/Glioma/BT-MRI GL Train  (78).jpg,Glioma,224,224,RGB,8,3,0.0,252.0
Training/Meningioma/BT-MRI  ME Train (606).jpg,Meningioma,224,224,RGB,8,3,0.0,241.0
Training/Meningioma/BT-MRI  ME Train (45).jpg,Meningioma,224,224,RGB,8,3,0.0,228.0
Training/Glioma/BT-MRI GL Train  (525).jpg,Glioma,224,224,RGB,8,3,0.0,226.0
Training/Meningioma/BT-MRI  ME Train (867).jpg,Meningioma,224,224,RGB,8,3,0.0,255.0
Training/Meningioma/BT-MRI  ME Train (110).jpg,Meningioma,224,224,RGB,8,3,0.0,253.0
Training/Glioma/BT-MRI GL Train  (1166).jpg,Glioma,224,224,RGB,8,3,0.0,247.0
Training/Pituitary/BT-MRI PI Train (258).jpg,Pituitary,224,224,RGB,8,3,0.0,245.0
Training/Glioma/BT-MRI GL Train  (1005).jpg,Glioma,224,224,RGB,8,3,0.0,250.0
Training/Pituitary/BT-MRI PI Train (248).jpg,Pituitary,224,224,RGB,8,3,0.0,235.0
Training/Glioma/BT-MRI GL Train  (245).jpg,Glioma,224,224,RGB,8,3,0.0,223.0
Training/Meningioma/BT-MRI  ME Train (1008).jpg,Meningioma,224,224,RGB,8,3,0.0,245.0
Testing/No-tumor/BT-MRI NO Test (145).jpg,No-tumor,224,224,RGB,8,3,0.0,255.0
Training/Glioma/BT-MRI GL Train  (457).jpg,Glioma,224,224,RGB,8,3,0.0,239.0
Training/Glioma/BT-MRI GL Train  (827).jpg,Glioma,224,224,RGB,8,3,0.0,231.0
Training/Pituitary/BT-MRI PI Train (197).jpg,Pituitary,224,224,RGB,8,3,0.0,230.0
Testing/Meningioma/BT-MRI ME Test (277).jpg,Meningioma,224,224,RGB,8,3,0.0,247.0
Training/No-tumor/BT-MRI NO Train (545).jpg,No-tumor,224,224,RGB,8,3,0.0,255.0
Testing/Pituitary/BT-MRI PI Test (164).jpg,Pituitary,224,224,RGB,8,3,0.0,241.0
Training/Meningioma/BT-MRI  ME Train (207).jpg,Meningioma,224,224,RGB,8,3,0.0,255.0
Training/Meningioma/BT-MRI  ME Train (898).jpg,Meningioma,224,224,RGB,8,3,0.0,248.0
Training/Glioma/BT-MRI GL Train  (1258).jpg,Glioma,224,224,RGB,8,3,0.0,248.0
Training/Glioma/BT-MRI GL Train  (1029).jpg,Glioma,224,224,RGB,8,3,0.0,254.0
Training/Pituitary/BT-MRI PI Train (524).jpg,Pituitary,224,224,RGB,8,3,0.0,236.0
Testing/Meningioma/BT-MRI ME Test (132).jpg,Meningioma,224,224,RGB,8,3,0.0,255.0
Training/Glioma/BT-MRI GL Train  (864).jpg,Glioma,224,224,RGB,8,3,0.0,228.0
Training/Meningioma/BT-MRI  ME Train (702).jpg,Meningioma,224,224,RGB,8,3,0.0,244.0
Training/No-tumor/BT-MRI NO Train (290).jpg,No-tumor,224,224,RGB,8,3,0.0,255.0
Training/Meningioma/BT-MRI  ME Train (26).jpg,Meningioma,224,224,RGB,8,3,0.0,241.0
Training/Pituitary/BT-MRI PI Train (413).jpg,Pituitary,224,224,RGB,8,3,0.0,246.0
Training/Pituitary/BT-MRI PI Train (583).jpg,Pituitary,224,224,RGB,8,3,0.0,229.0
Training/Meningioma/BT-MRI  ME Train (1299).jpg,Meningioma,224,224,RGB,8,3,0.0,223.0
Training/Meningioma/BT-MRI  ME Train (13).jpg,Meningioma,224,224,RGB,8,3,0.0,243.0
Training/No-tumor/BT-MRI NO Train (891).jpg,No-tumor,224,224,RGB,8,3,0.0,255.0
Training/No-tumor/BT-MRI NO Train (667).jpg,No-tumor,224,224,RGB,8,3,0.0,255.0
Training/Glioma/BT-MRI GL Train  (617).jpg,Glioma,224,224,RGB,8,3,0.0,237.0
Training/Glioma/BT-MRI GL Train  (103).jpg,Glioma,224,224,RGB,8,3,0.0,255.0
Training/No-tumor/BT-MRI NO Train (29).jpg,No-tumor,224,224,RGB,8,3,0.0,240.0
Training/Pituitary/BT-MRI PI Train (289).jpg,Pituitary,224,224,RGB,8,3,0.0,241.0
Testing/No-tumor/BT-MRI NO Test (266).jpg,No-tumor,224,224,RGB,8,3,0.0,255.0
Training/No-tumor/BT-MRI NO Train (438).jpg,No-tumor,224,224,RGB,8,3,0.0,248.0
Training/Pituitary/BT-MRI PI Train (729).jpg,Pituitary,224,224,RGB,8,3,0.0,240.0
Training/Glioma/BT-MRI GL Train  (817).jpg,Glioma,224,224,RGB,8,3,0.0,242.0
Training/Glioma/BT-MRI GL Train  (439).jpg,Glioma,224,224,RGB,8,3,0.0,223.0
Training/No-tumor/BT-MRI NO Train (1396).jpg,No-tumor,224,224,RGB,8,3,0.0,255.0
Testing/No-tumor/BT-MRI NO Test (393).jpg,No-tumor,224,224,RGB,8,3,0.0,255.0
Testing/Meningioma/BT-MRI ME Test (252).jpg,Meningioma,224,224,RGB,8,3,0.0,239.0
Training/Glioma/BT-MRI GL Train  (222).jpg,Glioma,224,224,RGB,8,3,0.0,235.0
Training/Glioma/BT-MRI GL Train  (1296).jpg,Glioma,224,224,RGB,8,3,0.0,247.0
Training/Glioma/BT-MRI GL Train  (35).jpg,Glioma,224,224,RGB,8,3,0.0,249.0
Testing/No-tumor/BT-MRI NO Test (317).jpg,No-tumor,224,224,RGB,8,3,0.0,255.0
Training/Meningioma/BT-MRI  ME Train (882).jpg,Meningioma,224,224,RGB,8,3,0.0,243.0
Training/Pituitary/BT-MRI PI Train (912).jpg,Pituitary,224,224,RGB,8,3,0.0,240.0
Training/No-tumor/BT-MRI NO Train (879).jpg,No-tumor,224,224,RGB,8,3,0.0,255.0
Training/Meningioma/BT-MRI  ME Train (453).jpg,Meningioma,224,224,RGB,8,3,0.0,230.0
Training/No-tumor/BT-MRI NO Train (508).jpg,No-tumor,224,224,RGB,8,3,0.0,255.0
Testing/Meningioma/BT-MRI ME Test (109).jpg,Meningioma,224,224,RGB,8,3,0.0,240.0
Training/No-tumor/BT-MRI NO Train (1554).jpg,No-tumor,224,224,RGB,8,3,0.0,255.0
Training/Glioma/BT-MRI GL Train  (673).jpg,Glioma,224,224,RGB,8,3,0.0,245.0
Training/Pituitary/BT-MRI PI Train (90).jpg,Pituitary,224,224,RGB,8,3,0.0,255.0
Training/No-tumor/BT-MRI NO Train (839).jpg,No-tumor,224,224,RGB,8,3,0.0,255.0
Training/Glioma/BT-MRI GL Train  (56).jpg,Glioma,224,224,RGB,8,3,0.0,219.0
Testing/Glioma/BT-MRI Test GL (275).jpg,Glioma,224,224,RGB,8,3,0.0,242.0
Training/Glioma/BT-MRI GL Train  (267).jpg,Glioma,224,224,RGB,8,3,0.0,238.0
Training/Glioma/BT-MRI GL Train  (669).jpg,Glioma,224,224,RGB,8,3,0.0,226.0
Training/Glioma/BT-MRI GL Train  (1102).jpg,Glioma,224,224,RGB,8,3,0.0,244.0
Training/Pituitary/BT-MRI PI Train (454).jpg,Pituitary,224,224,RGB,8,3,0.0,236.0
Training/Glioma/BT-MRI GL Train  (1133).jpg,Glioma,224,224,RGB,8,3,0.0,249.0
Training/No-tumor/BT-MRI NO Train (872).jpg,No-tumor,224,224,RGB,8,3,0.0,255.0
Testing/Meningioma/BT-MRI ME Test (258).jpg,Meningioma,224,224,RGB,8,3,0.0,255.0
Training/Meningioma/BT-MRI  ME Train (431).jpg,Meningioma,224,224,RGB,8,3,0.0,214.0
Training/Glioma/BT-MRI GL Train  (886).jpg,Glioma,224,224,RGB,8,3,0.0,251.0
Training/No-tumor/BT-MRI NO Train (1097).jpg,No-tumor,224,224,RGB,8,3,0.0,255.0
Training/Glioma/BT-MRI GL Train  (897).jpg,Glioma,224,224,RGB,8,3,0.0,241.0
Training/Pituitary/BT-MRI PI Train (1179).jpg,Pituitary,224,224,RGB,8,3,0.0,235.0
Training/No-tumor/BT-MRI NO Train (375).jpg,No-tumor,224,224,RGB,8,3,0.0,255.0
Training/Meningioma/BT-MRI  ME Train (938).jpg,Meningioma,224,224,RGB,8,3,0.0,241.0
Training/No-tumor/BT-MRI NO Train (557).jpg,No-tumor,224,224,RGB,8,3,0.0,255.0
Training/Pituitary/BT-MRI PI Train (345).jpg,Pituitary,224,224,RGB,8,3,0.0,244.0
Training/Glioma/BT-MRI GL Train  (304).jpg,Glioma,224,224,RGB,8,3,0.0,249.0
Training/Meningioma/BT-MRI  ME Train (650).jpg,Meningioma,224,224,RGB,8,3,0.0,246.0
Training/Glioma/BT-MRI GL Train  (611).jpg,Glioma,224,224,RGB,8,3,0.0,240.0
Training/Meningioma/BT-MRI  ME Train (1244).jpg,Meningioma,224,224,RGB,8,3,0.0,246.0
Training/Glioma/BT-MRI GL Train  (779).jpg,Glioma,224,224,RGB,8,3,0.0,233.0
Training/Meningioma/BT-MRI  ME Train (648).jpg,Meningioma,224,224,RGB,8,3,0.0,244.0
Training/Pituitary/BT-MRI PI Train (409).jpg,Pituitary,224,224,RGB,8,3,0.0,236.0
Training/No-tumor/BT-MRI NO Train (1454).jpg,No-tumor,224,224,RGB,8,3,0.0,242.0
Training/Pituitary/BT-MRI PI Train (1284).jpg,Pituitary,224,224,RGB,8,3,0.0,251.0
Training/No-tumor/BT-MRI NO Train (863).jpg,No-tumor,224,224,RGB,8,3,0.0,255.0
Training/Pituitary/BT-MRI PI Train (768).jpg,Pituitary,224,224,RGB,8,3,0.0,253.0
Training/No-tumor/BT-MRI NO Train (1373).jpg,No-tumor,224,224,RGB,8,3,0.0,255.0
Training/Pituitary/BT-MRI PI Train (575).jpg,Pituitary,224,224,RGB,8,3,0.0,224.0
Testing/Pituitary/BT-MRI PI Test (115).jpg,Pituitary,224,224,RGB,8,3,0.0,224.0
Training/No-tumor/BT-MRI NO Train (731).jpg,No-tumor,224,224,RGB,8,3,0.0,255.0
Training/No-tumor/BT-MRI NO Train (652).jpg,No-tumor,224,224,RGB,8,3,0.0,255.0
Training/Glioma/BT-MRI GL Train  (940).jpg,Glioma,224,224,RGB,8,3,0.0,252.0
Training/Meningioma/BT-MRI  ME Train (995).jpg,Meningioma,224,224,RGB,8,3,0.0,247.0
Training/Meningioma/BT-MRI  ME Train (1240).jpg,Meningioma,224,224,RGB,8,3,0.0,255.0
Training/Glioma/BT-MRI GL Train  (436).jpg,Glioma,224,224,RGB,8,3,0.0,243.0
Training/Pituitary/BT-MRI PI Train (871).jpg,Pituitary,224,224,RGB,8,3,0.0,246.0
Training/Pituitary/BT-MRI PI Train (1111).jpg,Pituitary,224,224,RGB,8,3,0.0,223.0
Training/No-tumor/BT-MRI NO Train (284).jpg,No-tumor,224,224,RGB,8,3,0.0,255.0
Training/Pituitary/BT-MRI PI Train (680).jpg,Pituitary,224,224,RGB,8,3,0.0,252.0
Testing/Pituitary/BT-MRI PI Test (42).jpg,Pituitary,224,224,RGB,8,3,0.0,252.0
Testing/Glioma/BT-MRI Test GL (287).jpg,Glioma,224,224,RGB,8,3,0.0,232.0
Training/Pituitary/BT-MRI PI Train (886).jpg,Pituitary,224,224,RGB,8,3,0.0,236.0
Testing/Glioma/BT-MRI Test GL (188).jpg,Glioma,224,224,RGB,8,3,0.0,251.0
Training/Pituitary/BT-MRI PI Train (1109).jpg,Pituitary,224,224,RGB,8,3,0.0,244.0
Training/Glioma/BT-MRI GL Train  (374).jpg,Glioma,224,224,RGB,8,3,0.0,234.0
Testing/No-tumor/BT-MRI NO Test (123).jpg,No-tumor,224,224,RGB,8,3,0.0,255.0
Training/Meningioma/BT-MRI  ME Train (943).jpg,Meningioma,224,224,RGB,8,3,0.0,236.0
Training/Meningioma/BT-MRI  ME Train (581).jpg,Meningioma,224,224,RGB,8,3,0.0,248.0
Training/Pituitary/BT-MRI PI Train (812).jpg,Pituitary,224,224,RGB,8,3,0.0,239.0
Training/No-tumor/BT-MRI NO Train (373).jpg,No-tumor,224,224,RGB,8,3,0.0,255.0
Training/No-tumor/BT-MRI NO Train (1470).jpg,No-tumor,224,224,RGB,8,3,0.0,255.0
Training/No-tumor/BT-MRI NO Train (1159).jpg,No-tumor,224,224,RGB,8,3,2.0,253.0
Training/No-tumor/BT-MRI NO Train (1203).jpg,No-tumor,224,224,RGB,8,3,0.0,255.0
Training/Pituitary/BT-MRI PI Train (899).jpg,Pituitary,224,224,RGB,8,3,0.0,248.0
Testing/Pituitary/BT-MRI PI Test (103).jpg,Pituitary,224,224,RGB,8,3,0.0,251.0
Training/Meningioma/BT-MRI  ME Train (941).jpg,Meningioma,224,224,RGB,8,3,0.0,244.0
Training/Glioma/BT-MRI GL Train  (53).jpg,Glioma,224,224,RGB,8,3,0.0,245.0
Training/No-tumor/BT-MRI NO Train (813).jpg,No-tumor,224,224,RGB,8,3,0.0,255.0
Testing/Pituitary/BT-MRI PI Test (205).jpg,Pituitary,224,224,RGB,8,3,0.0,245.0
Training/No-tumor/BT-MRI NO Train (1009).jpg,No-tumor,224,224,RGB,8,3,0.0,255.0
Training/No-tumor/BT-MRI NO Train (525).jpg,No-tumor,224,224,RGB,8,3,0.0,255.0
Training/Meningioma/BT-MRI  ME Train (1006).jpg,Meningioma,224,224,RGB,8,3,0.0,223.0
Training/Pituitary/BT-MRI PI Train (714).jpg,Pituitary,224,224,RGB,8,3,0.0,244.0
Training/No-tumor/BT-MRI NO Train (367).jpg,No-tumor,224,224,RGB,8,3,0.0,255.0
Training/Meningioma/BT-MRI  ME Train (651).jpg,Meningioma,224,224,RGB,8,3,0.0,231.0
Testing/Meningioma/BT-MRI ME Test (260).jpg,Meningioma,224,224,RGB,8,3,0.0,255.0
Training/No-tumor/BT-MRI NO Train (1359).jpg,No-tumor,224,224,RGB,8,3,0.0,255.0
Testing/Pituitary/BT-MRI PI Test (80).jpg,Pituitary,224,224,RGB,8,3,0.0,241.0
Testing/No-tumor/BT-MRI NO Test (185).jpg,No-tumor,224,224,RGB,8,3,0.0,255.0
Training/Pituitary/BT-MRI PI Train (654).jpg,Pituitary,224,224,RGB,8,3,0.0,253.0
Training/No-tumor/BT-MRI NO Train (421).jpg,No-tumor,224,224,RGB,8,3,0.0,236.0
Training/Meningioma/BT-MRI  ME Train (1014).jpg,Meningioma,224,224,RGB,8,3,0.0,240.0
Training/Pituitary/BT-MRI PI Train (698).jpg,Pituitary,224,224,RGB,8,3,0.0,239.0
Testing/Glioma/BT-MRI Test GL (237).jpg,Glioma,224,224,RGB,8,3,0.0,255.0
Training/Meningioma/BT-MRI  ME Train (440).jpg,Meningioma,224,224,RGB,8,3,0.0,242.0
Training/Meningioma/BT-MRI  ME Train (290).jpg,Meningioma,224,224,RGB,8,3,0.0,235.0
Training/Meningioma/BT-MRI  ME Train (1114).jpg,Meningioma,224,224,RGB,8,3,0.0,235.0
Testing/Pituitary/BT-MRI PI Test (45).jpg,Pituitary,224,224,RGB,8,3,0.0,253.0
Training/Glioma/BT-MRI GL Train  (1148).jpg,Glioma,224,224,RGB,8,3,0.0,240.0
Training/Pituitary/BT-MRI PI Train (733).jpg,Pituitary,224,224,RGB,8,3,0.0,248.0
Training/Glioma/BT-MRI GL Train  (385).jpg,Glioma,224,224,RGB,8,3,0.0,230.0
Training/Meningioma/BT-MRI  ME Train (816).jpg,Meningioma,224,224,RGB,8,3,0.0,223.0
Training/Pituitary/BT-MRI PI Train (1143).jpg,Pituitary,224,224,RGB,8,3,0.0,246.0
Training/Pituitary/BT-MRI PI Train (921).jpg,Pituitary,224,224,RGB,8,3,0.0,244.0
Training/Pituitary/BT-MRI PI Train (577).jpg,Pituitary,224,224,RGB,8,3,0.0,255.0
Training/No-tumor/BT-MRI NO Train (856).jpg,No-tumor,224,224,RGB,8,3,0.0,244.0
Training/Pituitary/BT-MRI PI Train (1349).jpg,Pituitary,224,224,RGB,8,3,0.0,255.0
Training/No-tumor/BT-MRI NO Train (1438).jpg,No-tumor,224,224,RGB,8,3,0.0,255.0
Testing/Glioma/BT-MRI Test GL (204).jpg,Glioma,224,224,RGB,8,3,0.0,243.0
Training/Pituitary/BT-MRI PI Train (294).jpg,Pituitary,224,224,RGB,8,3,0.0,223.0
Training/Meningioma/BT-MRI  ME Train (866).jpg,Meningioma,224,224,RGB,8,3,0.0,255.0
Training/Glioma/BT-MRI GL Train  (101).jpg,Glioma,224,224,RGB,8,3,0.0,228.0
Testing/No-tumor/BT-MRI NO Test (287).jpg,No-tumor,224,224,RGB,8,3,0.0,255.0
Training/Meningioma/BT-MRI  ME Train (316).jpg,Meningioma,224,224,RGB,8,3,0.0,255.0
Training/No-tumor/BT-MRI NO Train (1389).jpg,No-tumor,224,224,RGB,8,3,0.0,255.0
Training/Glioma/BT-MRI GL Train  (1309).jpg,Glioma,224,224,RGB,8,3,0.0,242.0
Training/Meningioma/BT-MRI  ME Train (655).jpg,Meningioma,224,224,RGB,8,3,0.0,248.0
Testing/Glioma/BT-MRI Test GL (219).jpg,Glioma,224,224,RGB,8,3,0.0,242.0
Training/Meningioma/BT-MRI  ME Train (40).jpg,Meningioma,224,224,RGB,8,3,0.0,217.0
Training/Pituitary/BT-MRI PI Train (925).jpg,Pituitary,224,224,RGB,8,3,0.0,242.0
Training/Pituitary/BT-MRI PI Train (111).jpg,Pituitary,224,224,RGB,8,3,0.0,255.0
Training/Pituitary/BT-MRI PI Train (152).jpg,Pituitary,224,224,RGB,8,3,0.0,221.0
Training/Pituitary/BT-MRI PI Train (606).jpg,Pituitary,224,224,RGB,8,3,0.0,235.0
Training/Meningioma/BT-MRI  ME Train (3).jpg,Meningioma,224,224,RGB,8,3,0.0,250.0
Training/Pituitary/BT-MRI PI Train (947).jpg,Pituitary,224,224,RGB,8,3,0.0,234.0
Training/Glioma/BT-MRI GL Train  (735).jpg,Glioma,224,224,RGB,8,3,0.0,239.0
Training/No-tumor/BT-MRI NO Train (231).jpg,No-tumor,224,224,RGB,8,3,0.0,255.0
Testing/Meningioma/BT-MRI ME Test (253).jpg,Meningioma,224,224,RGB,8,3,0.0,252.0
Training/Meningioma/BT-MRI  ME Train (525).jpg,Meningioma,224,224,RGB,8,3,0.0,249.0
Training/Glioma/BT-MRI GL Train  (495).jpg,Glioma,224,224,RGB,8,3,0.0,218.0
Testing/No-tumor/BT-MRI NO Test (139).jpg,No-tumor,224,224,RGB,8,3,0.0,255.0
Training/Pituitary/BT-MRI PI Train (1300).jpg,Pituitary,224,224,RGB,8,3,0.0,255.0
Training/Pituitary/BT-MRI PI Train (485).jpg,Pituitary,224,224,RGB,8,3,0.0,249.0
Training/No-tumor/BT-MRI NO Train (504).jpg,No-tumor,224,224,RGB,8,3,2.0,255.0
Testing/Pituitary/BT-MRI PI Test (67).jpg,Pituitary,224,224,RGB,8,3,0.0,230.0
Training/Glioma/BT-MRI GL Train  (878).jpg,Glioma,224,224,RGB,8,3,0.0,247.0
Training/Pituitary/BT-MRI PI Train (963).jpg,Pituitary,224,224,RGB,8,3,0.0,231.0
Training/No-tumor/BT-MRI NO Train (643).jpg,No-tumor,224,224,RGB,8,3,0.0,255.0
Training/Glioma/BT-MRI GL Train  (321).jpg,Glioma,224,224,RGB,8,3,0.0,238.0
Training/No-tumor/BT-MRI NO Train (855).jpg,No-tumor,224,224,RGB,8,3,0.0,255.0
Training/Pituitary/BT-MRI PI Train (1316).jpg,Pituitary,224,224,RGB,8,3,0.0,255.0
Testing/Meningioma/BT-MRI ME Test (137).jpg,Meningioma,224,224,RGB,8,3,0.0,231.0
Training/No-tumor/BT-MRI NO Train (1420).jpg,No-tumor,224,224,RGB,8,3,0.0,249.0
Training/Meningioma/BT-MRI  ME Train (939).jpg,Meningioma,224,224,RGB,8,3,0.0,241.0
Training/Pituitary/BT-MRI PI Train (158).jpg,Pituitary,224,224,RGB,8,3,0.0,245.0
Training/No-tumor/BT-MRI NO Train (1589).jpg,No-tumor,224,224,RGB,8,3,0.0,255.0
Training/No-tumor/BT-MRI NO Train (800).jpg,No-tumor,224,224,RGB,8,3,0.0,255.0
Testing/Pituitary/BT-MRI PI Test (197).jpg,Pituitary,224,224,RGB,8,3,0.0,235.0
Training/Meningioma/BT-MRI  ME Train (1251).jpg,Meningioma,224,224,RGB,8,3,0.0,232.0
Training/Meningioma/BT-MRI  ME Train (834).jpg,Meningioma,224,224,RGB,8,3,0.0,236.0
Training/Meningioma/BT-MRI  ME Train (933).jpg,Meningioma,224,224,RGB,8,3,0.0,221.0
Training/Glioma/BT-MRI GL Train  (845).jpg,Glioma,224,224,RGB,8,3,0.0,235.0
Training/No-tumor/BT-MRI NO Train (243).jpg,No-tumor,224,224,RGB,8,3,0.0,238.0
Training/Glioma/BT-MRI GL Train  (273).jpg,Glioma,224,224,RGB,8,3,0.0,239.0
Training/Pituitary/BT-MRI PI Train (1421).jpg,Pituitary,224,224,RGB,8,3,0.0,248.0
Training/Meningioma/BT-MRI  ME Train (778).jpg,Meningioma,224,224,RGB,8,3,0.0,255.0
Training/Pituitary/BT-MRI PI Train (310).jpg,Pituitary,224,224,RGB,8,3,0.0,244.0
Training/Pituitary/BT-MRI PI Train (1268).jpg,Pituitary,224,224,RGB,8,3,0.0,238.0
Training/Pituitary/BT-MRI PI Train (711).jpg,Pituitary,224,224,RGB,8,3,0.0,251.0
Training/Glioma/BT-MRI GL Train  (510).jpg,Glioma,224,224,RGB,8,3,0.0,215.0
Training/Glioma/BT-MRI GL Train  (1272).jpg,Glioma,224,224,RGB,8,3,0.0,252.0
Training/No-tumor/BT-MRI NO Train (461).jpg,No-tumor,224,224,RGB,8,3,0.0,255.0
Training/Pituitary/BT-MRI PI Train (1400).jpg,Pituitary,224,224,RGB,8,3,0.0,247.0
Training/Pituitary/BT-MRI PI Train (601).jpg,Pituitary,224,224,RGB,8,3,0.0,238.0
Training/No-tumor/BT-MRI NO Train (81).jpg,No-tumor,224,224,RGB,8,3,0.0,255.0
Training/No-tumor/BT-MRI NO Train (922).jpg,No-tumor,224,224,RGB,8,3,0.0,255.0
Training/Glioma/BT-MRI GL Train  (235).jpg,Glioma,224,224,RGB,8,3,0.0,224.0
Training/Glioma/BT-MRI GL Train  (1176).jpg,Glioma,224,224,RGB,8,3,0.0,240.0
Testing/No-tumor/BT-MRI NO Test (382).jpg,No-tumor,224,224,RGB,8,3,0.0,255.0
Training/Glioma/BT-MRI GL Train  (876).jpg,Glioma,224,224,RGB,8,3,0.0,249.0
Training/Glioma/BT-MRI GL Train  (1015).jpg,Glioma,224,224,RGB,8,3,0.0,251.0
Testing/Pituitary/BT-MRI PI Test (265).jpg,Pituitary,224,224,RGB,8,3,0.0,253.0
Training/Pituitary/BT-MRI PI Train (247).jpg,Pituitary,224,224,RGB,8,3,0.0,237.0
Training/Meningioma/BT-MRI  ME Train (1301).jpg,Meningioma,224,224,RGB,8,3,0.0,248.0
Testing/Meningioma/BT-MRI ME Test (161).jpg,Meningioma,224,224,RGB,8,3,0.0,232.0
Training/Meningioma/BT-MRI  ME Train (1080).jpg,Meningioma,224,224,RGB,8,3,0.0,243.0
Training/Pituitary/BT-MRI PI Train (191).jpg,Pituitary,224,224,RGB,8,3,0.0,247.0
Training/No-tumor/BT-MRI NO Train (786).jpg,No-tumor,224,224,RGB,8,3,0.0,255.0
Training/Meningioma/BT-MRI  ME Train (1293).jpg,Meningioma,224,224,RGB,8,3,0.0,252.0
Training/Glioma/BT-MRI GL Train  (508).jpg,Glioma,224,224,RGB,8,3,0.0,220.0
Training/Glioma/BT-MRI GL Train  (67).jpg,Glioma,224,224,RGB,8,3,0.0,220.0
Testing/Glioma/BT-MRI Test GL (18).jpg,Glioma,224,224,RGB,8,3,0.0,226.0
Testing/No-tumor/BT-MRI NO Test (275).jpg,No-tumor,224,224,RGB,8,3,0.0,255.0
Training/No-tumor/BT-MRI NO Train (412).jpg,No-tumor,224,224,RGB,8,3,0.0,255.0
Training/Meningioma/BT-MRI  ME Train (786).jpg,Meningioma,224,224,RGB,8,3,0.0,241.0
Training/Glioma/BT-MRI GL Train  (856).jpg,Glioma,224,224,RGB,8,3,0.0,237.0
Training/Glioma/BT-MRI GL Train  (768).jpg,Glioma,224,224,RGB,8,3,0.0,211.0
Training/No-tumor/BT-MRI NO Train (585).jpg,No-tumor,224,224,RGB,8,3,0.0,229.0
Training/Glioma/BT-MRI GL Train  (428).jpg,Glioma,224,224,RGB,8,3,0.0,227.0
Training/Pituitary/BT-MRI PI Train (1150).jpg,Pituitary,224,224,RGB,8,3,0.0,255.0
Testing/No-tumor/BT-MRI NO Test (113).jpg,No-tumor,224,224,RGB,8,3,0.0,255.0
Testing/No-tumor/BT-MRI NO Test (198).jpg,No-tumor,224,224,RGB,8,3,0.0,255.0
Testing/No-tumor/BT-MRI NO Test (379).jpg,No-tumor,224,224,RGB,8,3,0.0,254.0
Training/Pituitary/BT-MRI PI Train (1201).jpg,Pituitary,224,224,RGB,8,3,0.0,234.0
Training/Glioma/BT-MRI GL Train  (123).jpg,Glioma,224,224,RGB,8,3,0.0,236.0
Training/Meningioma/BT-MRI  ME Train (963).jpg,Meningioma,224,224,RGB,8,3,0.0,246.0
Training/Meningioma/BT-MRI  ME Train (458).jpg,Meningioma,224,224,RGB,8,3,0.0,248.0
Training/No-tumor/BT-MRI NO Train (245).jpg,No-tumor,224,224,RGB,8,3,0.0,255.0
Training/Meningioma/BT-MRI  ME Train (267).jpg,Meningioma,224,224,RGB,8,3,0.0,255.0
Training/Glioma/BT-MRI GL Train  (1167).jpg,Glioma,224,224,RGB,8,3,0.0,241.0
Training/Glioma/BT-MRI GL Train  (505).jpg,Glioma,224,224,RGB,8,3,0.0,250.0
Training/Glioma/BT-MRI GL Train  (326).jpg,Glioma,224,224,RGB,8,3,0.0,255.0
Training/No-tumor/BT-MRI NO Train (105).jpg,No-tumor,224,224,RGB,8,3,0.0,255.0
Training/Glioma/BT-MRI GL Train  (75).jpg,Glioma,224,224,RGB,8,3,0.0,248.0
Training/No-tumor/BT-MRI NO Train (682).jpg,No-tumor,224,224,RGB,8,3,0.0,255.0
Training/No-tumor/BT-MRI NO Train (502).jpg,No-tumor,224,224,RGB,8,3,0.0,255.0
Training/No-tumor/BT-MRI NO Train (555).jpg,No-tumor,224,224,RGB,8,3,0.0,237.0
Training/Meningioma/BT-MRI  ME Train (779).jpg,Meningioma,224,224,RGB,8,3,0.0,221.0
Testing/Pituitary/BT-MRI PI Test (166).jpg,Pituitary,224,224,RGB,8,3,0.0,232.0
Testing/Pituitary/BT-MRI PI Test (44).jpg,Pituitary,224,224,RGB,8,3,0.0,231.0
Training/Meningioma/BT-MRI  ME Train (467).jpg,Meningioma,224,224,RGB,8,3,0.0,245.0
Testing/Glioma/BT-MRI Test GL (76).jpg,Glioma,224,224,RGB,8,3,0.0,247.0
Training/Pituitary/BT-MRI PI Train (72).jpg,Pituitary,224,224,RGB,8,3,0.0,249.0
Training/No-tumor/BT-MRI NO Train (1578).jpg,No-tumor,224,224,RGB,8,3,0.0,255.0
Training/Meningioma/BT-MRI  ME Train (1325).jpg,Meningioma,224,224,RGB,8,3,0.0,244.0
Training/Meningioma/BT-MRI  ME Train (1261).jpg,Meningioma,224,224,RGB,8,3,0.0,225.0
Training/Glioma/BT-MRI GL Train  (972).jpg,Glioma,224,224,RGB,8,3,0.0,240.0
Training/Pituitary/BT-MRI PI Train (1186).jpg,Pituitary,224,224,RGB,8,3,0.0,247.0
Training/Meningioma/BT-MRI  ME Train (573).jpg,Meningioma,224,224,RGB,8,3,0.0,255.0
Training/Pituitary/BT-MRI PI Train (1357).jpg,Pituitary,224,224,RGB,8,3,0.0,251.0
Testing/Pituitary/BT-MRI PI Test (216).jpg,Pituitary,224,224,RGB,8,3,0.0,233.0
Training/Pituitary/BT-MRI PI Train (716).jpg,Pituitary,224,224,RGB,8,3,0.0,236.0
Training/Meningioma/BT-MRI  ME Train (243).jpg,Meningioma,224,224,RGB,8,3,0.0,255.0
Training/Meningioma/BT-MRI  ME Train (343).jpg,Meningioma,224,224,RGB,8,3,0.0,244.0
Training/Glioma/BT-MRI GL Train  (520).jpg,Glioma,224,224,RGB,8,3,0.0,238.0
Training/Meningioma/BT-MRI  ME Train (140).jpg,Meningioma,224,224,RGB,8,3,0.0,249.0
Testing/Pituitary/BT-MRI PI Test (127).jpg,Pituitary,224,224,RGB,8,3,0.0,244.0
Training/Pituitary/BT-MRI PI Train (811).jpg,Pituitary,224,224,RGB,8,3,0.0,235.0
Training/Meningioma/BT-MRI  ME Train (74).jpg,Meningioma,224,224,RGB,8,3,0.0,255.0
Training/Pituitary/BT-MRI PI Train (264).jpg,Pituitary,224,224,RGB,8,3,0.0,245.0
Training/No-tumor/BT-MRI NO Train (80).jpg,No-tumor,224,224,RGB,8,3,0.0,255.0
Training/No-tumor/BT-MRI NO Train (420).jpg,No-tumor,224,224,RGB,8,3,0.0,141.0
Testing/Glioma/BT-MRI Test GL (257).jpg,Glioma,224,224,RGB,8,3,0.0,245.0
Training/Meningioma/BT-MRI  ME Train (662).jpg,Meningioma,224,224,RGB,8,3,0.0,251.0
Training/Glioma/BT-MRI GL Train  (52).jpg,Glioma,224,224,RGB,8,3,0.0,250.0
Training/No-tumor/BT-MRI NO Train (491).jpg,No-tumor,224,224,RGB,8,3,7.0,255.0
Testing/Meningioma/BT-MRI ME Test (224).jpg,Meningioma,224,224,RGB,8,3,0.0,254.0
Training/Pituitary/BT-MRI PI Train (209).jpg,Pituitary,224,224,RGB,8,3,0.0,252.0
Training/Pituitary/BT-MRI PI Train (830).jpg,Pituitary,224,224,RGB,8,3,0.0,250.0
Training/Pituitary/BT-MRI PI Train (595).jpg,Pituitary,224,224,RGB,8,3,0.0,223.0
Testing/Glioma/BT-MRI Test GL (42).jpg,Glioma,224,224,RGB,8,3,0.0,227.0
Testing/No-tumor/BT-MRI NO Test (97).jpg,No-tumor,224,224,RGB,8,3,0.0,255.0
Training/Meningioma/BT-MRI  ME Train (932).jpg,Meningioma,224,224,RGB,8,3,0.0,243.0
Training/No-tumor/BT-MRI NO Train (1343).jpg,No-tumor,224,224,RGB,8,3,0.0,243.0
Training/Glioma/BT-MRI GL Train  (379).jpg,Glioma,224,224,RGB,8,3,0.0,220.0
Training/Glioma/BT-MRI GL Train  (171).jpg,Glioma,224,224,RGB,8,3,0.0,252.0
Training/Pituitary/BT-MRI PI Train (62).jpg,Pituitary,224,224,RGB,8,3,0.0,245.0
Training/Pituitary/BT-MRI PI Train (462).jpg,Pituitary,224,224,RGB,8,3,0.0,224.0
Training/Meningioma/BT-MRI  ME Train (689).jpg,Meningioma,224,224,RGB,8,3,0.0,255.0
Training/No-tumor/BT-MRI NO Train (823).jpg,No-tumor,224,224,RGB,8,3,0.0,246.0
Training/No-tumor/BT-MRI NO Train (1114).jpg,No-tumor,224,224,RGB,8,3,0.0,255.0
Training/Pituitary/BT-MRI PI Train (77).jpg,Pituitary,224,224,RGB,8,3,0.0,252.0
Testing/No-tumor/BT-MRI NO Test (190).jpg,No-tumor,224,224,RGB,8,3,0.0,243.0
Training/No-tumor/BT-MRI NO Train (363).jpg,No-tumor,224,224,RGB,8,3,0.0,255.0
Training/No-tumor/BT-MRI NO Train (1352).jpg,No-tumor,224,224,RGB,8,3,0.0,255.0
Training/Glioma/BT-MRI GL Train  (238).jpg,Glioma,224,224,RGB,8,3,0.0,230.0
Training/Glioma/BT-MRI GL Train  (63).jpg,Glioma,224,224,RGB,8,3,0.0,228.0
Training/Glioma/BT-MRI GL Train  (198).jpg,Glioma,224,224,RGB,8,3,0.0,228.0
Training/Meningioma/BT-MRI  ME Train (798).jpg,Meningioma,224,224,RGB,8,3,0.0,235.0
Training/Meningioma/BT-MRI  ME Train (563).jpg,Meningioma,224,224,RGB,8,3,0.0,251.0
Training/No-tumor/BT-MRI NO Train (1544).jpg,No-tumor,224,224,RGB,8,3,0.0,255.0
Training/Pituitary/BT-MRI PI Train (844).jpg,Pituitary,224,224,RGB,8,3,0.0,246.0
Training/Glioma/BT-MRI GL Train  (675).jpg,Glioma,224,224,RGB,8,3,0.0,243.0
Training/Meningioma/BT-MRI  ME Train (940).jpg,Meningioma,224,224,RGB,8,3,0.0,255.0
Training/Pituitary/BT-MRI PI Train (1071).jpg,Pituitary,224,224,RGB,8,3,0.0,241.0
Training/Pituitary/BT-MRI PI Train (204).jpg,Pituitary,224,224,RGB,8,3,0.0,254.0
Training/Glioma/BT-MRI GL Train  (55).jpg,Glioma,224,224,RGB,8,3,0.0,242.0
Training/Pituitary/BT-MRI PI Train (956).jpg,Pituitary,224,224,RGB,8,3,0.0,238.0
Training/Pituitary/BT-MRI PI Train (697).jpg,Pituitary,224,224,RGB,8,3,0.0,255.0
Training/No-tumor/BT-MRI NO Train (1221).jpg,No-tumor,224,224,RGB,8,3,0.0,255.0
Training/Pituitary/BT-MRI PI Train (905).jpg,Pituitary,224,224,RGB,8,3,0.0,247.0
Training/Meningioma/BT-MRI  ME Train (1312).jpg,Meningioma,224,224,RGB,8,3,0.0,244.0
Testing/No-tumor/BT-MRI NO Test (328).jpg,No-tumor,224,224,RGB,8,3,0.0,255.0
Testing/No-tumor/BT-MRI NO Test (214).jpg,No-tumor,224,224,RGB,8,3,0.0,255.0
Training/Glioma/BT-MRI GL Train  (261).jpg,Glioma,224,224,RGB,8,3,0.0,224.0
Training/No-tumor/BT-MRI NO Train (1347).jpg,No-tumor,224,224,RGB,8,3,0.0,255.0
Training/No-tumor/BT-MRI NO Train (851).jpg,No-tumor,224,224,RGB,8,3,0.0,255.0
Training/No-tumor/BT-MRI NO Train (1307).jpg,No-tumor,224,224,RGB,8,3,0.0,255.0
Training/No-tumor/BT-MRI NO Train (199).jpg,No-tumor,224,224,RGB,8,3,0.0,226.0
Training/Meningioma/BT-MRI  ME Train (1147).jpg,Meningioma,224,224,RGB,8,3,0.0,255.0
Testing/Glioma/BT-MRI Test GL (113).jpg,Glioma,224,224,RGB,8,3,0.0,241.0
Training/Glioma/BT-MRI GL Train  (621).jpg,Glioma,224,224,RGB,8,3,0.0,255.0
Training/Pituitary/BT-MRI PI Train (1397).jpg,Pituitary,224,224,RGB,8,3,0.0,255.0
Training/Meningioma/BT-MRI  ME Train (393).jpg,Meningioma,224,224,RGB,8,3,0.0,255.0
Training/Meningioma/BT-MRI  ME Train (161).jpg,Meningioma,224,224,RGB,8,3,0.0,239.0
Testing/Glioma/BT-MRI Test GL (193).jpg,Glioma,224,224,RGB,8,3,0.0,233.0
Training/No-tumor/BT-MRI NO Train (1390).jpg,No-tumor,224,224,RGB,8,3,0.0,255.0
Training/Pituitary/BT-MRI PI Train (1065).jpg,Pituitary,224,224,RGB,8,3,0.0,247.0
Training/Pituitary/BT-MRI PI Train (255).jpg,Pituitary,224,224,RGB,8,3,0.0,255.0
Training/Meningioma/BT-MRI  ME Train (1073).jpg,Meningioma,224,224,RGB,8,3,0.0,255.0
Training/No-tumor/BT-MRI NO Train (1111).jpg,No-tumor,224,224,RGB,8,3,0.0,255.0
Training/Pituitary/BT-MRI PI Train (1091).jpg,Pituitary,224,224,RGB,8,3,0.0,222.0
Training/Pituitary/BT-MRI PI Train (395).jpg,Pituitary,224,224,RGB,8,3,0.0,244.0
Testing/Glioma/BT-MRI Test GL (242).jpg,Glioma,224,224,RGB,8,3,0.0,242.0
Training/Glioma/BT-MRI GL Train  (331).jpg,Glioma,224,224,RGB,8,3,0.0,250.0
Training/Pituitary/BT-MRI PI Train (123).jpg,Pituitary,224,224,RGB,8,3,0.0,251.0
Training/Pituitary/BT-MRI PI Train (892).jpg,Pituitary,224,224,RGB,8,3,0.0,254.0
Training/No-tumor/BT-MRI NO Train (1421).jpg,No-tumor,224,224,RGB,8,3,0.0,255.0
Training/Meningioma/BT-MRI  ME Train (101).jpg,Meningioma,224,224,RGB,8,3,0.0,227.0
Training/Glioma/BT-MRI GL Train  (1184).jpg,Glioma,224,224,RGB,8,3,0.0,244.0
Training/Glioma/BT-MRI GL Train  (631).jpg,Glioma,224,224,RGB,8,3,0.0,225.0
Training/Glioma/BT-MRI GL Train  (772).jpg,Glioma,224,224,RGB,8,3,0.0,210.0
Training/Glioma/BT-MRI GL Train  (1108).jpg,Glioma,224,224,RGB,8,3,0.0,245.0
Training/Glioma/BT-MRI GL Train  (256).jpg,Glioma,224,224,RGB,8,3,0.0,240.0
Training/No-tumor/BT-MRI NO Train (735).jpg,No-tumor,224,224,RGB,8,3,0.0,255.0
Training/Meningioma/BT-MRI  ME Train (722).jpg,Meningioma,224,224,RGB,8,3,0.0,255.0
Training/No-tumor/BT-MRI NO Train (1323).jpg,No-tumor,224,224,RGB,8,3,0.0,255.0
Training/Pituitary/BT-MRI PI Train (918).jpg,Pituitary,224,224,RGB,8,3,0.0,224.0
Training/No-tumor/BT-MRI NO Train (547).jpg,No-tumor,224,224,RGB,8,3,0.0,255.0
Training/Meningioma/BT-MRI  ME Train (235).jpg,Meningioma,224,224,RGB,8,3,0.0,255.0
Training/Pituitary/BT-MRI PI Train (709).jpg,Pituitary,224,224,RGB,8,3,0.0,241.0
Training/Glioma/BT-MRI GL Train  (566).jpg,Glioma,224,224,RGB,8,3,0.0,244.0
Training/Glioma/BT-MRI GL Train  (202).jpg,Glioma,224,224,RGB,8,3,0.0,231.0
Testing/Glioma/BT-MRI Test GL (268).jpg,Glioma,224,224,RGB,8,3,0.0,251.0
Testing/Glioma/BT-MRI Test GL (187).jpg,Glioma,224,224,RGB,8,3,0.0,246.0
Testing/Pituitary/BT-MRI PI Test (17).jpg,Pituitary,224,224,RGB,8,3,0.0,244.0
Testing/Glioma/BT-MRI Test GL (198).jpg,Glioma,224,224,RGB,8,3,0.0,254.0
Training/Glioma/BT-MRI GL Train  (835).jpg,Glioma,224,224,RGB,8,3,0.0,243.0
Training/Glioma/BT-MRI GL Train  (706).jpg,Glioma,224,224,RGB,8,3,0.0,243.0
Testing/No-tumor/BT-MRI NO Test (179).jpg,No-tumor,224,224,RGB,8,3,0.0,255.0
Training/No-tumor/BT-MRI NO Train (83).jpg,No-tumor,224,224,RGB,8,3,0.0,255.0
Training/Pituitary/BT-MRI PI Train (758).jpg,Pituitary,224,224,RGB,8,3,0.0,253.0
Training/Pituitary/BT-MRI PI Train (206).jpg,Pituitary,224,224,RGB,8,3,0.0,220.0
Training/No-tumor/BT-MRI NO Train (1366).jpg,No-tumor,224,224,RGB,8,3,0.0,255.0
Training/Pituitary/BT-MRI PI Train (937).jpg,Pituitary,224,224,RGB,8,3,0.0,244.0
Training/Pituitary/BT-MRI PI Train (802).jpg,Pituitary,224,224,RGB,8,3,0.0,250.0
Testing/Pituitary/BT-MRI PI Test (207).jpg,Pituitary,224,224,RGB,8,3,0.0,255.0
Training/No-tumor/BT-MRI NO Train (311).jpg,No-tumor,224,224,RGB,8,3,0.0,255.0
Training/Glioma/BT-MRI GL Train  (118).jpg,Glioma,224,224,RGB,8,3,0.0,255.0
Training/Pituitary/BT-MRI PI Train (792).jpg,Pituitary,224,224,RGB,8,3,0.0,249.0
Training/No-tumor/BT-MRI NO Train (1467).jpg,No-tumor,224,224,RGB,8,3,0.0,216.0
Testing/Pituitary/BT-MRI PI Test (196).jpg,Pituitary,224,224,RGB,8,3,0.0,237.0
Training/Meningioma/BT-MRI  ME Train (618).jpg,Meningioma,224,224,RGB,8,3,0.0,212.0
Training/Glioma/BT-MRI GL Train  (176).jpg,Glioma,224,224,RGB,8,3,0.0,229.0
Training/Pituitary/BT-MRI PI Train (960).jpg,Pituitary,224,224,RGB,8,3,0.0,232.0
Training/Pituitary/BT-MRI PI Train (708).jpg,Pituitary,224,224,RGB,8,3,0.0,238.0
Training/Glioma/BT-MRI GL Train  (534).jpg,Glioma,224,224,RGB,8,3,0.0,243.0
Testing/Glioma/BT-MRI Test GL (97).jpg,Glioma,224,224,RGB,8,3,0.0,216.0
Training/No-tumor/BT-MRI NO Train (590).jpg,No-tumor,224,224,RGB,8,3,0.0,255.0
Training/Meningioma/BT-MRI  ME Train (598).jpg,Meningioma,224,224,RGB,8,3,0.0,248.0
Training/Meningioma/BT-MRI  ME Train (1269).jpg,Meningioma,224,224,RGB,8,3,0.0,229.0
Training/Pituitary/BT-MRI PI Train (876).jpg,Pituitary,224,224,RGB,8,3,0.0,253.0
Training/Meningioma/BT-MRI  ME Train (713).jpg,Meningioma,224,224,RGB,8,3,0.0,253.0
Training/Glioma/BT-MRI GL Train  (684).jpg,Glioma,224,224,RGB,8,3,0.0,238.0
Training/No-tumor/BT-MRI NO Train (1364).jpg,No-tumor,224,224,RGB,8,3,0.0,255.0
Training/No-tumor/BT-MRI NO Train (513).jpg,No-tumor,224,224,RGB,8,3,0.0,255.0
Testing/Pituitary/BT-MRI PI Test (22).jpg,Pituitary,224,224,RGB,8,3,0.0,247.0
Training/Meningioma/BT-MRI  ME Train (200).jpg,Meningioma,224,224,RGB,8,3,0.0,255.0
Training/Pituitary/BT-MRI PI Train (724).jpg,Pituitary,224,224,RGB,8,3,0.0,243.0
Testing/Glioma/BT-MRI Test GL (249).jpg,Glioma,224,224,RGB,8,3,0.0,238.0
Training/Pituitary/BT-MRI PI Train (88).jpg,Pituitary,224,224,RGB,8,3,0.0,242.0
Training/Meningioma/BT-MRI  ME Train (456).jpg,Meningioma,224,224,RGB,8,3,0.0,252.0
Training/Glioma/BT-MRI GL Train  (1046).jpg,Glioma,224,224,RGB,8,3,0.0,253.0
Training/No-tumor/BT-MRI NO Train (1344).jpg,No-tumor,224,224,RGB,8,3,0.0,255.0
Training/No-tumor/BT-MRI NO Train (943).jpg,No-tumor,224,224,RGB,8,3,0.0,255.0
Testing/No-tumor/BT-MRI NO Test (288).jpg,No-tumor,224,224,RGB,8,3,0.0,255.0
Training/No-tumor/BT-MRI NO Train (847).jpg,No-tumor,224,224,RGB,8,3,0.0,255.0
Training/Glioma/BT-MRI GL Train  (638).jpg,Glioma,224,224,RGB,8,3,0.0,245.0
Training/No-tumor/BT-MRI NO Train (1275).jpg,No-tumor,224,224,RGB,8,3,0.0,255.0
Training/Pituitary/BT-MRI PI Train (500).jpg,Pituitary,224,224,RGB,8,3,0.0,243.0
Training/Glioma/BT-MRI GL Train  (1319).jpg,Glioma,224,224,RGB,8,3,0.0,247.0
Testing/No-tumor/BT-MRI NO Test (235).jpg,No-tumor,224,224,RGB,8,3,0.0,255.0
Training/Meningioma/BT-MRI  ME Train (1107).jpg,Meningioma,224,224,RGB,8,3,0.0,255.0
Training/Glioma/BT-MRI GL Train  (316).jpg,Glioma,224,224,RGB,8,3,0.0,243.0
Testing/Glioma/BT-MRI Test GL (283).jpg,Glioma,224,224,RGB,8,3,0.0,218.0
Training/Pituitary/BT-MRI PI Train (230).jpg,Pituitary,224,224,RGB,8,3,0.0,255.0
Training/No-tumor/BT-MRI NO Train (1233).jpg,No-tumor,224,224,RGB,8,3,0.0,255.0
Testing/Glioma/BT-MRI Test GL (120).jpg,Glioma,224,224,RGB,8,3,0.0,240.0
Training/No-tumor/BT-MRI NO Train (1437).jpg,No-tumor,224,224,RGB,8,3,0.0,255.0
Testing/Glioma/BT-MRI Test GL (189).jpg,Glioma,224,224,RGB,8,3,0.0,245.0
Training/Meningioma/BT-MRI  ME Train (1079).jpg,Meningioma,224,224,RGB,8,3,0.0,231.0
Training/No-tumor/BT-MRI NO Train (1582).jpg,No-tumor,224,224,RGB,8,3,0.0,255.0
Training/No-tumor/BT-MRI NO Train (1406).jpg,No-tumor,224,224,RGB,8,3,0.0,255.0
Training/Pituitary/BT-MRI PI Train (557).jpg,Pituitary,224,224,RGB,8,3,0.0,251.0
Testing/No-tumor/BT-MRI NO Test (280).jpg,No-tumor,224,224,RGB,8,3,0.0,255.0
Training/No-tumor/BT-MRI NO Train (1172).jpg,No-tumor,224,224,RGB,8,3,0.0,255.0
Training/Meningioma/BT-MRI  ME Train (596).jpg,Meningioma,224,224,RGB,8,3,0.0,251.0
Training/Meningioma/BT-MRI  ME Train (595).jpg,Meningioma,224,224,RGB,8,3,0.0,249.0
Training/No-tumor/BT-MRI NO Train (726).jpg,No-tumor,224,224,RGB,8,3,0.0,255.0
Training/Meningioma/BT-MRI  ME Train (273).jpg,Meningioma,224,224,RGB,8,3,0.0,255.0
Training/Glioma/BT-MRI GL Train  (1179).jpg,Glioma,224,224,RGB,8,3,0.0,247.0
Training/Glioma/BT-MRI GL Train  (82).jpg,Glioma,224,224,RGB,8,3,0.0,224.0
Training/Pituitary/BT-MRI PI Train (386).jpg,Pituitary,224,224,RGB,8,3,0.0,250.0
Training/Meningioma/BT-MRI  ME Train (928).jpg,Meningioma,224,224,RGB,8,3,0.0,252.0
Testing/Glioma/BT-MRI Test GL (126).jpg,Glioma,224,224,RGB,8,3,0.0,238.0
Training/Meningioma/BT-MRI  ME Train (828).jpg,Meningioma,224,224,RGB,8,3,0.0,251.0
Training/Pituitary/BT-MRI PI Train (271).jpg,Pituitary,224,224,RGB,8,3,0.0,226.0
Training/Glioma/BT-MRI GL Train  (955).jpg,Glioma,224,224,RGB,8,3,0.0,235.0
Testing/Pituitary/BT-MRI PI Test (210).jpg,Pituitary,224,224,RGB,8,3,0.0,238.0
Training/Meningioma/BT-MRI  ME Train (1263).jpg,Meningioma,224,224,RGB,8,3,0.0,236.0
Training/No-tumor/BT-MRI NO Train (1459).jpg,No-tumor,224,224,RGB,8,3,0.0,255.0
Training/Glioma/BT-MRI GL Train  (793).jpg,Glioma,224,224,RGB,8,3,0.0,242.0
Testing/No-tumor/BT-MRI NO Test (153).jpg,No-tumor,224,224,RGB,8,3,0.0,255.0
Testing/Meningioma/BT-MRI ME Test (131).jpg,Meningioma,224,224,RGB,8,3,15.0,255.0
Training/No-tumor/BT-MRI NO Train (1460).jpg,No-tumor,224,224,RGB,8,3,0.0,177.0
Training/Glioma/BT-MRI GL Train  (1137).jpg,Glioma,224,224,RGB,8,3,0.0,241.0
Training/Glioma/BT-MRI GL Train  (1134).jpg,Glioma,224,224,RGB,8,3,0.0,231.0
Training/Meningioma/BT-MRI  ME Train (455).jpg,Meningioma,224,224,RGB,8,3,0.0,255.0
Training/Meningioma/BT-MRI  ME Train (137).jpg,Meningioma,224,224,RGB,8,3,0.0,252.0
Training/Glioma/BT-MRI GL Train  (563).jpg,Glioma,224,224,RGB,8,3,0.0,226.0
Training/Pituitary/BT-MRI PI Train (6).jpg,Pituitary,224,224,RGB,8,3,0.0,246.0
Testing/Meningioma/BT-MRI ME Test (204).jpg,Meningioma,224,224,RGB,8,3,0.0,252.0
Training/No-tumor/BT-MRI NO Train (875).jpg,No-tumor,224,224,RGB,8,3,0.0,255.0
Testing/Pituitary/BT-MRI PI Test (4).jpg,Pituitary,224,224,RGB,8,3,0.0,226.0
Training/Pituitary/BT-MRI PI Train (273).jpg,Pituitary,224,224,RGB,8,3,0.0,234.0
Training/No-tumor/BT-MRI NO Train (457).jpg,No-tumor,224,224,RGB,8,3,0.0,255.0
Testing/Meningioma/BT-MRI ME Test (159).jpg,Meningioma,224,224,RGB,8,3,0.0,252.0
Training/Pituitary/BT-MRI PI Train (538).jpg,Pituitary,224,224,RGB,8,3,0.0,234.0
Testing/Pituitary/BT-MRI PI Test (157).jpg,Pituitary,224,224,RGB,8,3,0.0,249.0
Training/No-tumor/BT-MRI NO Train (208).jpg,No-tumor,224,224,RGB,8,3,0.0,255.0
Training/No-tumor/BT-MRI NO Train (991).jpg,No-tumor,224,224,RGB,8,3,0.0,239.0
Training/Meningioma/BT-MRI  ME Train (550).jpg,Meningioma,224,224,RGB,8,3,0.0,255.0
Training/Meningioma/BT-MRI  ME Train (450).jpg,Meningioma,224,224,RGB,8,3,0.0,246.0
Training/Pituitary/BT-MRI PI Train (936).jpg,Pituitary,224,224,RGB,8,3,0.0,230.0
Training/Glioma/BT-MRI GL Train  (430).jpg,Glioma,224,224,RGB,8,3,0.0,254.0
Testing/Glioma/BT-MRI Test GL (141).jpg,Glioma,224,224,RGB,8,3,0.0,226.0
Training/Pituitary/BT-MRI PI Train (1326).jpg,Pituitary,224,224,RGB,8,3,0.0,246.0
Training/Glioma/BT-MRI GL Train  (170).jpg,Glioma,224,224,RGB,8,3,0.0,245.0
Training/Glioma/BT-MRI GL Train  (463).jpg,Glioma,224,224,RGB,8,3,0.0,246.0
Training/Pituitary/BT-MRI PI Train (91).jpg,Pituitary,224,224,RGB,8,3,0.0,250.0
Training/Meningioma/BT-MRI  ME Train (858).jpg,Meningioma,224,224,RGB,8,3,0.0,247.0
Training/No-tumor/BT-MRI NO Train (760).jpg,No-tumor,224,224,RGB,8,3,0.0,255.0
Training/No-tumor/BT-MRI NO Train (843).jpg,No-tumor,224,224,RGB,8,3,0.0,255.0
Training/Glioma/BT-MRI GL Train  (1136).jpg,Glioma,224,224,RGB,8,3,0.0,247.0
Training/No-tumor/BT-MRI NO Train (853).jpg,No-tumor,224,224,RGB,8,3,0.0,255.0
Training/Meningioma/BT-MRI  ME Train (234).jpg,Meningioma,224,224,RGB,8,3,0.0,255.0
Training/Pituitary/BT-MRI PI Train (1003).jpg,Pituitary,224,224,RGB,8,3,0.0,209.0
Training/Glioma/BT-MRI GL Train  (1253).jpg,Glioma,224,224,RGB,8,3,0.0,246.0
Training/No-tumor/BT-MRI NO Train (1274).jpg,No-tumor,224,224,RGB,8,3,0.0,255.0
Training/Glioma/BT-MRI GL Train  (1185).jpg,Glioma,224,224,RGB,8,3,0.0,237.0
Training/Glioma/BT-MRI GL Train  (386).jpg,Glioma,224,224,RGB,8,3,0.0,231.0
Training/Glioma/BT-MRI GL Train  (484).jpg,Glioma,224,224,RGB,8,3,0.0,241.0
Training/Meningioma/BT-MRI  ME Train (1308).jpg,Meningioma,224,224,RGB,8,3,0.0,246.0
Training/Meningioma/BT-MRI  ME Train (614).jpg,Meningioma,224,224,RGB,8,3,0.0,218.0
Training/Pituitary/BT-MRI PI Train (1335).jpg,Pituitary,224,224,RGB,8,3,0.0,252.0
Training/Meningioma/BT-MRI  ME Train (1022).jpg,Meningioma,224,224,RGB,8,3,0.0,241.0
Training/No-tumor/BT-MRI NO Train (401).jpg,No-tumor,224,224,RGB,8,3,0.0,232.0
Training/No-tumor/BT-MRI NO Train (888).jpg,No-tumor,224,224,RGB,8,3,0.0,255.0
Testing/No-tumor/BT-MRI NO Test (228).jpg,No-tumor,224,224,RGB,8,3,0.0,234.0
Training/Meningioma/BT-MRI  ME Train (437).jpg,Meningioma,224,224,RGB,8,3,0.0,231.0
Training/No-tumor/BT-MRI NO Train (588).jpg,No-tumor,224,224,RGB,8,3,0.0,255.0
Training/Pituitary/BT-MRI PI Train (765).jpg,Pituitary,224,224,RGB,8,3,0.0,244.0
Training/Pituitary/BT-MRI PI Train (1306).jpg,Pituitary,224,224,RGB,8,3,0.0,253.0
Training/Glioma/BT-MRI GL Train  (943).jpg,Glioma,224,224,RGB,8,3,0.0,242.0
Training/Pituitary/BT-MRI PI Train (211).jpg,Pituitary,224,224,RGB,8,3,0.0,255.0
Training/Glioma/BT-MRI GL Train  (1282).jpg,Glioma,224,224,RGB,8,3,0.0,245.0
Training/Meningioma/BT-MRI  ME Train (353).jpg,Meningioma,224,224,RGB,8,3,0.0,255.0
Training/No-tumor/BT-MRI NO Train (1072).jpg,No-tumor,224,224,RGB,8,3,0.0,255.0
Testing/Glioma/BT-MRI Test GL (17).jpg,Glioma,224,224,RGB,8,3,0.0,236.0
Training/Meningioma/BT-MRI  ME Train (1023).jpg,Meningioma,224,224,RGB,8,3,0.0,253.0
Training/Glioma/BT-MRI GL Train  (497).jpg,Glioma,224,224,RGB,8,3,0.0,232.0
Testing/Pituitary/BT-MRI PI Test (82).jpg,Pituitary,224,224,RGB,8,3,0.0,249.0
Training/Glioma/BT-MRI GL Train  (31).jpg,Glioma,224,224,RGB,8,3,0.0,253.0
Training/No-tumor/BT-MRI NO Train (739).jpg,No-tumor,224,224,RGB,8,3,0.0,246.0
Testing/No-tumor/BT-MRI NO Test (233).jpg,No-tumor,224,224,RGB,8,3,0.0,251.0
Training/Meningioma/BT-MRI  ME Train (159).jpg,Meningioma,224,224,RGB,8,3,0.0,242.0
Training/Glioma/BT-MRI GL Train  (406).jpg,Glioma,224,224,RGB,8,3,0.0,237.0
Training/Meningioma/BT-MRI  ME Train (1030).jpg,Meningioma,224,224,RGB,8,3,0.0,244.0
Training/Pituitary/BT-MRI PI Train (723).jpg,Pituitary,224,224,RGB,8,3,0.0,245.0
Training/No-tumor/BT-MRI NO Train (1259).jpg,No-tumor,224,224,RGB,8,3,0.0,255.0
Training/Pituitary/BT-MRI PI Train (932).jpg,Pituitary,224,224,RGB,8,3,0.0,227.0
Testing/Pituitary/BT-MRI PI Test (299).jpg,Pituitary,224,224,RGB,8,3,0.0,255.0
Training/Meningioma/BT-MRI  ME Train (310).jpg,Meningioma,224,224,RGB,8,3,0.0,237.0
Training/Pituitary/BT-MRI PI Train (1394).jpg,Pituitary,224,224,RGB,8,3,0.0,248.0
Training/Meningioma/BT-MRI  ME Train (1113).jpg,Meningioma,224,224,RGB,8,3,0.0,255.0
Training/Glioma/BT-MRI GL Train  (1205).jpg,Glioma,224,224,RGB,8,3,0.0,252.0
Training/No-tumor/BT-MRI NO Train (1170).jpg,No-tumor,224,224,RGB,8,3,0.0,255.0
Training/Glioma/BT-MRI GL Train  (1196).jpg,Glioma,224,224,RGB,8,3,0.0,247.0
Training/No-tumor/BT-MRI NO Train (1595).jpg,No-tumor,224,224,RGB,8,3,0.0,255.0
Training/No-tumor/BT-MRI NO Train (1174).jpg,No-tumor,224,224,RGB,8,3,0.0,255.0
Training/No-tumor/BT-MRI NO Train (388).jpg,No-tumor,224,224,RGB,8,3,0.0,255.0
Training/Pituitary/BT-MRI PI Train (616).jpg,Pituitary,224,224,RGB,8,3,0.0,240.0
Training/No-tumor/BT-MRI NO Train (38).jpg,No-tumor,224,224,RGB,8,3,0.0,255.0
Training/Pituitary/BT-MRI PI Train (986).jpg,Pituitary,224,224,RGB,8,3,0.0,220.0
Training/Pituitary/BT-MRI PI Train (427).jpg,Pituitary,224,224,RGB,8,3,0.0,229.0
Training/Pituitary/BT-MRI PI Train (1318).jpg,Pituitary,224,224,RGB,8,3,0.0,252.0
Training/Pituitary/BT-MRI PI Train (572).jpg,Pituitary,224,224,RGB,8,3,0.0,240.0
Training/No-tumor/BT-MRI NO Train (1017).jpg,No-tumor,224,224,RGB,8,3,0.0,255.0
Testing/No-tumor/BT-MRI NO Test (294).jpg,No-tumor,224,224,RGB,8,3,0.0,255.0
Training/Meningioma/BT-MRI  ME Train (1338).jpg,Meningioma,224,224,RGB,8,3,0.0,245.0
Testing/Meningioma/BT-MRI ME Test (251).jpg,Meningioma,224,224,RGB,8,3,0.0,255.0
Training/Pituitary/BT-MRI PI Train (742).jpg,Pituitary,224,224,RGB,8,3,0.0,255.0
Training/Pituitary/BT-MRI PI Train (322).jpg,Pituitary,224,224,RGB,8,3,0.0,244.0
Training/Meningioma/BT-MRI  ME Train (269).jpg,Meningioma,224,224,RGB,8,3,0.0,255.0
Training/Meningioma/BT-MRI  ME Train (842).jpg,Meningioma,224,224,RGB,8,3,0.0,220.0
Training/No-tumor/BT-MRI NO Train (744).jpg,No-tumor,224,224,RGB,8,3,0.0,255.0
Training/Meningioma/BT-MRI  ME Train (693).jpg,Meningioma,224,224,RGB,8,3,0.0,255.0
Training/No-tumor/BT-MRI NO Train (727).jpg,No-tumor,224,224,RGB,8,3,0.0,255.0
Testing/Glioma/BT-MRI Test GL (73).jpg,Glioma,224,224,RGB,8,3,0.0,238.0
Training/Meningioma/BT-MRI  ME Train (620).jpg,Meningioma,224,224,RGB,8,3,0.0,250.0
Training/No-tumor/BT-MRI NO Train (58).jpg,No-tumor,224,224,RGB,8,3,0.0,255.0
Training/Glioma/BT-MRI GL Train  (122).jpg,Glioma,224,224,RGB,8,3,0.0,241.0
Training/Pituitary/BT-MRI PI Train (1157).jpg,Pituitary,224,224,RGB,8,3,0.0,245.0
Testing/Pituitary/BT-MRI PI Test (150).jpg,Pituitary,224,224,RGB,8,3,0.0,245.0
Training/Meningioma/BT-MRI  ME Train (774).jpg,Meningioma,224,224,RGB,8,3,0.0,245.0
Testing/No-tumor/BT-MRI NO Test (254).jpg,No-tumor,224,224,RGB,8,3,0.0,255.0
Testing/Glioma/BT-MRI Test GL (104).jpg,Glioma,224,224,RGB,8,3,0.0,209.0
Training/Meningioma/BT-MRI  ME Train (1183).jpg,Meningioma,224,224,RGB,8,3,0.0,255.0
Training/Glioma/BT-MRI GL Train  (688).jpg,Glioma,224,224,RGB,8,3,0.0,239.0
Training/No-tumor/BT-MRI NO Train (1208).jpg,No-tumor,224,224,RGB,8,3,0.0,255.0
Training/No-tumor/BT-MRI NO Train (1577).jpg,No-tumor,224,224,RGB,8,3,0.0,255.0
Training/No-tumor/BT-MRI NO Train (820).jpg,No-tumor,224,224,RGB,8,3,0.0,255.0
Testing/Pituitary/BT-MRI PI Test (125).jpg,Pituitary,224,224,RGB,8,3,0.0,246.0
Testing/Meningioma/BT-MRI ME Test (230).jpg,Meningioma,224,224,RGB,8,3,0.0,255.0
Training/Pituitary/BT-MRI PI Train (1233).jpg,Pituitary,224,224,RGB,8,3,0.0,213.0
Training/Meningioma/BT-MRI  ME Train (1165).jpg,Meningioma,224,224,RGB,8,3,0.0,253.0
Training/Meningioma/BT-MRI  ME Train (326).jpg,Meningioma,224,224,RGB,8,3,0.0,255.0
Training/Glioma/BT-MRI GL Train  (515).jpg,Glioma,224,224,RGB,8,3,0.0,225.0
Training/Meningioma/BT-MRI  ME Train (951).jpg,Meningioma,224,224,RGB,8,3,0.0,240.0
Testing/Meningioma/BT-MRI ME Test (261).jpg,Meningioma,224,224,RGB,8,3,0.0,248.0
Training/Glioma/BT-MRI GL Train  (711).jpg,Glioma,224,224,RGB,8,3,0.0,250.0
Testing/No-tumor/BT-MRI NO Test (390).jpg,No-tumor,224,224,RGB,8,3,0.0,255.0
Training/Pituitary/BT-MRI PI Train (1235).jpg,Pituitary,224,224,RGB,8,3,0.0,253.0
Training/Glioma/BT-MRI GL Train  (1091).jpg,Glioma,224,224,RGB,8,3,0.0,243.0
Training/Meningioma/BT-MRI  ME Train (1284).jpg,Meningioma,224,224,RGB,8,3,0.0,250.0
Training/Meningioma/BT-MRI  ME Train (1205).jpg,Meningioma,224,224,RGB,8,3,0.0,235.0
Testing/Glioma/BT-MRI Test GL (63).jpg,Glioma,224,224,RGB,8,3,0.0,225.0
Training/No-tumor/BT-MRI NO Train (859).jpg,No-tumor,224,224,RGB,8,3,0.0,255.0
Training/Glioma/BT-MRI GL Train  (839).jpg,Glioma,224,224,RGB,8,3,0.0,227.0
Training/Pituitary/BT-MRI PI Train (541).jpg,Pituitary,224,224,RGB,8,3,0.0,247.0
Training/Glioma/BT-MRI GL Train  (370).jpg,Glioma,224,224,RGB,8,3,0.0,238.0
Training/Glioma/BT-MRI GL Train  (1031).jpg,Glioma,224,224,RGB,8,3,0.0,245.0
Training/Pituitary/BT-MRI PI Train (1386).jpg,Pituitary,224,224,RGB,8,3,0.0,254.0
Training/No-tumor/BT-MRI NO Train (733).jpg,No-tumor,224,224,RGB,8,3,0.0,255.0
Training/No-tumor/BT-MRI NO Train (1020).jpg,No-tumor,224,224,RGB,8,3,0.0,255.0
Training/No-tumor/BT-MRI NO Train (766).jpg,No-tumor,224,224,RGB,8,3,0.0,255.0
Training/No-tumor/BT-MRI NO Train (632).jpg,No-tumor,224,224,RGB,8,3,0.0,255.0
Training/Pituitary/BT-MRI PI Train (629).jpg,Pituitary,224,224,RGB,8,3,0.0,233.0
Training/Meningioma/BT-MRI  ME Train (461).jpg,Meningioma,224,224,RGB,8,3,0.0,229.0
Training/Glioma/BT-MRI GL Train  (127).jpg,Glioma,224,224,RGB,8,3,0.0,236.0
Training/Pituitary/BT-MRI PI Train (665).jpg,Pituitary,224,224,RGB,8,3,0.0,247.0
Training/No-tumor/BT-MRI NO Train (1066).jpg,No-tumor,224,224,RGB,8,3,0.0,255.0
Training/Glioma/BT-MRI GL Train  (426).jpg,Glioma,224,224,RGB,8,3,0.0,228.0
Testing/Meningioma/BT-MRI ME Test (162).jpg,Meningioma,224,224,RGB,8,3,0.0,237.0
Testing/Pituitary/BT-MRI PI Test (220).jpg,Pituitary,224,224,RGB,8,3,0.0,249.0
Training/Pituitary/BT-MRI PI Train (1231).jpg,Pituitary,224,224,RGB,8,3,0.0,243.0
Training/No-tumor/BT-MRI NO Train (1500).jpg,No-tumor,224,224,RGB,8,3,0.0,255.0
Training/Meningioma/BT-MRI  ME Train (510).jpg,Meningioma,224,224,RGB,8,3,0.0,255.0
Training/Pituitary/BT-MRI PI Train (495).jpg,Pituitary,224,224,RGB,8,3,0.0,242.0
Training/No-tumor/BT-MRI NO Train (829).jpg,No-tumor,224,224,RGB,8,3,0.0,255.0
Training/No-tumor/BT-MRI NO Train (293).jpg,No-tumor,224,224,RGB,8,3,0.0,255.0
Testing/Pituitary/BT-MRI PI Test (16).jpg,Pituitary,224,224,RGB,8,3,0.0,246.0
Training/Pituitary/BT-MRI PI Train (704).jpg,Pituitary,224,224,RGB,8,3,0.0,228.0
Testing/Meningioma/BT-MRI ME Test (238).jpg,Meningioma,224,224,RGB,8,3,0.0,249.0
Training/Meningioma/BT-MRI  ME Train (340).jpg,Meningioma,224,224,RGB,8,3,0.0,255.0
Training/No-tumor/BT-MRI NO Train (575).jpg,No-tumor,224,224,RGB,8,3,0.0,255.0
Testing/Pituitary/BT-MRI PI Test (188).jpg,Pituitary,224,224,RGB,8,3,0.0,209.0
Training/Pituitary/BT-MRI PI Train (1014).jpg,Pituitary,224,224,RGB,8,3,0.0,254.0
Training/Meningioma/BT-MRI  ME Train (22).jpg,Meningioma,224,224,RGB,8,3,0.0,252.0
Training/Pituitary/BT-MRI PI Train (358).jpg,Pituitary,224,224,RGB,8,3,0.0,237.0
Training/No-tumor/BT-MRI NO Train (1568).jpg,No-tumor,224,224,RGB,8,3,0.0,233.0
Training/Pituitary/BT-MRI PI Train (678).jpg,Pituitary,224,224,RGB,8,3,0.0,246.0
Training/No-tumor/BT-MRI NO Train (251).jpg,No-tumor,224,224,RGB,8,3,0.0,202.0
Testing/Meningioma/BT-MRI ME Test (142).jpg,Meningioma,224,224,RGB,8,3,0.0,228.0
Training/Meningioma/BT-MRI  ME Train (24).jpg,Meningioma,224,224,RGB,8,3,0.0,244.0
Training/Meningioma/BT-MRI  ME Train (710).jpg,Meningioma,224,224,RGB,8,3,0.0,251.0
Testing/Pituitary/BT-MRI PI Test (11).jpg,Pituitary,224,224,RGB,8,3,0.0,255.0
Training/Glioma/BT-MRI GL Train  (527).jpg,Glioma,224,224,RGB,8,3,0.0,252.0
Training/Pituitary/BT-MRI PI Train (1353).jpg,Pituitary,224,224,RGB,8,3,0.0,255.0
Training/Pituitary/BT-MRI PI Train (487).jpg,Pituitary,224,224,RGB,8,3,0.0,229.0
Testing/Pituitary/BT-MRI PI Test (124).jpg,Pituitary,224,224,RGB,8,3,0.0,223.0
Training/Glioma/BT-MRI GL Train  (760).jpg,Glioma,224,224,RGB,8,3,0.0,244.0
Testing/No-tumor/BT-MRI NO Test (237).jpg,No-tumor,224,224,RGB,8,3,0.0,255.0
Training/Meningioma/BT-MRI  ME Train (964).jpg,Meningioma,224,224,RGB,8,3,0.0,251.0
Training/No-tumor/BT-MRI NO Train (884).jpg,No-tumor,224,224,RGB,8,3,0.0,255.0
Testing/Meningioma/BT-MRI ME Test (185).jpg,Meningioma,224,224,RGB,8,3,0.0,229.0
Training/Pituitary/BT-MRI PI Train (587).jpg,Pituitary,224,224,RGB,8,3,0.0,228.0
Testing/Pituitary/BT-MRI PI Test (58).jpg,Pituitary,224,224,RGB,8,3,0.0,249.0
Testing/Pituitary/BT-MRI PI Test (90).jpg,Pituitary,224,224,RGB,8,3,0.0,255.0
Training/Pituitary/BT-MRI PI Train (1297).jpg,Pituitary,224,224,RGB,8,3,0.0,242.0
Training/Glioma/BT-MRI GL Train  (645).jpg,Glioma,224,224,RGB,8,3,0.0,202.0
Training/No-tumor/BT-MRI NO Train (892).jpg,No-tumor,224,224,RGB,8,3,0.0,255.0
Training/Pituitary/BT-MRI PI Train (823).jpg,Pituitary,224,224,RGB,8,3,0.0,244.0
Training/Pituitary/BT-MRI PI Train (290).jpg,Pituitary,224,224,RGB,8,3,0.0,219.0
Testing/No-tumor/BT-MRI NO Test (270).jpg,No-tumor,224,224,RGB,8,3,0.0,255.0
Testing/Pituitary/BT-MRI PI Test (162).jpg,Pituitary,224,224,RGB,8,3,0.0,244.0
Training/No-tumor/BT-MRI NO Train (1268).jpg,No-tumor,224,224,RGB,8,3,0.0,255.0
Training/Meningioma/BT-MRI  ME Train (15).jpg,Meningioma,224,224,RGB,8,3,0.0,229.0
Training/No-tumor/BT-MRI NO Train (1250).jpg,No-tumor,224,224,RGB,8,3,0.0,255.0
Training/Glioma/BT-MRI GL Train  (720).jpg,Glioma,224,224,RGB,8,3,0.0,235.0
Training/Glioma/BT-MRI GL Train  (685).jpg,Glioma,224,224,RGB,8,3,0.0,247.0
Testing/Glioma/BT-MRI Test GL (77).jpg,Glioma,224,224,RGB,8,3,0.0,245.0
Training/Glioma/BT-MRI GL Train  (483).jpg,Glioma,224,224,RGB,8,3,0.0,239.0
Training/Pituitary/BT-MRI PI Train (1072).jpg,Pituitary,224,224,RGB,8,3,0.0,248.0
Training/Pituitary/BT-MRI PI Train (914).jpg,Pituitary,224,224,RGB,8,3,0.0,248.0
Training/Pituitary/BT-MRI PI Train (938).jpg,Pituitary,224,224,RGB,8,3,0.0,222.0
Training/Glioma/BT-MRI GL Train  (813).jpg,Glioma,224,224,RGB,8,3,0.0,236.0
Training/Pituitary/BT-MRI PI Train (951).jpg,Pituitary,224,224,RGB,8,3,0.0,253.0
Training/No-tumor/BT-MRI NO Train (1095).jpg,No-tumor,224,224,RGB,8,3,0.0,255.0
Training/No-tumor/BT-MRI NO Train (1144).jpg,No-tumor,224,224,RGB,8,3,0.0,169.0
Training/Glioma/BT-MRI GL Train  (438).jpg,Glioma,224,224,RGB,8,3,0.0,232.0
Testing/Glioma/BT-MRI Test GL (145).jpg,Glioma,224,224,RGB,8,3,0.0,233.0
Training/Pituitary/BT-MRI PI Train (1256).jpg,Pituitary,224,224,RGB,8,3,0.0,216.0
Training/Pituitary/BT-MRI PI Train (994).jpg,Pituitary,224,224,RGB,8,3,0.0,227.0
Training/Pituitary/BT-MRI PI Train (70).jpg,Pituitary,224,224,RGB,8,3,0.0,237.0
Testing/Pituitary/BT-MRI PI Test (224).jpg,Pituitary,224,224,RGB,8,3,0.0,240.0
Training/Meningioma/BT-MRI  ME Train (46).jpg,Meningioma,224,224,RGB,8,3,0.0,230.0
Training/No-tumor/BT-MRI NO Train (484).jpg,No-tumor,224,224,RGB,8,3,0.0,255.0
Training/Pituitary/BT-MRI PI Train (30).jpg,Pituitary,224,224,RGB,8,3,0.0,245.0
Training/Glioma/BT-MRI GL Train  (848).jpg,Glioma,224,224,RGB,8,3,0.0,240.0
Training/No-tumor/BT-MRI NO Train (482).jpg,No-tumor,224,224,RGB,8,3,0.0,255.0
Testing/Meningioma/BT-MRI ME Test (199).jpg,Meningioma,224,224,RGB,8,3,0.0,246.0
Training/Glioma/BT-MRI GL Train  (837).jpg,Glioma,224,224,RGB,8,3,0.0,237.0
Training/No-tumor/BT-MRI NO Train (1262).jpg,No-tumor,224,224,RGB,8,3,0.0,255.0
Training/Pituitary/BT-MRI PI Train (1263).jpg,Pituitary,224,224,RGB,8,3,0.0,244.0
Training/Meningioma/BT-MRI  ME Train (7).jpg,Meningioma,224,224,RGB,8,3,0.0,233.0
Testing/Pituitary/BT-MRI PI Test (230).jpg,Pituitary,224,224,RGB,8,3,0.0,237.0
Training/Meningioma/BT-MRI  ME Train (309).jpg,Meningioma,224,224,RGB,8,3,0.0,250.0
Testing/Glioma/BT-MRI Test GL (216).jpg,Glioma,224,224,RGB,8,3,0.0,230.0
Training/Meningioma/BT-MRI  ME Train (1081).jpg,Meningioma,224,224,RGB,8,3,0.0,248.0
Testing/Meningioma/BT-MRI ME Test (177).jpg,Meningioma,224,224,RGB,8,3,0.0,237.0
Training/Glioma/BT-MRI GL Train  (162).jpg,Glioma,224,224,RGB,8,3,0.0,230.0
Training/Glioma/BT-MRI GL Train  (599).jpg,Glioma,224,224,RGB,8,3,0.0,238.0
Training/Meningioma/BT-MRI  ME Train (997).jpg,Meningioma,224,224,RGB,8,3,0.0,252.0
Training/Meningioma/BT-MRI  ME Train (415).jpg,Meningioma,224,224,RGB,8,3,0.0,255.0
Training/Glioma/BT-MRI GL Train  (948).jpg,Glioma,224,224,RGB,8,3,0.0,220.0
Training/Meningioma/BT-MRI  ME Train (18).jpg,Meningioma,224,224,RGB,8,3,0.0,239.0
Training/Pituitary/BT-MRI PI Train (1034).jpg,Pituitary,224,224,RGB,8,3,0.0,255.0
Training/No-tumor/BT-MRI NO Train (1014).jpg,No-tumor,224,224,RGB,8,3,0.0,255.0
Training/No-tumor/BT-MRI NO Train (1179).jpg,No-tumor,224,224,RGB,8,3,0.0,255.0
Testing/Pituitary/BT-MRI PI Test (249).jpg,Pituitary,224,224,RGB,8,3,0.0,255.0
Training/Glioma/BT-MRI GL Train  (141).jpg,Glioma,224,224,RGB,8,3,0.0,213.0
Training/Meningioma/BT-MRI  ME Train (744).jpg,Meningioma,224,224,RGB,8,3,0.0,253.0
Training/Meningioma/BT-MRI  ME Train (507).jpg,Meningioma,224,224,RGB,8,3,0.0,251.0
Training/Meningioma/BT-MRI  ME Train (551).jpg,Meningioma,224,224,RGB,8,3,0.0,250.0
Training/Meningioma/BT-MRI  ME Train (672).jpg,Meningioma,224,224,RGB,8,3,0.0,255.0
Training/No-tumor/BT-MRI NO Train (1393).jpg,No-tumor,224,224,RGB,8,3,0.0,255.0
Training/Glioma/BT-MRI GL Train  (466).jpg,Glioma,224,224,RGB,8,3,0.0,243.0
Training/No-tumor/BT-MRI NO Train (487).jpg,No-tumor,224,224,RGB,8,3,0.0,255.0
Training/No-tumor/BT-MRI NO Train (1391).jpg,No-tumor,224,224,RGB,8,3,0.0,255.0
Training/Glioma/BT-MRI GL Train  (587).jpg,Glioma,224,224,RGB,8,3,0.0,232.0
Training/Pituitary/BT-MRI PI Train (635).jpg,Pituitary,224,224,RGB,8,3,0.0,230.0
Training/Pituitary/BT-MRI PI Train (1145).jpg,Pituitary,224,224,RGB,8,3,0.0,247.0
Training/Meningioma/BT-MRI  ME Train (923).jpg,Meningioma,224,224,RGB,8,3,0.0,244.0
Training/Glioma/BT-MRI GL Train  (1264).jpg,Glioma,224,224,RGB,8,3,0.0,247.0
Training/Glioma/BT-MRI GL Train  (507).jpg,Glioma,224,224,RGB,8,3,0.0,241.0
Training/No-tumor/BT-MRI NO Train (858).jpg,No-tumor,224,224,RGB,8,3,0.0,255.0
Training/No-tumor/BT-MRI NO Train (567).jpg,No-tumor,224,224,RGB,8,3,0.0,255.0
Testing/No-tumor/BT-MRI NO Test (225).jpg,No-tumor,224,224,RGB,8,3,0.0,252.0
Training/No-tumor/BT-MRI NO Train (1332).jpg,No-tumor,224,224,RGB,8,3,0.0,255.0
Testing/No-tumor/BT-MRI NO Test (366).jpg,No-tumor,224,224,RGB,8,3,0.0,255.0
Training/Pituitary/BT-MRI PI Train (47).jpg,Pituitary,224,224,RGB,8,3,0.0,231.0
Testing/No-tumor/BT-MRI NO Test (267).jpg,No-tumor,224,224,RGB,8,3,0.0,255.0
Training/Pituitary/BT-MRI PI Train (883).jpg,Pituitary,224,224,RGB,8,3,0.0,245.0
Training/Meningioma/BT-MRI  ME Train (170).jpg,Meningioma,224,224,RGB,8,3,0.0,255.0
Training/No-tumor/BT-MRI NO Train (1428).jpg,No-tumor,224,224,RGB,8,3,0.0,255.0
Training/Meningioma/BT-MRI  ME Train (957).jpg,Meningioma,224,224,RGB,8,3,0.0,239.0
Testing/Glioma/BT-MRI Test GL (167).jpg,Glioma,224,224,RGB,8,3,0.0,246.0
Training/No-tumor/BT-MRI NO Train (1140).jpg,No-tumor,224,224,RGB,8,3,0.0,255.0
Testing/Glioma/BT-MRI Test GL (140).jpg,Glioma,224,224,RGB,8,3,0.0,237.0
Training/Pituitary/BT-MRI PI Train (516).jpg,Pituitary,224,224,RGB,8,3,0.0,255.0
Training/Meningioma/BT-MRI  ME Train (729).jpg,Meningioma,224,224,RGB,8,3,0.0,245.0
Testing/Glioma/BT-MRI Test GL (255).jpg,Glioma,224,224,RGB,8,3,0.0,249.0
Training/Glioma/BT-MRI GL Train  (329).jpg,Glioma,224,224,RGB,8,3,0.0,252.0
Training/No-tumor/BT-MRI NO Train (447).jpg,No-tumor,224,224,RGB,8,3,0.0,255.0
Training/Pituitary/BT-MRI PI Train (1207).jpg,Pituitary,224,224,RGB,8,3,0.0,246.0
Training/Meningioma/BT-MRI  ME Train (472).jpg,Meningioma,224,224,RGB,8,3,0.0,227.0
Training/Glioma/BT-MRI GL Train  (935).jpg,Glioma,224,224,RGB,8,3,0.0,236.0
Training/No-tumor/BT-MRI NO Train (607).jpg,No-tumor,224,224,RGB,8,3,0.0,255.0
Training/Meningioma/BT-MRI  ME Train (782).jpg,Meningioma,224,224,RGB,8,3,0.0,255.0
Training/Pituitary/BT-MRI PI Train (1041).jpg,Pituitary,224,224,RGB,8,3,0.0,234.0
Training/Meningioma/BT-MRI  ME Train (473).jpg,Meningioma,224,224,RGB,8,3,0.0,251.0
Training/Meningioma/BT-MRI  ME Train (988).jpg,Meningioma,224,224,RGB,8,3,0.0,241.0
Training/Glioma/BT-MRI GL Train  (929).jpg,Glioma,224,224,RGB,8,3,0.0,255.0
Testing/No-tumor/BT-MRI NO Test (168).jpg,No-tumor,224,224,RGB,8,3,0.0,255.0
Training/No-tumor/BT-MRI NO Train (88).jpg,No-tumor,224,224,RGB,8,3,0.0,149.0
Training/Meningioma/BT-MRI  ME Train (1254).jpg,Meningioma,224,224,RGB,8,3,0.0,255.0
Training/No-tumor/BT-MRI NO Train (821).jpg,No-tumor,224,224,RGB,8,3,0.0,255.0
Training/No-tumor/BT-MRI NO Train (1497).jpg,No-tumor,224,224,RGB,8,3,0.0,255.0
Testing/No-tumor/BT-MRI NO Test (208).jpg,No-tumor,224,224,RGB,8,3,0.0,255.0
Training/No-tumor/BT-MRI NO Train (680).jpg,No-tumor,224,224,RGB,8,3,0.0,255.0
Testing/Pituitary/BT-MRI PI Test (99).jpg,Pituitary,224,224,RGB,8,3,0.0,241.0
Training/Glioma/BT-MRI GL Train  (59).jpg,Glioma,224,224,RGB,8,3,0.0,248.0
Training/Glioma/BT-MRI GL Train  (150).jpg,Glioma,224,224,RGB,8,3,0.0,237.0
Testing/Pituitary/BT-MRI PI Test (215).jpg,Pituitary,224,224,RGB,8,3,0.0,232.0
Testing/No-tumor/BT-MRI NO Test (184).jpg,No-tumor,224,224,RGB,8,3,0.0,255.0
Training/Meningioma/BT-MRI  ME Train (6).jpg,Meningioma,224,224,RGB,8,3,0.0,234.0
Training/Meningioma/BT-MRI  ME Train (589).jpg,Meningioma,224,224,RGB,8,3,0.0,253.0
Training/No-tumor/BT-MRI NO Train (372).jpg,No-tumor,224,224,RGB,8,3,0.0,255.0
Testing/Glioma/BT-MRI Test GL (279).jpg,Glioma,224,224,RGB,8,3,0.0,232.0
Training/Glioma/BT-MRI GL Train  (875).jpg,Glioma,224,224,RGB,8,3,0.0,237.0
Training/No-tumor/BT-MRI NO Train (854).jpg,No-tumor,224,224,RGB,8,3,0.0,255.0
Training/Pituitary/BT-MRI PI Train (955).jpg,Pituitary,224,224,RGB,8,3,0.0,225.0
Training/Meningioma/BT-MRI  ME Train (827).jpg,Meningioma,224,224,RGB,8,3,0.0,250.0
Training/No-tumor/BT-MRI NO Train (568).jpg,No-tumor,224,224,RGB,8,3,0.0,255.0
Testing/Meningioma/BT-MRI ME Test (263).jpg,Meningioma,224,224,RGB,8,3,0.0,253.0
Testing/No-tumor/BT-MRI NO Test (129).jpg,No-tumor,224,224,RGB,8,3,0.0,215.0
Training/No-tumor/BT-MRI NO Train (1329).jpg,No-tumor,224,224,RGB,8,3,0.0,255.0
Training/No-tumor/BT-MRI NO Train (340).jpg,No-tumor,224,224,RGB,8,3,0.0,255.0
Training/Meningioma/BT-MRI  ME Train (1088).jpg,Meningioma,224,224,RGB,8,3,0.0,255.0
Training/Meningioma/BT-MRI  ME Train (10).jpg,Meningioma,224,224,RGB,8,3,0.0,240.0
Training/No-tumor/BT-MRI NO Train (423).jpg,No-tumor,224,224,RGB,8,3,0.0,255.0
Training/Glioma/BT-MRI GL Train  (976).jpg,Glioma,224,224,RGB,8,3,0.0,235.0
Testing/Pituitary/BT-MRI PI Test (296).jpg,Pituitary,224,224,RGB,8,3,0.0,253.0
Training/Glioma/BT-MRI GL Train  (72).jpg,Glioma,224,224,RGB,8,3,0.0,225.0
Training/Glioma/BT-MRI GL Train  (1143).jpg,Glioma,224,224,RGB,8,3,0.0,234.0
Training/Pituitary/BT-MRI PI Train (732).jpg,Pituitary,224,224,RGB,8,3,0.0,225.0
Training/Pituitary/BT-MRI PI Train (846).jpg,Pituitary,224,224,RGB,8,3,0.0,255.0
Training/Pituitary/BT-MRI PI Train (744).jpg,Pituitary,224,224,RGB,8,3,0.0,255.0
Training/Meningioma/BT-MRI  ME Train (354).jpg,Meningioma,224,224,RGB,8,3,0.0,255.0
Testing/Meningioma/BT-MRI ME Test (113).jpg,Meningioma,224,224,RGB,8,3,0.0,225.0
Training/Pituitary/BT-MRI PI Train (978).jpg,Pituitary,224,224,RGB,8,3,0.0,232.0
Training/Meningioma/BT-MRI  ME Train (793).jpg,Meningioma,224,224,RGB,8,3,0.0,240.0
Training/Meningioma/BT-MRI  ME Train (130).jpg,Meningioma,224,224,RGB,8,3,0.0,251.0
Training/Meningioma/BT-MRI  ME Train (982).jpg,Meningioma,224,224,RGB,8,3,0.0,255.0
Training/Meningioma/BT-MRI  ME Train (1271).jpg,Meningioma,224,224,RGB,8,3,0.0,249.0
Training/Pituitary/BT-MRI PI Train (118).jpg,Pituitary,224,224,RGB,8,3,0.0,242.0
Training/Pituitary/BT-MRI PI Train (638).jpg,Pituitary,224,224,RGB,8,3,0.0,230.0
Testing/Meningioma/BT-MRI ME Test (288).jpg,Meningioma,224,224,RGB,8,3,0.0,241.0
Training/Glioma/BT-MRI GL Train  (950).jpg,Glioma,224,224,RGB,8,3,0.0,255.0
Training/Pituitary/BT-MRI PI Train (532).jpg,Pituitary,224,224,RGB,8,3,0.0,254.0
Training/Pituitary/BT-MRI PI Train (945).jpg,Pituitary,224,224,RGB,8,3,0.0,225.0
Training/Pituitary/BT-MRI PI Train (316).jpg,Pituitary,224,224,RGB,8,3,0.0,245.0
Training/Glioma/BT-MRI GL Train  (924).jpg,Glioma,224,224,RGB,8,3,0.0,255.0
Training/Meningioma/BT-MRI  ME Train (926).jpg,Meningioma,224,224,RGB,8,3,0.0,246.0
Training/Pituitary/BT-MRI PI Train (207).jpg,Pituitary,224,224,RGB,8,3,0.0,251.0
Training/Meningioma/BT-MRI  ME Train (1138).jpg,Meningioma,224,224,RGB,8,3,0.0,250.0
Training/Pituitary/BT-MRI PI Train (1059).jpg,Pituitary,224,224,RGB,8,3,0.0,254.0
Training/Glioma/BT-MRI GL Train  (5).jpg,Glioma,224,224,RGB,8,3,0.0,238.0
Training/Pituitary/BT-MRI PI Train (649).jpg,Pituitary,224,224,RGB,8,3,0.0,239.0
Training/No-tumor/BT-MRI NO Train (1040).jpg,No-tumor,224,224,RGB,8,3,0.0,255.0
Training/No-tumor/BT-MRI NO Train (348).jpg,No-tumor,224,224,RGB,8,3,0.0,255.0
Training/No-tumor/BT-MRI NO Train (1126).jpg,No-tumor,224,224,RGB,8,3,0.0,255.0
Training/Pituitary/BT-MRI PI Train (1402).jpg,Pituitary,224,224,RGB,8,3,0.0,250.0
Testing/Glioma/BT-MRI Test GL (59).jpg,Glioma,224,224,RGB,8,3,0.0,249.0
Training/Pituitary/BT-MRI PI Train (870).jpg,Pituitary,224,224,RGB,8,3,0.0,249.0
Training/No-tumor/BT-MRI NO Train (840).jpg,No-tumor,224,224,RGB,8,3,0.0,255.0
Training/Pituitary/BT-MRI PI Train (531).jpg,Pituitary,224,224,RGB,8,3,0.0,255.0
Testing/Pituitary/BT-MRI PI Test (84).jpg,Pituitary,224,224,RGB,8,3,0.0,250.0
Testing/Pituitary/BT-MRI PI Test (113).jpg,Pituitary,224,224,RGB,8,3,0.0,245.0
Testing/Glioma/BT-MRI Test GL (149).jpg,Glioma,224,224,RGB,8,3,0.0,228.0
Training/Pituitary/BT-MRI PI Train (1432).jpg,Pituitary,224,224,RGB,8,3,0.0,255.0
Training/No-tumor/BT-MRI NO Train (1094).jpg,No-tumor,224,224,RGB,8,3,0.0,255.0
Training/Glioma/BT-MRI GL Train  (1262).jpg,Glioma,224,224,RGB,8,3,0.0,251.0
Training/Meningioma/BT-MRI  ME Train (153).jpg,Meningioma,224,224,RGB,8,3,0.0,244.0
Training/Glioma/BT-MRI GL Train  (1087).jpg,Glioma,224,224,RGB,8,3,0.0,239.0
Testing/Pituitary/BT-MRI PI Test (271).jpg,Pituitary,224,224,RGB,8,3,0.0,255.0
Training/No-tumor/BT-MRI NO Train (620).jpg,No-tumor,224,224,RGB,8,3,0.0,255.0
Training/Glioma/BT-MRI GL Train  (728).jpg,Glioma,224,224,RGB,8,3,0.0,246.0
Testing/No-tumor/BT-MRI NO Test (302).jpg,No-tumor,224,224,RGB,8,3,0.0,140.0
Training/No-tumor/BT-MRI NO Train (111).jpg,No-tumor,224,224,RGB,8,3,0.0,255.0
Training/No-tumor/BT-MRI NO Train (885).jpg,No-tumor,224,224,RGB,8,3,0.0,255.0
Testing/Meningioma/BT-MRI ME Test (50).jpg,Meningioma,224,224,RGB,8,3,0.0,255.0
Testing/No-tumor/BT-MRI NO Test (278).jpg,No-tumor,224,224,RGB,8,3,0.0,255.0
Training/Pituitary/BT-MRI PI Train (671).jpg,Pituitary,224,224,RGB,8,3,0.0,242.0
Testing/No-tumor/BT-MRI NO Test (289).jpg,No-tumor,224,224,RGB,8,3,0.0,255.0
Training/No-tumor/BT-MRI NO Train (223).jpg,No-tumor,224,224,RGB,8,3,0.0,255.0
Training/Pituitary/BT-MRI PI Train (40).jpg,Pituitary,224,224,RGB,8,3,0.0,247.0
Training/Pituitary/BT-MRI PI Train (779).jpg,Pituitary,224,224,RGB,8,3,0.0,234.0
Testing/Glioma/BT-MRI Test GL (58).jpg,Glioma,224,224,RGB,8,3,0.0,242.0
Training/Glioma/BT-MRI GL Train  (392).jpg,Glioma,224,224,RGB,8,3,0.0,252.0
Training/Meningioma/BT-MRI  ME Train (666).jpg,Meningioma,224,224,RGB,8,3,0.0,251.0
Training/No-tumor/BT-MRI NO Train (661).jpg,No-tumor,224,224,RGB,8,3,0.0,255.0
Testing/Glioma/BT-MRI Test GL (228).jpg,Glioma,224,224,RGB,8,3,0.0,232.0
Training/No-tumor/BT-MRI NO Train (804).jpg,No-tumor,224,224,RGB,8,3,0.0,255.0
Training/Meningioma/BT-MRI  ME Train (557).jpg,Meningioma,224,224,RGB,8,3,0.0,255.0
Testing/Glioma/BT-MRI Test GL (212).jpg,Glioma,224,224,RGB,8,3,0.0,231.0
Training/No-tumor/BT-MRI NO Train (631).jpg,No-tumor,224,224,RGB,8,3,0.0,255.0
Testing/Glioma/BT-MRI Test GL (54).jpg,Glioma,224,224,RGB,8,3,0.0,235.0
Testing/Glioma/BT-MRI Test GL (100).jpg,Glioma,224,224,RGB,8,3,0.0,203.0
Training/No-tumor/BT-MRI NO Train (163).jpg,No-tumor,224,224,RGB,8,3,0.0,188.0
Training/Pituitary/BT-MRI PI Train (86).jpg,Pituitary,224,224,RGB,8,3,0.0,235.0
Training/Meningioma/BT-MRI  ME Train (126).jpg,Meningioma,224,224,RGB,8,3,0.0,235.0
Training/Meningioma/BT-MRI  ME Train (1306).jpg,Meningioma,224,224,RGB,8,3,0.0,250.0
Training/Pituitary/BT-MRI PI Train (917).jpg,Pituitary,224,224,RGB,8,3,0.0,229.0
Training/No-tumor/BT-MRI NO Train (1134).jpg,No-tumor,224,224,RGB,8,3,0.0,255.0
Testing/Glioma/BT-MRI Test GL (28).jpg,Glioma,224,224,RGB,8,3,0.0,227.0
Training/Meningioma/BT-MRI  ME Train (1104).jpg,Meningioma,224,224,RGB,8,3,0.0,255.0
Training/Glioma/BT-MRI GL Train  (773).jpg,Glioma,224,224,RGB,8,3,0.0,218.0
Training/Meningioma/BT-MRI  ME Train (644).jpg,Meningioma,224,224,RGB,8,3,0.0,255.0
Training/No-tumor/BT-MRI NO Train (1542).jpg,No-tumor,224,224,RGB,8,3,2.0,255.0
Training/Meningioma/BT-MRI  ME Train (607).jpg,Meningioma,224,224,RGB,8,3,0.0,245.0
Training/Meningioma/BT-MRI  ME Train (542).jpg,Meningioma,224,224,RGB,8,3,0.0,228.0
Training/No-tumor/BT-MRI NO Train (158).jpg,No-tumor,224,224,RGB,8,3,0.0,255.0
Training/Pituitary/BT-MRI PI Train (1304).jpg,Pituitary,224,224,RGB,8,3,0.0,230.0
Training/Meningioma/BT-MRI  ME Train (768).jpg,Meningioma,224,224,RGB,8,3,0.0,255.0
Testing/Glioma/BT-MRI Test GL (61).jpg,Glioma,224,224,RGB,8,3,0.0,240.0
Training/No-tumor/BT-MRI NO Train (719).jpg,No-tumor,224,224,RGB,8,3,0.0,255.0
Training/Meningioma/BT-MRI  ME Train (679).jpg,Meningioma,224,224,RGB,8,3,0.0,249.0
Training/Meningioma/BT-MRI  ME Train (931).jpg,Meningioma,224,224,RGB,8,3,0.0,248.0
Training/Glioma/BT-MRI GL Train  (1247).jpg,Glioma,224,224,RGB,8,3,0.0,239.0
Training/Meningioma/BT-MRI  ME Train (1005).jpg,Meningioma,224,224,RGB,8,3,0.0,227.0
Testing/Pituitary/BT-MRI PI Test (251).jpg,Pituitary,224,224,RGB,8,3,0.0,247.0
Training/Glioma/BT-MRI GL Train  (958).jpg,Glioma,224,224,RGB,8,3,0.0,208.0
Training/Glioma/BT-MRI GL Train  (732).jpg,Glioma,224,224,RGB,8,3,0.0,245.0
Testing/Glioma/BT-MRI Test GL (158).jpg,Glioma,224,224,RGB,8,3,0.0,248.0
Training/Glioma/BT-MRI GL Train  (543).jpg,Glioma,224,224,RGB,8,3,0.0,222.0
Training/No-tumor/BT-MRI NO Train (1340).jpg,No-tumor,224,224,RGB,8,3,0.0,234.0
Training/Meningioma/BT-MRI  ME Train (363).jpg,Meningioma,224,224,RGB,8,3,0.0,235.0
Training/Glioma/BT-MRI GL Train  (11).jpg,Glioma,224,224,RGB,8,3,0.0,251.0
Training/Glioma/BT-MRI GL Train  (95).jpg,Glioma,224,224,RGB,8,3,0.0,225.0
Training/No-tumor/BT-MRI NO Train (392).jpg,No-tumor,224,224,RGB,8,3,0.0,234.0
Testing/No-tumor/BT-MRI NO Test (394).jpg,No-tumor,224,224,RGB,8,3,0.0,255.0
Training/Glioma/BT-MRI GL Train  (388).jpg,Glioma,224,224,RGB,8,3,0.0,251.0
Testing/Glioma/BT-MRI Test GL (260).jpg,Glioma,224,224,RGB,8,3,0.0,234.0
Training/Pituitary/BT-MRI PI Train (1294).jpg,Pituitary,224,224,RGB,8,3,0.0,255.0
Training/No-tumor/BT-MRI NO Train (876).jpg,No-tumor,224,224,RGB,8,3,0.0,255.0
Training/Pituitary/BT-MRI PI Train (832).jpg,Pituitary,224,224,RGB,8,3,0.0,238.0
Training/Glioma/BT-MRI GL Train  (156).jpg,Glioma,224,224,RGB,8,3,0.0,250.0
Training/Glioma/BT-MRI GL Train  (615).jpg,Glioma,224,224,RGB,8,3,0.0,245.0
Training/Pituitary/BT-MRI PI Train (795).jpg,Pituitary,224,224,RGB,8,3,0.0,247.0
Training/Glioma/BT-MRI GL Train  (372).jpg,Glioma,224,224,RGB,8,3,0.0,215.0
Training/No-tumor/BT-MRI NO Train (1397).jpg,No-tumor,224,224,RGB,8,3,0.0,255.0
Testing/Glioma/BT-MRI Test GL (86).jpg,Glioma,224,224,RGB,8,3,0.0,226.0
Training/No-tumor/BT-MRI NO Train (1434).jpg,No-tumor,224,224,RGB,8,3,0.0,240.0
Training/Pituitary/BT-MRI PI Train (1437).jpg,Pituitary,224,224,RGB,8,3,0.0,247.0
Testing/Glioma/BT-MRI Test GL (35).jpg,Glioma,224,224,RGB,8,3,0.0,255.0
Testing/Glioma/BT-MRI Test GL (142).jpg,Glioma,224,224,RGB,8,3,0.0,227.0
Testing/Glioma/BT-MRI Test GL (1).jpg,Glioma,224,224,RGB,8,3,0.0,230.0
Training/Glioma/BT-MRI GL Train  (275).jpg,Glioma,224,224,RGB,8,3,0.0,211.0
Training/No-tumor/BT-MRI NO Train (613).jpg,No-tumor,224,224,RGB,8,3,0.0,255.0
Training/Meningioma/BT-MRI  ME Train (275).jpg,Meningioma,224,224,RGB,8,3,0.0,234.0
Training/Glioma/BT-MRI GL Train  (390).jpg,Glioma,224,224,RGB,8,3,0.0,249.0
Training/Meningioma/BT-MRI  ME Train (583).jpg,Meningioma,224,224,RGB,8,3,0.0,255.0
Training/Pituitary/BT-MRI PI Train (544).jpg,Pituitary,224,224,RGB,8,3,0.0,222.0
Training/Pituitary/BT-MRI PI Train (178).jpg,Pituitary,224,224,RGB,8,3,0.0,248.0
Training/Meningioma/BT-MRI  ME Train (837).jpg,Meningioma,224,224,RGB,8,3,0.0,246.0
Training/No-tumor/BT-MRI NO Train (1295).jpg,No-tumor,224,224,RGB,8,3,0.0,255.0
Testing/No-tumor/BT-MRI NO Test (107).jpg,No-tumor,224,224,RGB,8,3,0.0,255.0
Training/Meningioma/BT-MRI  ME Train (639).jpg,Meningioma,224,224,RGB,8,3,0.0,235.0
Training/Pituitary/BT-MRI PI Train (296).jpg,Pituitary,224,224,RGB,8,3,0.0,241.0
Training/No-tumor/BT-MRI NO Train (1175).jpg,No-tumor,224,224,RGB,8,3,0.0,255.0
Training/Pituitary/BT-MRI PI Train (1199).jpg,Pituitary,224,224,RGB,8,3,0.0,227.0
Training/Meningioma/BT-MRI  ME Train (518).jpg,Meningioma,224,224,RGB,8,3,0.0,250.0
Training/Glioma/BT-MRI GL Train  (216).jpg,Glioma,224,224,RGB,8,3,0.0,239.0
Training/No-tumor/BT-MRI NO Train (705).jpg,No-tumor,224,224,RGB,8,3,0.0,255.0
Testing/Pituitary/BT-MRI PI Test (119).jpg,Pituitary,224,224,RGB,8,3,0.0,240.0
Testing/Pituitary/BT-MRI PI Test (70).jpg,Pituitary,224,224,RGB,8,3,0.0,232.0
Training/Pituitary/BT-MRI PI Train (1377).jpg,Pituitary,224,224,RGB,8,3,0.0,229.0
Training/Meningioma/BT-MRI  ME Train (1272).jpg,Meningioma,224,224,RGB,8,3,0.0,234.0
Training/Glioma/BT-MRI GL Train  (1034).jpg,Glioma,224,224,RGB,8,3,0.0,255.0
Training/Glioma/BT-MRI GL Train  (391).jpg,Glioma,224,224,RGB,8,3,0.0,217.0
Training/Pituitary/BT-MRI PI Train (1146).jpg,Pituitary,224,224,RGB,8,3,0.0,241.0
Training/No-tumor/BT-MRI NO Train (1125).jpg,No-tumor,224,224,RGB,8,3,0.0,255.0
Training/Glioma/BT-MRI GL Train  (554).jpg,Glioma,224,224,RGB,8,3,0.0,235.0
Training/Glioma/BT-MRI GL Train  (269).jpg,Glioma,224,224,RGB,8,3,0.0,234.0
Training/Meningioma/BT-MRI  ME Train (1199).jpg,Meningioma,224,224,RGB,8,3,0.0,253.0
Training/No-tumor/BT-MRI NO Train (428).jpg,No-tumor,224,224,RGB,8,3,0.0,255.0
Training/Pituitary/BT-MRI PI Train (559).jpg,Pituitary,224,224,RGB,8,3,0.0,250.0
Training/Meningioma/BT-MRI  ME Train (578).jpg,Meningioma,224,224,RGB,8,3,33.0,255.0
Training/Pituitary/BT-MRI PI Train (29).jpg,Pituitary,224,224,RGB,8,3,0.0,255.0
Training/Pituitary/BT-MRI PI Train (113).jpg,Pituitary,224,224,RGB,8,3,0.0,229.0
Training/No-tumor/BT-MRI NO Train (1316).jpg,No-tumor,224,224,RGB,8,3,0.0,255.0
Training/Meningioma/BT-MRI  ME Train (1007).jpg,Meningioma,224,224,RGB,8,3,0.0,251.0
Training/Glioma/BT-MRI GL Train  (387).jpg,Glioma,224,224,RGB,8,3,0.0,234.0
Training/Meningioma/BT-MRI  ME Train (825).jpg,Meningioma,224,224,RGB,8,3,0.0,227.0
Testing/Meningioma/BT-MRI ME Test (106).jpg,Meningioma,224,224,RGB,8,3,0.0,237.0
Training/No-tumor/BT-MRI NO Train (84).jpg,No-tumor,224,224,RGB,8,3,0.0,246.0
Training/No-tumor/BT-MRI NO Train (1508).jpg,No-tumor,224,224,RGB,8,3,0.0,255.0
Training/No-tumor/BT-MRI NO Train (1474).jpg,No-tumor,224,224,RGB,8,3,0.0,255.0
Testing/Pituitary/BT-MRI PI Test (199).jpg,Pituitary,224,224,RGB,8,3,0.0,230.0
Training/No-tumor/BT-MRI NO Train (79).jpg,No-tumor,224,224,RGB,8,3,8.0,255.0
Training/Pituitary/BT-MRI PI Train (585).jpg,Pituitary,224,224,RGB,8,3,0.0,242.0
Training/Meningioma/BT-MRI  ME Train (148).jpg,Meningioma,224,224,RGB,8,3,0.0,251.0
Training/Pituitary/BT-MRI PI Train (143).jpg,Pituitary,224,224,RGB,8,3,0.0,255.0
Training/Pituitary/BT-MRI PI Train (232).jpg,Pituitary,224,224,RGB,8,3,0.0,247.0
Training/Glioma/BT-MRI GL Train  (501).jpg,Glioma,224,224,RGB,8,3,0.0,234.0
Training/Meningioma/BT-MRI  ME Train (138).jpg,Meningioma,224,224,RGB,8,3,0.0,255.0
Training/Meningioma/BT-MRI  ME Train (687).jpg,Meningioma,224,224,RGB,8,3,0.0,228.0
Training/Meningioma/BT-MRI  ME Train (422).jpg,Meningioma,224,224,RGB,8,3,0.0,229.0
Training/No-tumor/BT-MRI NO Train (1527).jpg,No-tumor,224,224,RGB,8,3,0.0,255.0
Training/Meningioma/BT-MRI  ME Train (1140).jpg,Meningioma,224,224,RGB,8,3,0.0,238.0
Training/Pituitary/BT-MRI PI Train (339).jpg,Pituitary,224,224,RGB,8,3,0.0,254.0
Training/No-tumor/BT-MRI NO Train (994).jpg,No-tumor,224,224,RGB,8,3,0.0,255.0
Training/Meningioma/BT-MRI  ME Train (239).jpg,Meningioma,224,224,RGB,8,3,0.0,242.0
Training/Meningioma/BT-MRI  ME Train (1126).jpg,Meningioma,224,224,RGB,8,3,0.0,252.0
Training/Meningioma/BT-MRI  ME Train (419).jpg,Meningioma,224,224,RGB,8,3,0.0,245.0
Training/Meningioma/BT-MRI  ME Train (1333).jpg,Meningioma,224,224,RGB,8,3,0.0,229.0
Testing/Glioma/BT-MRI Test GL (144).jpg,Glioma,224,224,RGB,8,3,0.0,250.0
Training/Glioma/BT-MRI GL Train  (482).jpg,Glioma,224,224,RGB,8,3,0.0,221.0
Training/Glioma/BT-MRI GL Train  (941).jpg,Glioma,224,224,RGB,8,3,0.0,251.0
Training/Glioma/BT-MRI GL Train  (169).jpg,Glioma,224,224,RGB,8,3,0.0,241.0
Testing/Glioma/BT-MRI Test GL (179).jpg,Glioma,224,224,RGB,8,3,0.0,229.0
Training/Pituitary/BT-MRI PI Train (377).jpg,Pituitary,224,224,RGB,8,3,0.0,255.0
Training/Meningioma/BT-MRI  ME Train (930).jpg,Meningioma,224,224,RGB,8,3,0.0,248.0
Training/Pituitary/BT-MRI PI Train (657).jpg,Pituitary,224,224,RGB,8,3,0.0,252.0
Training/No-tumor/BT-MRI NO Train (629).jpg,No-tumor,224,224,RGB,8,3,0.0,255.0
Training/No-tumor/BT-MRI NO Train (67).jpg,No-tumor,224,224,RGB,8,3,0.0,255.0
Training/Meningioma/BT-MRI  ME Train (1232).jpg,Meningioma,224,224,RGB,8,3,0.0,246.0
Training/No-tumor/BT-MRI NO Train (1165).jpg,No-tumor,224,224,RGB,8,3,0.0,255.0
Training/Pituitary/BT-MRI PI Train (997).jpg,Pituitary,224,224,RGB,8,3,0.0,252.0
Training/Glioma/BT-MRI GL Train  (557).jpg,Glioma,224,224,RGB,8,3,0.0,238.0
Training/Glioma/BT-MRI GL Train  (826).jpg,Glioma,224,224,RGB,8,3,0.0,239.0
Training/Meningioma/BT-MRI  ME Train (685).jpg,Meningioma,224,224,RGB,8,3,0.0,234.0
Training/Meningioma/BT-MRI  ME Train (924).jpg,Meningioma,224,224,RGB,8,3,0.0,242.0
Training/Meningioma/BT-MRI  ME Train (1134).jpg,Meningioma,224,224,RGB,8,3,0.0,240.0
Training/Pituitary/BT-MRI PI Train (272).jpg,Pituitary,224,224,RGB,8,3,0.0,255.0
Training/Meningioma/BT-MRI  ME Train (871).jpg,Meningioma,224,224,RGB,8,3,0.0,238.0
Testing/No-tumor/BT-MRI NO Test (258).jpg,No-tumor,224,224,RGB,8,3,7.0,255.0
Testing/Meningioma/BT-MRI ME Test (231).jpg,Meningioma,224,224,RGB,8,3,0.0,255.0
Training/No-tumor/BT-MRI NO Train (489).jpg,No-tumor,224,224,RGB,8,3,0.0,255.0
Training/No-tumor/BT-MRI NO Train (215).jpg,No-tumor,224,224,RGB,8,3,0.0,255.0
Training/Pituitary/BT-MRI PI Train (71).jpg,Pituitary,224,224,RGB,8,3,0.0,255.0
Training/Pituitary/BT-MRI PI Train (1324).jpg,Pituitary,224,224,RGB,8,3,0.0,244.0
Training/No-tumor/BT-MRI NO Train (1060).jpg,No-tumor,224,224,RGB,8,3,0.0,255.0
Training/Glioma/BT-MRI GL Train  (1112).jpg,Glioma,224,224,RGB,8,3,0.0,246.0
Testing/Pituitary/BT-MRI PI Test (64).jpg,Pituitary,224,224,RGB,8,3,0.0,250.0
Training/Meningioma/BT-MRI  ME Train (897).jpg,Meningioma,224,224,RGB,8,3,0.0,239.0
Training/Pituitary/BT-MRI PI Train (1110).jpg,Pituitary,224,224,RGB,8,3,0.0,239.0
Training/Glioma/BT-MRI GL Train  (8).jpg,Glioma,224,224,RGB,8,3,0.0,253.0
Training/Glioma/BT-MRI GL Train  (381).jpg,Glioma,224,224,RGB,8,3,0.0,223.0
Training/Glioma/BT-MRI GL Train  (4).jpg,Glioma,224,224,RGB,8,3,0.0,238.0
Testing/Pituitary/BT-MRI PI Test (221).jpg,Pituitary,224,224,RGB,8,3,0.0,233.0
Training/No-tumor/BT-MRI NO Train (996).jpg,No-tumor,224,224,RGB,8,3,0.0,255.0
Training/Pituitary/BT-MRI PI Train (195).jpg,Pituitary,224,224,RGB,8,3,0.0,255.0
Training/Pituitary/BT-MRI PI Train (637).jpg,Pituitary,224,224,RGB,8,3,0.0,228.0
Training/Glioma/BT-MRI GL Train  (38).jpg,Glioma,224,224,RGB,8,3,0.0,250.0
Training/Pituitary/BT-MRI PI Train (390).jpg,Pituitary,224,224,RGB,8,3,0.0,240.0
Training/Meningioma/BT-MRI  ME Train (477).jpg,Meningioma,224,224,RGB,8,3,0.0,254.0
Training/Glioma/BT-MRI GL Train  (705).jpg,Glioma,224,224,RGB,8,3,0.0,243.0
Training/Pituitary/BT-MRI PI Train (529).jpg,Pituitary,224,224,RGB,8,3,0.0,255.0
Testing/Glioma/BT-MRI Test GL (203).jpg,Glioma,224,224,RGB,8,3,0.0,222.0
Training/No-tumor/BT-MRI NO Train (1403).jpg,No-tumor,224,224,RGB,8,3,0.0,234.0
Training/No-tumor/BT-MRI NO Train (1465).jpg,No-tumor,224,224,RGB,8,3,0.0,254.0
Training/No-tumor/BT-MRI NO Train (321).jpg,No-tumor,224,224,RGB,8,3,0.0,253.0
Training/No-tumor/BT-MRI NO Train (806).jpg,No-tumor,224,224,RGB,8,3,0.0,255.0
Training/Pituitary/BT-MRI PI Train (1194).jpg,Pituitary,224,224,RGB,8,3,0.0,221.0
Training/No-tumor/BT-MRI NO Train (1002).jpg,No-tumor,224,224,RGB,8,3,0.0,255.0
Training/Pituitary/BT-MRI PI Train (829).jpg,Pituitary,224,224,RGB,8,3,0.0,245.0
Training/Glioma/BT-MRI GL Train  (175).jpg,Glioma,224,224,RGB,8,3,0.0,240.0
Training/No-tumor/BT-MRI NO Train (1540).jpg,No-tumor,224,224,RGB,8,3,0.0,255.0
Training/No-tumor/BT-MRI NO Train (1501).jpg,No-tumor,224,224,RGB,8,3,0.0,255.0
Training/Meningioma/BT-MRI  ME Train (958).jpg,Meningioma,224,224,RGB,8,3,0.0,213.0
Training/No-tumor/BT-MRI NO Train (1004).jpg,No-tumor,224,224,RGB,8,3,0.0,255.0
Training/Meningioma/BT-MRI  ME Train (1273).jpg,Meningioma,224,224,RGB,8,3,0.0,239.0
Testing/Glioma/BT-MRI Test GL (245).jpg,Glioma,224,224,RGB,8,3,0.0,235.0
Testing/Glioma/BT-MRI Test GL (38).jpg,Glioma,224,224,RGB,8,3,0.0,239.0
Testing/Meningioma/BT-MRI ME Test (239).jpg,Meningioma,224,224,RGB,8,3,0.0,247.0
Training/No-tumor/BT-MRI NO Train (78).jpg,No-tumor,224,224,RGB,8,3,0.0,255.0
Training/Meningioma/BT-MRI  ME Train (986).jpg,Meningioma,224,224,RGB,8,3,0.0,242.0
Testing/Meningioma/BT-MRI ME Test (150).jpg,Meningioma,224,224,RGB,8,3,0.0,244.0
Training/Glioma/BT-MRI GL Train  (1018).jpg,Glioma,224,224,RGB,8,3,0.0,252.0
Testing/Meningioma/BT-MRI ME Test (146).jpg,Meningioma,224,224,RGB,8,3,0.0,253.0
Training/Meningioma/BT-MRI  ME Train (259).jpg,Meningioma,224,224,RGB,8,3,0.0,255.0
Training/No-tumor/BT-MRI NO Train (1024).jpg,No-tumor,224,224,RGB,8,3,0.0,255.0
Testing/Glioma/BT-MRI Test GL (89).jpg,Glioma,224,224,RGB,8,3,0.0,231.0
Training/Glioma/BT-MRI GL Train  (1193).jpg,Glioma,224,224,RGB,8,3,0.0,255.0
Training/No-tumor/BT-MRI NO Train (520).jpg,No-tumor,224,224,RGB,8,3,0.0,255.0
Training/Pituitary/BT-MRI PI Train (1098).jpg,Pituitary,224,224,RGB,8,3,0.0,246.0
Testing/Pituitary/BT-MRI PI Test (51).jpg,Pituitary,224,224,RGB,8,3,0.0,222.0
Training/Meningioma/BT-MRI  ME Train (1322).jpg,Meningioma,224,224,RGB,8,3,0.0,241.0
Testing/Glioma/BT-MRI Test GL (288).jpg,Glioma,224,224,RGB,8,3,0.0,235.0
Training/Glioma/BT-MRI GL Train  (315).jpg,Glioma,224,224,RGB,8,3,0.0,247.0
Training/Meningioma/BT-MRI  ME Train (966).jpg,Meningioma,224,224,RGB,8,3,0.0,246.0
Training/Glioma/BT-MRI GL Train  (27).jpg,Glioma,224,224,RGB,8,3,0.0,220.0
Training/Pituitary/BT-MRI PI Train (511).jpg,Pituitary,224,224,RGB,8,3,0.0,242.0
Training/No-tumor/BT-MRI NO Train (963).jpg,No-tumor,224,224,RGB,8,3,2.0,255.0
Training/Pituitary/BT-MRI PI Train (155).jpg,Pituitary,224,224,RGB,8,3,0.0,227.0
Training/No-tumor/BT-MRI NO Train (533).jpg,No-tumor,224,224,RGB,8,3,0.0,138.0
Training/Pituitary/BT-MRI PI Train (759).jpg,Pituitary,224,224,RGB,8,3,0.0,241.0
Training/Glioma/BT-MRI GL Train  (1226).jpg,Glioma,224,224,RGB,8,3,0.0,242.0
Training/Pituitary/BT-MRI PI Train (406).jpg,Pituitary,224,224,RGB,8,3,0.0,241.0
Training/No-tumor/BT-MRI NO Train (1220).jpg,No-tumor,224,224,RGB,8,3,0.0,255.0
Training/No-tumor/BT-MRI NO Train (429).jpg,No-tumor,224,224,RGB,8,3,0.0,231.0
Training/Glioma/BT-MRI GL Train  (576).jpg,Glioma,224,224,RGB,8,3,0.0,243.0
Training/Pituitary/BT-MRI PI Train (894).jpg,Pituitary,224,224,RGB,8,3,0.0,255.0
Training/No-tumor/BT-MRI NO Train (1357).jpg,No-tumor,224,224,RGB,8,3,0.0,255.0
Training/No-tumor/BT-MRI NO Train (1398).jpg,No-tumor,224,224,RGB,8,3,0.0,255.0
Testing/No-tumor/BT-MRI NO Test (279).jpg,No-tumor,224,224,RGB,8,3,0.0,255.0
Training/Pituitary/BT-MRI PI Train (1364).jpg,Pituitary,224,224,RGB,8,3,0.0,252.0
Training/Glioma/BT-MRI GL Train  (561).jpg,Glioma,224,224,RGB,8,3,0.0,230.0
Training/Glioma/BT-MRI GL Train  (843).jpg,Glioma,224,224,RGB,8,3,0.0,243.0
Testing/Glioma/BT-MRI Test GL (230).jpg,Glioma,224,224,RGB,8,3,0.0,246.0
Testing/Glioma/BT-MRI Test GL (96).jpg,Glioma,224,224,RGB,8,3,0.0,234.0
Training/Glioma/BT-MRI GL Train  (1301).jpg,Glioma,224,224,RGB,8,3,0.0,233.0
Training/No-tumor/BT-MRI NO Train (98).jpg,No-tumor,224,224,RGB,8,3,0.0,255.0
Testing/Meningioma/BT-MRI ME Test (228).jpg,Meningioma,224,224,RGB,8,3,0.0,255.0
Training/No-tumor/BT-MRI NO Train (398).jpg,No-tumor,224,224,RGB,8,3,0.0,255.0
Training/No-tumor/BT-MRI NO Train (532).jpg,No-tumor,224,224,RGB,8,3,0.0,245.0
Training/Glioma/BT-MRI GL Train  (252).jpg,Glioma,224,224,RGB,8,3,0.0,250.0
Training/No-tumor/BT-MRI NO Train (514).jpg,No-tumor,224,224,RGB,8,3,0.0,255.0
Testing/No-tumor/BT-MRI NO Test (136).jpg,No-tumor,224,224,RGB,8,3,0.0,255.0
Training/Meningioma/BT-MRI  ME Train (1270).jpg,Meningioma,224,224,RGB,8,3,0.0,235.0
Training/Glioma/BT-MRI GL Train  (580).jpg,Glioma,224,224,RGB,8,3,0.0,239.0
Testing/Pituitary/BT-MRI PI Test (40).jpg,Pituitary,224,224,RGB,8,3,0.0,247.0
Training/Glioma/BT-MRI GL Train  (231).jpg,Glioma,224,224,RGB,8,3,0.0,225.0
Testing/Glioma/BT-MRI Test GL (165).jpg,Glioma,224,224,RGB,8,3,0.0,237.0
Training/Meningioma/BT-MRI  ME Train (44).jpg,Meningioma,224,224,RGB,8,3,0.0,234.0
Training/Pituitary/BT-MRI PI Train (132).jpg,Pituitary,224,224,RGB,8,3,0.0,241.0
Training/No-tumor/BT-MRI NO Train (988).jpg,No-tumor,224,224,RGB,8,3,0.0,255.0
Training/Pituitary/BT-MRI PI Train (1239).jpg,Pituitary,224,224,RGB,8,3,0.0,250.0
Testing/No-tumor/BT-MRI NO Test (388).jpg,No-tumor,224,224,RGB,8,3,0.0,255.0
Training/Meningioma/BT-MRI  ME Train (420).jpg,Meningioma,224,224,RGB,8,3,0.0,247.0
Training/No-tumor/BT-MRI NO Train (1520).jpg,No-tumor,224,224,RGB,8,3,0.0,255.0
Training/No-tumor/BT-MRI NO Train (394).jpg,No-tumor,224,224,RGB,8,3,0.0,145.0
Testing/No-tumor/BT-MRI NO Test (167).jpg,No-tumor,224,224,RGB,8,3,2.0,255.0
Testing/No-tumor/BT-MRI NO Test (377).jpg,No-tumor,224,224,RGB,8,3,0.0,255.0
Training/Meningioma/BT-MRI  ME Train (50).jpg,Meningioma,224,224,RGB,8,3,0.0,251.0
Training/Meningioma/BT-MRI  ME Train (66).jpg,Meningioma,224,224,RGB,8,3,0.0,249.0
Training/Pituitary/BT-MRI PI Train (957).jpg,Pituitary,224,224,RGB,8,3,0.0,238.0
Training/Meningioma/BT-MRI  ME Train (953).jpg,Meningioma,224,224,RGB,8,3,0.0,239.0
Training/No-tumor/BT-MRI NO Train (665).jpg,No-tumor,224,224,RGB,8,3,0.0,255.0
Training/No-tumor/BT-MRI NO Train (672).jpg,No-tumor,224,224,RGB,8,3,0.0,255.0
Training/Glioma/BT-MRI GL Train  (1280).jpg,Glioma,224,224,RGB,8,3,0.0,232.0
Training/Pituitary/BT-MRI PI Train (588).jpg,Pituitary,224,224,RGB,8,3,0.0,235.0
Training/Meningioma/BT-MRI  ME Train (1036).jpg,Meningioma,224,224,RGB,8,3,0.0,255.0
Training/Meningioma/BT-MRI  ME Train (369).jpg,Meningioma,224,224,RGB,8,3,0.0,239.0
Training/Glioma/BT-MRI GL Train  (964).jpg,Glioma,224,224,RGB,8,3,0.0,222.0
Training/Meningioma/BT-MRI  ME Train (1062).jpg,Meningioma,224,224,RGB,8,3,0.0,212.0
Training/No-tumor/BT-MRI NO Train (808).jpg,No-tumor,224,224,RGB,8,3,0.0,255.0
Training/No-tumor/BT-MRI NO Train (384).jpg,No-tumor,224,224,RGB,8,3,0.0,255.0
Training/No-tumor/BT-MRI NO Train (949).jpg,No-tumor,224,224,RGB,8,3,0.0,255.0
Training/No-tumor/BT-MRI NO Train (1452).jpg,No-tumor,224,224,RGB,8,3,0.0,241.0
Training/Glioma/BT-MRI GL Train  (1235).jpg,Glioma,224,224,RGB,8,3,0.0,252.0
Training/No-tumor/BT-MRI NO Train (1254).jpg,No-tumor,224,224,RGB,8,3,0.0,255.0
Training/Glioma/BT-MRI GL Train  (401).jpg,Glioma,224,224,RGB,8,3,0.0,226.0
Testing/No-tumor/BT-MRI NO Test (124).jpg,No-tumor,224,224,RGB,8,3,0.0,248.0
Training/Glioma/BT-MRI GL Train  (724).jpg,Glioma,224,224,RGB,8,3,0.0,213.0
Training/Pituitary/BT-MRI PI Train (784).jpg,Pituitary,224,224,RGB,8,3,0.0,236.0
Training/Meningioma/BT-MRI  ME Train (1093).jpg,Meningioma,224,224,RGB,8,3,0.0,250.0
Training/Pituitary/BT-MRI PI Train (834).jpg,Pituitary,224,224,RGB,8,3,0.0,246.0
Training/Glioma/BT-MRI GL Train  (300).jpg,Glioma,224,224,RGB,8,3,0.0,236.0
Training/No-tumor/BT-MRI NO Train (212).jpg,No-tumor,224,224,RGB,8,3,0.0,255.0
Testing/No-tumor/BT-MRI NO Test (261).jpg,No-tumor,224,224,RGB,8,3,0.0,255.0
Testing/Glioma/BT-MRI Test GL (269).jpg,Glioma,224,224,RGB,8,3,0.0,252.0
Training/Pituitary/BT-MRI PI Train (1141).jpg,Pituitary,224,224,RGB,8,3,0.0,236.0
Testing/Glioma/BT-MRI Test GL (74).jpg,Glioma,224,224,RGB,8,3,0.0,244.0
Training/Meningioma/BT-MRI  ME Train (1069).jpg,Meningioma,224,224,RGB,8,3,0.0,243.0
Training/Meningioma/BT-MRI  ME Train (761).jpg,Meningioma,224,224,RGB,8,3,0.0,247.0
Training/Pituitary/BT-MRI PI Train (757).jpg,Pituitary,224,224,RGB,8,3,0.0,237.0
Training/No-tumor/BT-MRI NO Train (794).jpg,No-tumor,224,224,RGB,8,3,0.0,255.0
Training/Pituitary/BT-MRI PI Train (1038).jpg,Pituitary,224,224,RGB,8,3,0.0,245.0
Training/No-tumor/BT-MRI NO Train (453).jpg,No-tumor,224,224,RGB,8,3,0.0,255.0
Testing/Glioma/BT-MRI Test GL (280).jpg,Glioma,224,224,RGB,8,3,0.0,240.0
Training/No-tumor/BT-MRI NO Train (408).jpg,No-tumor,224,224,RGB,8,3,0.0,255.0
Testing/Meningioma/BT-MRI ME Test (172).jpg,Meningioma,224,224,RGB,8,3,0.0,232.0
Testing/No-tumor/BT-MRI NO Test (354).jpg,No-tumor,224,224,RGB,8,3,0.0,255.0
Training/Glioma/BT-MRI GL Train  (593).jpg,Glioma,224,224,RGB,8,3,0.0,231.0
Training/Pituitary/BT-MRI PI Train (1017).jpg,Pituitary,224,224,RGB,8,3,0.0,243.0
Training/No-tumor/BT-MRI NO Train (1427).jpg,No-tumor,224,224,RGB,8,3,0.0,255.0
Training/Meningioma/BT-MRI  ME Train (976).jpg,Meningioma,224,224,RGB,8,3,0.0,226.0
Testing/Meningioma/BT-MRI ME Test (198).jpg,Meningioma,224,224,RGB,8,3,0.0,230.0
Testing/No-tumor/BT-MRI NO Test (127).jpg,No-tumor,224,224,RGB,8,3,0.0,255.0
Testing/Pituitary/BT-MRI PI Test (104).jpg,Pituitary,224,224,RGB,8,3,0.0,244.0
Training/No-tumor/BT-MRI NO Train (842).jpg,No-tumor,224,224,RGB,8,3,0.0,255.0
Training/Pituitary/BT-MRI PI Train (405).jpg,Pituitary,224,224,RGB,8,3,0.0,237.0
Training/Meningioma/BT-MRI  ME Train (865).jpg,Meningioma,224,224,RGB,8,3,0.0,237.0
Training/Glioma/BT-MRI GL Train  (939).jpg,Glioma,224,224,RGB,8,3,0.0,235.0
Training/Pituitary/BT-MRI PI Train (19).jpg,Pituitary,224,224,RGB,8,3,0.0,255.0
Training/Meningioma/BT-MRI  ME Train (640).jpg,Meningioma,224,224,RGB,8,3,0.0,254.0
Training/Glioma/BT-MRI GL Train  (1043).jpg,Glioma,224,224,RGB,8,3,0.0,202.0
Training/Meningioma/BT-MRI  ME Train (1146).jpg,Meningioma,224,224,RGB,8,3,0.0,246.0
Testing/Glioma/BT-MRI Test GL (246).jpg,Glioma,224,224,RGB,8,3,0.0,252.0
Training/Glioma/BT-MRI GL Train  (852).jpg,Glioma,224,224,RGB,8,3,0.0,251.0
Training/Meningioma/BT-MRI  ME Train (206).jpg,Meningioma,224,224,RGB,8,3,0.0,255.0
Testing/Pituitary/BT-MRI PI Test (71).jpg,Pituitary,224,224,RGB,8,3,0.0,239.0
Testing/Pituitary/BT-MRI PI Test (241).jpg,Pituitary,224,224,RGB,8,3,0.0,247.0
Training/Pituitary/BT-MRI PI Train (1).jpg,Pituitary,224,224,RGB,8,3,0.0,242.0
Training/Meningioma/BT-MRI  ME Train (342).jpg,Meningioma,224,224,RGB,8,3,0.0,244.0
Training/Glioma/BT-MRI GL Train  (6).jpg,Glioma,224,224,RGB,8,3,0.0,231.0
Training/Pituitary/BT-MRI PI Train (1426).jpg,Pituitary,224,224,RGB,8,3,0.0,255.0
Testing/Glioma/BT-MRI Test GL (261).jpg,Glioma,224,224,RGB,8,3,0.0,248.0
Testing/Glioma/BT-MRI Test GL (218).jpg,Glioma,224,224,RGB,8,3,0.0,231.0
Training/Glioma/BT-MRI GL Train  (1013).jpg,Glioma,224,224,RGB,8,3,0.0,255.0
Training/Pituitary/BT-MRI PI Train (641).jpg,Pituitary,224,224,RGB,8,3,0.0,237.0
Training/Pituitary/BT-MRI PI Train (1370).jpg,Pituitary,224,224,RGB,8,3,0.0,241.0
Training/No-tumor/BT-MRI NO Train (522).jpg,No-tumor,224,224,RGB,8,3,0.0,139.0
Training/Glioma/BT-MRI GL Train  (422).jpg,Glioma,224,224,RGB,8,3,0.0,235.0
Training/Glioma/BT-MRI GL Train  (524).jpg,Glioma,224,224,RGB,8,3,0.0,220.0
Testing/Glioma/BT-MRI Test GL (129).jpg,Glioma,224,224,RGB,8,3,0.0,241.0
Training/No-tumor/BT-MRI NO Train (694).jpg,No-tumor,224,224,RGB,8,3,0.0,255.0
Training/No-tumor/BT-MRI NO Train (1496).jpg,No-tumor,224,224,RGB,8,3,0.0,255.0
Training/Pituitary/BT-MRI PI Train (835).jpg,Pituitary,224,224,RGB,8,3,0.0,228.0
Training/No-tumor/BT-MRI NO Train (1466).jpg,No-tumor,224,224,RGB,8,3,0.0,255.0
Training/Meningioma/BT-MRI  ME Train (664).jpg,Meningioma,224,224,RGB,8,3,0.0,236.0
Training/Glioma/BT-MRI GL Train  (702).jpg,Glioma,224,224,RGB,8,3,0.0,234.0
Training/Meningioma/BT-MRI  ME Train (944).jpg,Meningioma,224,224,RGB,8,3,0.0,254.0
Training/Pituitary/BT-MRI PI Train (1243).jpg,Pituitary,224,224,RGB,8,3,0.0,254.0
Training/Pituitary/BT-MRI PI Train (1264).jpg,Pituitary,224,224,RGB,8,3,0.0,249.0
Training/Glioma/BT-MRI GL Train  (727).jpg,Glioma,224,224,RGB,8,3,0.0,229.0
Training/Pituitary/BT-MRI PI Train (551).jpg,Pituitary,224,224,RGB,8,3,0.0,219.0
Testing/Pituitary/BT-MRI PI Test (41).jpg,Pituitary,224,224,RGB,8,3,0.0,250.0
Testing/Meningioma/BT-MRI ME Test (246).jpg,Meningioma,224,224,RGB,8,3,0.0,247.0
Training/No-tumor/BT-MRI NO Train (1571).jpg,No-tumor,224,224,RGB,8,3,0.0,255.0
Training/No-tumor/BT-MRI NO Train (698).jpg,No-tumor,224,224,RGB,8,3,0.0,255.0
Training/No-tumor/BT-MRI NO Train (464).jpg,No-tumor,224,224,RGB,8,3,0.0,255.0
Training/Glioma/BT-MRI GL Train  (1180).jpg,Glioma,224,224,RGB,8,3,0.0,222.0
Training/Meningioma/BT-MRI  ME Train (501).jpg,Meningioma,224,224,RGB,8,3,0.0,245.0
Testing/Glioma/BT-MRI Test GL (250).jpg,Glioma,224,224,RGB,8,3,0.0,240.0
Training/No-tumor/BT-MRI NO Train (154).jpg,No-tumor,224,224,RGB,8,3,0.0,255.0
Training/Pituitary/BT-MRI PI Train (1103).jpg,Pituitary,224,224,RGB,8,3,0.0,232.0
Training/Pituitary/BT-MRI PI Train (965).jpg,Pituitary,224,224,RGB,8,3,0.0,246.0
Training/Meningioma/BT-MRI  ME Train (156).jpg,Meningioma,224,224,RGB,8,3,0.0,243.0
Training/No-tumor/BT-MRI NO Train (1161).jpg,No-tumor,224,224,RGB,8,3,0.0,250.0
Testing/Glioma/BT-MRI Test GL (2).jpg,Glioma,224,224,RGB,8,3,0.0,241.0
Training/Glioma/BT-MRI GL Train  (1080).jpg,Glioma,224,224,RGB,8,3,0.0,236.0
Training/Pituitary/BT-MRI PI Train (331).jpg,Pituitary,224,224,RGB,8,3,0.0,247.0
Training/Glioma/BT-MRI GL Train  (293).jpg,Glioma,224,224,RGB,8,3,0.0,222.0
Training/Glioma/BT-MRI GL Train  (1115).jpg,Glioma,224,224,RGB,8,3,0.0,215.0
Training/No-tumor/BT-MRI NO Train (763).jpg,No-tumor,224,224,RGB,8,3,0.0,255.0
Testing/Glioma/BT-MRI Test GL (241).jpg,Glioma,224,224,RGB,8,3,0.0,254.0
Training/Glioma/BT-MRI GL Train  (1160).jpg,Glioma,224,224,RGB,8,3,0.0,243.0
Training/Pituitary/BT-MRI PI Train (880).jpg,Pituitary,224,224,RGB,8,3,0.0,237.0
Training/No-tumor/BT-MRI NO Train (1514).jpg,No-tumor,224,224,RGB,8,3,0.0,255.0
Testing/Glioma/BT-MRI Test GL (107).jpg,Glioma,224,224,RGB,8,3,0.0,223.0
Testing/Meningioma/BT-MRI ME Test (234).jpg,Meningioma,224,224,RGB,8,3,0.0,244.0
Training/No-tumor/BT-MRI NO Train (342).jpg,No-tumor,224,224,RGB,8,3,0.0,255.0
Training/No-tumor/BT-MRI NO Train (714).jpg,No-tumor,224,224,RGB,8,3,0.0,255.0
Training/Pituitary/BT-MRI PI Train (1238).jpg,Pituitary,224,224,RGB,8,3,0.0,248.0
Training/No-tumor/BT-MRI NO Train (591).jpg,No-tumor,224,224,RGB,8,3,0.0,255.0
Training/Pituitary/BT-MRI PI Train (686).jpg,Pituitary,224,224,RGB,8,3,0.0,255.0
Training/Glioma/BT-MRI GL Train  (783).jpg,Glioma,224,224,RGB,8,3,0.0,237.0
Testing/Meningioma/BT-MRI ME Test (271).jpg,Meningioma,224,224,RGB,8,3,0.0,213.0
Training/Glioma/BT-MRI GL Train  (113).jpg,Glioma,224,224,RGB,8,3,0.0,234.0
Testing/Glioma/BT-MRI Test GL (60).jpg,Glioma,224,224,RGB,8,3,0.0,239.0
Training/Glioma/BT-MRI GL Train  (1200).jpg,Glioma,224,224,RGB,8,3,0.0,246.0
Training/Glioma/BT-MRI GL Train  (1142).jpg,Glioma,224,224,RGB,8,3,0.0,231.0
Training/Meningioma/BT-MRI  ME Train (60).jpg,Meningioma,224,224,RGB,8,3,0.0,241.0
Training/Pituitary/BT-MRI PI Train (87).jpg,Pituitary,224,224,RGB,8,3,0.0,224.0
Testing/Meningioma/BT-MRI ME Test (164).jpg,Meningioma,224,224,RGB,8,3,0.0,254.0
Testing/Meningioma/BT-MRI ME Test (119).jpg,Meningioma,224,224,RGB,8,3,0.0,251.0
Training/Pituitary/BT-MRI PI Train (1101).jpg,Pituitary,224,224,RGB,8,3,0.0,239.0
Training/Glioma/BT-MRI GL Train  (208).jpg,Glioma,224,224,RGB,8,3,0.0,249.0
Training/Glioma/BT-MRI GL Train  (357).jpg,Glioma,224,224,RGB,8,3,0.0,215.0
Training/Meningioma/BT-MRI  ME Train (1187).jpg,Meningioma,224,224,RGB,8,3,0.0,251.0
Training/Pituitary/BT-MRI PI Train (1406).jpg,Pituitary,224,224,RGB,8,3,0.0,205.0
Training/Pituitary/BT-MRI PI Train (283).jpg,Pituitary,224,224,RGB,8,3,0.0,240.0
Testing/No-tumor/BT-MRI NO Test (335).jpg,No-tumor,224,224,RGB,8,3,0.0,255.0
Testing/Meningioma/BT-MRI ME Test (197).jpg,Meningioma,224,224,RGB,8,3,0.0,255.0
Training/Pituitary/BT-MRI PI Train (441).jpg,Pituitary,224,224,RGB,8,3,0.0,242.0
Training/Meningioma/BT-MRI  ME Train (499).jpg,Meningioma,224,224,RGB,8,3,0.0,249.0
Testing/Glioma/BT-MRI Test GL (182).jpg,Glioma,224,224,RGB,8,3,0.0,251.0
Training/Pituitary/BT-MRI PI Train (1092).jpg,Pituitary,224,224,RGB,8,3,0.0,237.0
Training/No-tumor/BT-MRI NO Train (468).jpg,No-tumor,224,224,RGB,8,3,0.0,255.0
Testing/Glioma/BT-MRI Test GL (8).jpg,Glioma,224,224,RGB,8,3,0.0,222.0
Training/Pituitary/BT-MRI PI Train (543).jpg,Pituitary,224,224,RGB,8,3,0.0,243.0
Testing/Glioma/BT-MRI Test GL (297).jpg,Glioma,224,224,RGB,8,3,0.0,238.0
Training/Pituitary/BT-MRI PI Train (691).jpg,Pituitary,224,224,RGB,8,3,0.0,243.0
Training/Glioma/BT-MRI GL Train  (980).jpg,Glioma,224,224,RGB,8,3,0.0,251.0
Training/No-tumor/BT-MRI NO Train (1195).jpg,No-tumor,224,224,RGB,8,3,0.0,255.0
Training/Glioma/BT-MRI GL Train  (774).jpg,Glioma,224,224,RGB,8,3,0.0,218.0
Training/Glioma/BT-MRI GL Train  (750).jpg,Glioma,224,224,RGB,8,3,0.0,243.0
Training/Glioma/BT-MRI GL Train  (1001).jpg,Glioma,224,224,RGB,8,3,0.0,241.0
Training/Pituitary/BT-MRI PI Train (774).jpg,Pituitary,224,224,RGB,8,3,0.0,247.0
Training/Pituitary/BT-MRI PI Train (1124).jpg,Pituitary,224,224,RGB,8,3,0.0,232.0
Training/Pituitary/BT-MRI PI Train (50).jpg,Pituitary,224,224,RGB,8,3,0.0,247.0
Training/Meningioma/BT-MRI  ME Train (1274).jpg,Meningioma,224,224,RGB,8,3,0.0,242.0
Training/No-tumor/BT-MRI NO Train (1481).jpg,No-tumor,224,224,RGB,8,3,0.0,255.0
Training/Pituitary/BT-MRI PI Train (89).jpg,Pituitary,224,224,RGB,8,3,0.0,248.0
Training/Glioma/BT-MRI GL Train  (906).jpg,Glioma,224,224,RGB,8,3,0.0,241.0
Training/Pituitary/BT-MRI PI Train (303).jpg,Pituitary,224,224,RGB,8,3,0.0,244.0
Training/Glioma/BT-MRI GL Train  (978).jpg,Glioma,224,224,RGB,8,3,0.0,242.0
Training/Glioma/BT-MRI GL Train  (722).jpg,Glioma,224,224,RGB,8,3,0.0,194.0
Testing/Glioma/BT-MRI Test GL (85).jpg,Glioma,224,224,RGB,8,3,0.0,240.0
Training/Pituitary/BT-MRI PI Train (51).jpg,Pituitary,224,224,RGB,8,3,0.0,255.0
Training/Glioma/BT-MRI GL Train  (1127).jpg,Glioma,224,224,RGB,8,3,0.0,250.0
Training/Glioma/BT-MRI GL Train  (788).jpg,Glioma,224,224,RGB,8,3,0.0,242.0
Training/No-tumor/BT-MRI NO Train (685).jpg,No-tumor,224,224,RGB,8,3,0.0,255.0
Training/Glioma/BT-MRI GL Train  (756).jpg,Glioma,224,224,RGB,8,3,0.0,235.0
Training/No-tumor/BT-MRI NO Train (818).jpg,No-tumor,224,224,RGB,8,3,0.0,255.0
Training/No-tumor/BT-MRI NO Train (824).jpg,No-tumor,224,224,RGB,8,3,0.0,255.0
Testing/No-tumor/BT-MRI NO Test (220).jpg,No-tumor,224,224,RGB,8,3,0.0,255.0
Training/Meningioma/BT-MRI  ME Train (494).jpg,Meningioma,224,224,RGB,8,3,0.0,251.0
Training/Glioma/BT-MRI GL Train  (476).jpg,Glioma,224,224,RGB,8,3,0.0,236.0
Training/Pituitary/BT-MRI PI Train (473).jpg,Pituitary,224,224,RGB,8,3,0.0,246.0
Training/No-tumor/BT-MRI NO Train (907).jpg,No-tumor,224,224,RGB,8,3,0.0,255.0
Training/Pituitary/BT-MRI PI Train (628).jpg,Pituitary,224,224,RGB,8,3,0.0,233.0
Testing/No-tumor/BT-MRI NO Test (247).jpg,No-tumor,224,224,RGB,8,3,0.0,255.0
Training/No-tumor/BT-MRI NO Train (1118).jpg,No-tumor,224,224,RGB,8,3,0.0,255.0
Training/Glioma/BT-MRI GL Train  (1084).jpg,Glioma,224,224,RGB,8,3,0.0,255.0
Testing/No-tumor/BT-MRI NO Test (381).jpg,No-tumor,224,224,RGB,8,3,0.0,255.0
Training/Glioma/BT-MRI GL Train  (1082).jpg,Glioma,224,224,RGB,8,3,0.0,231.0
Testing/Pituitary/BT-MRI PI Test (170).jpg,Pituitary,224,224,RGB,8,3,0.0,243.0
Testing/Meningioma/BT-MRI ME Test (296).jpg,Meningioma,224,224,RGB,8,3,0.0,240.0
Training/No-tumor/BT-MRI NO Train (1320).jpg,No-tumor,224,224,RGB,8,3,2.0,255.0
Testing/Pituitary/BT-MRI PI Test (49).jpg,Pituitary,224,224,RGB,8,3,0.0,243.0
Training/No-tumor/BT-MRI NO Train (636).jpg,No-tumor,224,224,RGB,8,3,0.0,255.0
Training/No-tumor/BT-MRI NO Train (1348).jpg,No-tumor,224,224,RGB,8,3,0.0,255.0
Testing/No-tumor/BT-MRI NO Test (296).jpg,No-tumor,224,224,RGB,8,3,0.0,255.0
Testing/Pituitary/BT-MRI PI Test (147).jpg,Pituitary,224,224,RGB,8,3,0.0,242.0
Testing/Pituitary/BT-MRI PI Test (87).jpg,Pituitary,224,224,RGB,8,3,0.0,246.0
Training/No-tumor/BT-MRI NO Train (303).jpg,No-tumor,224,224,RGB,8,3,18.0,255.0
Testing/No-tumor/BT-MRI NO Test (345).jpg,No-tumor,224,224,RGB,8,3,0.0,230.0
Testing/Pituitary/BT-MRI PI Test (272).jpg,Pituitary,224,224,RGB,8,3,0.0,255.0
Training/No-tumor/BT-MRI NO Train (904).jpg,No-tumor,224,224,RGB,8,3,0.0,255.0
Training/Pituitary/BT-MRI PI Train (1286).jpg,Pituitary,224,224,RGB,8,3,0.0,242.0
Testing/No-tumor/BT-MRI NO Test (176).jpg,No-tumor,224,224,RGB,8,3,0.0,255.0
Training/No-tumor/BT-MRI NO Train (166).jpg,No-tumor,224,224,RGB,8,3,0.0,255.0
Training/Meningioma/BT-MRI  ME Train (255).jpg,Meningioma,224,224,RGB,8,3,0.0,255.0
Training/Pituitary/BT-MRI PI Train (259).jpg,Pituitary,224,224,RGB,8,3,0.0,254.0
Training/Pituitary/BT-MRI PI Train (1219).jpg,Pituitary,224,224,RGB,8,3,0.0,226.0
Training/Glioma/BT-MRI GL Train  (766).jpg,Glioma,224,224,RGB,8,3,0.0,244.0
Training/Pituitary/BT-MRI PI Train (756).jpg,Pituitary,224,224,RGB,8,3,0.0,241.0
Training/No-tumor/BT-MRI NO Train (1062).jpg,No-tumor,224,224,RGB,8,3,0.0,255.0
Training/Pituitary/BT-MRI PI Train (1144).jpg,Pituitary,224,224,RGB,8,3,0.0,241.0
Training/Glioma/BT-MRI GL Train  (927).jpg,Glioma,224,224,RGB,8,3,0.0,246.0
Training/Meningioma/BT-MRI  ME Train (852).jpg,Meningioma,224,224,RGB,8,3,0.0,234.0
Training/Pituitary/BT-MRI PI Train (94).jpg,Pituitary,224,224,RGB,8,3,0.0,255.0
Training/Pituitary/BT-MRI PI Train (96).jpg,Pituitary,224,224,RGB,8,3,0.0,255.0
Training/Glioma/BT-MRI GL Train  (500).jpg,Glioma,224,224,RGB,8,3,0.0,241.0
Testing/Meningioma/BT-MRI ME Test (245).jpg,Meningioma,224,224,RGB,8,3,0.0,235.0
Training/No-tumor/BT-MRI NO Train (377).jpg,No-tumor,224,224,RGB,8,3,0.0,255.0
Training/Glioma/BT-MRI GL Train  (693).jpg,Glioma,224,224,RGB,8,3,0.0,227.0
Training/Glioma/BT-MRI GL Train  (1194).jpg,Glioma,224,224,RGB,8,3,0.0,225.0
Training/Pituitary/BT-MRI PI Train (773).jpg,Pituitary,224,224,RGB,8,3,0.0,253.0
Training/Pituitary/BT-MRI PI Train (24).jpg,Pituitary,224,224,RGB,8,3,0.0,255.0
Training/Meningioma/BT-MRI  ME Train (92).jpg,Meningioma,224,224,RGB,8,3,0.0,250.0
Training/Meningioma/BT-MRI  ME Train (63).jpg,Meningioma,224,224,RGB,8,3,0.0,250.0
Training/No-tumor/BT-MRI NO Train (434).jpg,No-tumor,224,224,RGB,8,3,0.0,255.0
Training/Meningioma/BT-MRI  ME Train (1101).jpg,Meningioma,224,224,RGB,8,3,0.0,247.0
Training/Meningioma/BT-MRI  ME Train (416).jpg,Meningioma,224,224,RGB,8,3,0.0,241.0
Training/No-tumor/BT-MRI NO Train (1468).jpg,No-tumor,224,224,RGB,8,3,0.0,255.0
Testing/Glioma/BT-MRI Test GL (154).jpg,Glioma,224,224,RGB,8,3,0.0,221.0
Training/No-tumor/BT-MRI NO Train (1234).jpg,No-tumor,224,224,RGB,8,3,0.0,181.0
Training/Meningioma/BT-MRI  ME Train (193).jpg,Meningioma,224,224,RGB,8,3,0.0,255.0
Training/Pituitary/BT-MRI PI Train (881).jpg,Pituitary,224,224,RGB,8,3,0.0,233.0
Training/No-tumor/BT-MRI NO Train (1360).jpg,No-tumor,224,224,RGB,8,3,0.0,255.0
Training/Glioma/BT-MRI GL Train  (901).jpg,Glioma,224,224,RGB,8,3,0.0,238.0
Training/Pituitary/BT-MRI PI Train (444).jpg,Pituitary,224,224,RGB,8,3,0.0,255.0
Testing/Pituitary/BT-MRI PI Test (30).jpg,Pituitary,224,224,RGB,8,3,0.0,242.0
Training/Pituitary/BT-MRI PI Train (1434).jpg,Pituitary,224,224,RGB,8,3,0.0,251.0
Training/No-tumor/BT-MRI NO Train (803).jpg,No-tumor,224,224,RGB,8,3,0.0,255.0
Training/No-tumor/BT-MRI NO Train (1535).jpg,No-tumor,224,224,RGB,8,3,0.0,255.0
Training/Meningioma/BT-MRI  ME Train (906).jpg,Meningioma,224,224,RGB,8,3,0.0,236.0
Training/Glioma/BT-MRI GL Train  (763).jpg,Glioma,224,224,RGB,8,3,0.0,237.0
Training/Meningioma/BT-MRI  ME Train (624).jpg,Meningioma,224,224,RGB,8,3,0.0,255.0
Testing/Glioma/BT-MRI Test GL (248).jpg,Glioma,224,224,RGB,8,3,0.0,223.0
Training/Pituitary/BT-MRI PI Train (1045).jpg,Pituitary,224,224,RGB,8,3,0.0,243.0
Training/Glioma/BT-MRI GL Train  (486).jpg,Glioma,224,224,RGB,8,3,0.0,234.0
Testing/Glioma/BT-MRI Test GL (217).jpg,Glioma,224,224,RGB,8,3,0.0,244.0
Training/Glioma/BT-MRI GL Train  (172).jpg,Glioma,224,224,RGB,8,3,0.0,251.0
Training/Meningioma/BT-MRI  ME Train (80).jpg,Meningioma,224,224,RGB,8,3,0.0,241.0
Training/Glioma/BT-MRI GL Train  (842).jpg,Glioma,224,224,RGB,8,3,0.0,238.0
Training/Glioma/BT-MRI GL Train  (427).jpg,Glioma,224,224,RGB,8,3,0.0,235.0
Testing/No-tumor/BT-MRI NO Test (157).jpg,No-tumor,224,224,RGB,8,3,0.0,255.0
Training/Meningioma/BT-MRI  ME Train (659).jpg,Meningioma,224,224,RGB,8,3,0.0,249.0
Training/Pituitary/BT-MRI PI Train (675).jpg,Pituitary,224,224,RGB,8,3,0.0,247.0
Training/Pituitary/BT-MRI PI Train (505).jpg,Pituitary,224,224,RGB,8,3,0.0,248.0
Training/No-tumor/BT-MRI NO Train (528).jpg,No-tumor,224,224,RGB,8,3,0.0,255.0
Testing/Pituitary/BT-MRI PI Test (182).jpg,Pituitary,224,224,RGB,8,3,0.0,206.0
Training/Meningioma/BT-MRI  ME Train (177).jpg,Meningioma,224,224,RGB,8,3,0.0,255.0
Training/Glioma/BT-MRI GL Train  (530).jpg,Glioma,224,224,RGB,8,3,0.0,233.0
Testing/Pituitary/BT-MRI PI Test (5).jpg,Pituitary,224,224,RGB,8,3,0.0,235.0
Testing/Meningioma/BT-MRI ME Test (101).jpg,Meningioma,224,224,RGB,8,3,0.0,255.0
Training/Glioma/BT-MRI GL Train  (234).jpg,Glioma,224,224,RGB,8,3,0.0,232.0
Testing/Meningioma/BT-MRI ME Test (255).jpg,Meningioma,224,224,RGB,8,3,0.0,252.0
Training/Meningioma/BT-MRI  ME Train (1032).jpg,Meningioma,224,224,RGB,8,3,0.0,248.0
Testing/Glioma/BT-MRI Test GL (214).jpg,Glioma,224,224,RGB,8,3,0.0,197.0
Testing/Glioma/BT-MRI Test GL (238).jpg,Glioma,224,224,RGB,8,3,0.0,255.0
Training/Meningioma/BT-MRI  ME Train (223).jpg,Meningioma,224,224,RGB,8,3,0.0,246.0
Training/Pituitary/BT-MRI PI Train (801).jpg,Pituitary,224,224,RGB,8,3,0.0,216.0
Training/Glioma/BT-MRI GL Train  (1287).jpg,Glioma,224,224,RGB,8,3,0.0,254.0
Training/Glioma/BT-MRI GL Train  (594).jpg,Glioma,224,224,RGB,8,3,0.0,242.0
Training/No-tumor/BT-MRI NO Train (510).jpg,No-tumor,224,224,RGB,8,3,0.0,232.0
Training/Glioma/BT-MRI GL Train  (186).jpg,Glioma,224,224,RGB,8,3,0.0,243.0
Training/No-tumor/BT-MRI NO Train (974).jpg,No-tumor,224,224,RGB,8,3,0.0,243.0
Training/Pituitary/BT-MRI PI Train (852).jpg,Pituitary,224,224,RGB,8,3,0.0,243.0
Testing/Glioma/BT-MRI Test GL (171).jpg,Glioma,224,224,RGB,8,3,0.0,227.0
Testing/Meningioma/BT-MRI ME Test (286).jpg,Meningioma,224,224,RGB,8,3,0.0,245.0
Testing/Glioma/BT-MRI Test GL (300).jpg,Glioma,224,224,RGB,8,3,0.0,235.0
Training/No-tumor/BT-MRI NO Train (1150).jpg,No-tumor,224,224,RGB,8,3,0.0,255.0
Training/Glioma/BT-MRI GL Train  (1056).jpg,Glioma,224,224,RGB,8,3,0.0,232.0
Testing/Pituitary/BT-MRI PI Test (264).jpg,Pituitary,224,224,RGB,8,3,0.0,243.0
Training/No-tumor/BT-MRI NO Train (1147).jpg,No-tumor,224,224,RGB,8,3,21.0,215.0
Testing/Glioma/BT-MRI Test GL (137).jpg,Glioma,224,224,RGB,8,3,0.0,243.0
Training/Pituitary/BT-MRI PI Train (1172).jpg,Pituitary,224,224,RGB,8,3,0.0,242.0
Training/Pituitary/BT-MRI PI Train (445).jpg,Pituitary,224,224,RGB,8,3,0.0,225.0
Training/Meningioma/BT-MRI  ME Train (135).jpg,Meningioma,224,224,RGB,8,3,0.0,244.0
Training/Meningioma/BT-MRI  ME Train (751).jpg,Meningioma,224,224,RGB,8,3,0.0,250.0
Training/Meningioma/BT-MRI  ME Train (1248).jpg,Meningioma,224,224,RGB,8,3,0.0,244.0
Training/Glioma/BT-MRI GL Train  (549).jpg,Glioma,224,224,RGB,8,3,0.0,231.0
Training/Glioma/BT-MRI GL Train  (558).jpg,Glioma,224,224,RGB,8,3,0.0,255.0
Training/Pituitary/BT-MRI PI Train (927).jpg,Pituitary,224,224,RGB,8,3,0.0,242.0
Training/Pituitary/BT-MRI PI Train (909).jpg,Pituitary,224,224,RGB,8,3,0.0,255.0
Testing/Meningioma/BT-MRI ME Test (229).jpg,Meningioma,224,224,RGB,8,3,0.0,254.0
Training/Meningioma/BT-MRI  ME Train (1185).jpg,Meningioma,224,224,RGB,8,3,0.0,255.0
Training/Glioma/BT-MRI GL Train  (296).jpg,Glioma,224,224,RGB,8,3,0.0,236.0
Training/Glioma/BT-MRI GL Train  (872).jpg,Glioma,224,224,RGB,8,3,0.0,232.0
Testing/Glioma/BT-MRI Test GL (292).jpg,Glioma,224,224,RGB,8,3,0.0,235.0
Training/Glioma/BT-MRI GL Train  (393).jpg,Glioma,224,224,RGB,8,3,0.0,239.0
Training/Glioma/BT-MRI GL Train  (360).jpg,Glioma,224,224,RGB,8,3,0.0,242.0
Training/Glioma/BT-MRI GL Train  (248).jpg,Glioma,224,224,RGB,8,3,0.0,236.0
Training/Pituitary/BT-MRI PI Train (102).jpg,Pituitary,224,224,RGB,8,3,0.0,219.0
Training/Pituitary/BT-MRI PI Train (492).jpg,Pituitary,224,224,RGB,8,3,0.0,230.0
Training/Meningioma/BT-MRI  ME Train (294).jpg,Meningioma,224,224,RGB,8,3,0.0,255.0
Training/Glioma/BT-MRI GL Train  (268).jpg,Glioma,224,224,RGB,8,3,0.0,226.0
Training/Meningioma/BT-MRI  ME Train (470).jpg,Meningioma,224,224,RGB,8,3,0.0,249.0
Training/Glioma/BT-MRI GL Train  (884).jpg,Glioma,224,224,RGB,8,3,0.0,240.0
Training/No-tumor/BT-MRI NO Train (404).jpg,No-tumor,224,224,RGB,8,3,0.0,255.0
Training/No-tumor/BT-MRI NO Train (1523).jpg,No-tumor,224,224,RGB,8,3,0.0,255.0
Training/Meningioma/BT-MRI  ME Train (623).jpg,Meningioma,224,224,RGB,8,3,0.0,255.0
Training/Meningioma/BT-MRI  ME Train (796).jpg,Meningioma,224,224,RGB,8,3,0.0,241.0
Training/No-tumor/BT-MRI NO Train (94).jpg,No-tumor,224,224,RGB,8,3,0.0,249.0
Testing/Glioma/BT-MRI Test GL (274).jpg,Glioma,224,224,RGB,8,3,0.0,252.0
Training/Glioma/BT-MRI GL Train  (1107).jpg,Glioma,224,224,RGB,8,3,0.0,238.0
Training/Glioma/BT-MRI GL Train  (402).jpg,Glioma,224,224,RGB,8,3,0.0,229.0
Training/Glioma/BT-MRI GL Train  (155).jpg,Glioma,224,224,RGB,8,3,0.0,245.0
Training/Meningioma/BT-MRI  ME Train (602).jpg,Meningioma,224,224,RGB,8,3,0.0,239.0
Testing/No-tumor/BT-MRI NO Test (253).jpg,No-tumor,224,224,RGB,8,3,0.0,255.0
Training/Glioma/BT-MRI GL Train  (236).jpg,Glioma,224,224,RGB,8,3,0.0,237.0
Training/Glioma/BT-MRI GL Train  (824).jpg,Glioma,224,224,RGB,8,3,0.0,221.0
Training/Glioma/BT-MRI GL Train  (15).jpg,Glioma,224,224,RGB,8,3,0.0,239.0
Training/No-tumor/BT-MRI NO Train (1048).jpg,No-tumor,224,224,RGB,8,3,0.0,255.0
Training/No-tumor/BT-MRI NO Train (1583).jpg,No-tumor,224,224,RGB,8,3,0.0,255.0
Training/No-tumor/BT-MRI NO Train (747).jpg,No-tumor,224,224,RGB,8,3,0.0,255.0
Training/No-tumor/BT-MRI NO Train (1098).jpg,No-tumor,224,224,RGB,8,3,0.0,255.0
Training/No-tumor/BT-MRI NO Train (326).jpg,No-tumor,224,224,RGB,8,3,0.0,243.0
Training/Meningioma/BT-MRI  ME Train (610).jpg,Meningioma,224,224,RGB,8,3,0.0,241.0
Training/Glioma/BT-MRI GL Train  (832).jpg,Glioma,224,224,RGB,8,3,0.0,239.0
Training/Meningioma/BT-MRI  ME Train (216).jpg,Meningioma,224,224,RGB,8,3,0.0,255.0
Testing/Pituitary/BT-MRI PI Test (92).jpg,Pituitary,224,224,RGB,8,3,0.0,255.0
Training/No-tumor/BT-MRI NO Train (501).jpg,No-tumor,224,224,RGB,8,3,0.0,255.0
Testing/No-tumor/BT-MRI NO Test (240).jpg,No-tumor,224,224,RGB,8,3,0.0,255.0
Training/Meningioma/BT-MRI  ME Train (75).jpg,Meningioma,224,224,RGB,8,3,0.0,247.0
Training/Glioma/BT-MRI GL Train  (744).jpg,Glioma,224,224,RGB,8,3,0.0,243.0
Training/No-tumor/BT-MRI NO Train (1128).jpg,No-tumor,224,224,RGB,8,3,0.0,235.0
Training/Meningioma/BT-MRI  ME Train (1311).jpg,Meningioma,224,224,RGB,8,3,0.0,252.0
Training/Meningioma/BT-MRI  ME Train (1279).jpg,Meningioma,224,224,RGB,8,3,0.0,249.0
Testing/Pituitary/BT-MRI PI Test (159).jpg,Pituitary,224,224,RGB,8,3,0.0,230.0
Training/Glioma/BT-MRI GL Train  (337).jpg,Glioma,224,224,RGB,8,3,0.0,226.0
Training/Meningioma/BT-MRI  ME Train (984).jpg,Meningioma,224,224,RGB,8,3,0.0,235.0
Training/Pituitary/BT-MRI PI Train (845).jpg,Pituitary,224,224,RGB,8,3,0.0,235.0
Training/Meningioma/BT-MRI  ME Train (1074).jpg,Meningioma,224,224,RGB,8,3,0.0,255.0
Training/Glioma/BT-MRI GL Train  (820).jpg,Glioma,224,224,RGB,8,3,0.0,235.0
Training/Meningioma/BT-MRI  ME Train (469).jpg,Meningioma,224,224,RGB,8,3,0.0,230.0
Training/No-tumor/BT-MRI NO Train (759).jpg,No-tumor,224,224,RGB,8,3,0.0,255.0
Training/Meningioma/BT-MRI  ME Train (625).jpg,Meningioma,224,224,RGB,8,3,0.0,248.0
Training/Glioma/BT-MRI GL Train  (847).jpg,Glioma,224,224,RGB,8,3,0.0,235.0
Training/Meningioma/BT-MRI  ME Train (1098).jpg,Meningioma,224,224,RGB,8,3,0.0,235.0
Training/Glioma/BT-MRI GL Train  (579).jpg,Glioma,224,224,RGB,8,3,0.0,255.0
Training/Meningioma/BT-MRI  ME Train (705).jpg,Meningioma,224,224,RGB,8,3,0.0,253.0
Training/No-tumor/BT-MRI NO Train (1235).jpg,No-tumor,224,224,RGB,8,3,0.0,255.0
Training/Pituitary/BT-MRI PI Train (146).jpg,Pituitary,224,224,RGB,8,3,0.0,254.0
Training/Pituitary/BT-MRI PI Train (720).jpg,Pituitary,224,224,RGB,8,3,0.0,255.0
Training/No-tumor/BT-MRI NO Train (1257).jpg,No-tumor,224,224,RGB,8,3,0.0,255.0
Training/Meningioma/BT-MRI  ME Train (809).jpg,Meningioma,224,224,RGB,8,3,0.0,233.0
Training/Meningioma/BT-MRI  ME Train (593).jpg,Meningioma,224,224,RGB,8,3,0.0,248.0
Training/No-tumor/BT-MRI NO Train (1361).jpg,No-tumor,224,224,RGB,8,3,0.0,255.0
Training/Glioma/BT-MRI GL Train  (281).jpg,Glioma,224,224,RGB,8,3,0.0,213.0
Training/Pituitary/BT-MRI PI Train (718).jpg,Pituitary,224,224,RGB,8,3,0.0,231.0
Training/Meningioma/BT-MRI  ME Train (1266).jpg,Meningioma,224,224,RGB,8,3,0.0,216.0
Training/No-tumor/BT-MRI NO Train (1251).jpg,No-tumor,224,224,RGB,8,3,0.0,255.0
Training/No-tumor/BT-MRI NO Train (314).jpg,No-tumor,224,224,RGB,8,3,0.0,255.0
Training/Meningioma/BT-MRI  ME Train (1076).jpg,Meningioma,224,224,RGB,8,3,0.0,254.0
Training/Meningioma/BT-MRI  ME Train (965).jpg,Meningioma,224,224,RGB,8,3,0.0,240.0
Training/Meningioma/BT-MRI  ME Train (999).jpg,Meningioma,224,224,RGB,8,3,0.0,255.0
Training/Pituitary/BT-MRI PI Train (1050).jpg,Pituitary,224,224,RGB,8,3,0.0,223.0
Training/No-tumor/BT-MRI NO Train (691).jpg,No-tumor,224,224,RGB,8,3,0.0,255.0
Training/Meningioma/BT-MRI  ME Train (675).jpg,Meningioma,224,224,RGB,8,3,0.0,250.0
Training/Glioma/BT-MRI GL Train  (86).jpg,Glioma,224,224,RGB,8,3,0.0,218.0
Training/Glioma/BT-MRI GL Train  (317).jpg,Glioma,224,224,RGB,8,3,0.0,224.0
Testing/Pituitary/BT-MRI PI Test (112).jpg,Pituitary,224,224,RGB,8,3,0.0,228.0
Training/Meningioma/BT-MRI  ME Train (637).jpg,Meningioma,224,224,RGB,8,3,0.0,255.0
Training/Glioma/BT-MRI GL Train  (219).jpg,Glioma,224,224,RGB,8,3,0.0,253.0
Testing/Pituitary/BT-MRI PI Test (174).jpg,Pituitary,224,224,RGB,8,3,0.0,234.0
Training/No-tumor/BT-MRI NO Train (947).jpg,No-tumor,224,224,RGB,8,3,0.0,238.0
Testing/Pituitary/BT-MRI PI Test (213).jpg,Pituitary,224,224,RGB,8,3,0.0,238.0
Training/Pituitary/BT-MRI PI Train (192).jpg,Pituitary,224,224,RGB,8,3,0.0,216.0
Training/Glioma/BT-MRI GL Train  (114).jpg,Glioma,224,224,RGB,8,3,0.0,224.0
Training/Glioma/BT-MRI GL Train  (775).jpg,Glioma,224,224,RGB,8,3,0.0,243.0
Testing/Meningioma/BT-MRI ME Test (270).jpg,Meningioma,224,224,RGB,8,3,0.0,239.0
Training/Meningioma/BT-MRI  ME Train (109).jpg,Meningioma,224,224,RGB,8,3,0.0,255.0
Training/Pituitary/BT-MRI PI Train (1408).jpg,Pituitary,224,224,RGB,8,3,0.0,247.0
Training/Meningioma/BT-MRI  ME Train (237).jpg,Meningioma,224,224,RGB,8,3,0.0,235.0
Testing/Pituitary/BT-MRI PI Test (106).jpg,Pituitary,224,224,RGB,8,3,0.0,255.0
Testing/Glioma/BT-MRI Test GL (12).jpg,Glioma,224,224,RGB,8,3,0.0,225.0
Training/Pituitary/BT-MRI PI Train (953).jpg,Pituitary,224,224,RGB,8,3,0.0,248.0
Training/Pituitary/BT-MRI PI Train (176).jpg,Pituitary,224,224,RGB,8,3,0.0,245.0
Training/Pituitary/BT-MRI PI Train (4).jpg,Pituitary,224,224,RGB,8,3,0.0,253.0
Training/No-tumor/BT-MRI NO Train (807).jpg,No-tumor,224,224,RGB,8,3,0.0,255.0
Training/Glioma/BT-MRI GL Train  (764).jpg,Glioma,224,224,RGB,8,3,0.0,241.0
Training/Glioma/BT-MRI GL Train  (670).jpg,Glioma,224,224,RGB,8,3,0.0,236.0
Training/Pituitary/BT-MRI PI Train (1173).jpg,Pituitary,224,224,RGB,8,3,0.0,251.0
Training/Glioma/BT-MRI GL Train  (1307).jpg,Glioma,224,224,RGB,8,3,0.0,249.0
Training/Pituitary/BT-MRI PI Train (1163).jpg,Pituitary,224,224,RGB,8,3,0.0,255.0
Training/No-tumor/BT-MRI NO Train (1381).jpg,No-tumor,224,224,RGB,8,3,0.0,255.0
Training/Pituitary/BT-MRI PI Train (1218).jpg,Pituitary,224,224,RGB,8,3,0.0,231.0
Testing/Meningioma/BT-MRI ME Test (257).jpg,Meningioma,224,224,RGB,8,3,0.0,255.0
Training/Meningioma/BT-MRI  ME Train (511).jpg,Meningioma,224,224,RGB,8,3,0.0,253.0
Training/Glioma/BT-MRI GL Train  (1284).jpg,Glioma,224,224,RGB,8,3,0.0,254.0
Training/Meningioma/BT-MRI  ME Train (402).jpg,Meningioma,224,224,RGB,8,3,0.0,242.0
Training/Pituitary/BT-MRI PI Train (592).jpg,Pituitary,224,224,RGB,8,3,0.0,249.0
Training/Meningioma/BT-MRI  ME Train (328).jpg,Meningioma,224,224,RGB,8,3,0.0,243.0
Training/Glioma/BT-MRI GL Train  (117).jpg,Glioma,224,224,RGB,8,3,0.0,255.0
Testing/Glioma/BT-MRI Test GL (124).jpg,Glioma,224,224,RGB,8,3,0.0,250.0
Training/Pituitary/BT-MRI PI Train (1369).jpg,Pituitary,224,224,RGB,8,3,0.0,249.0
Training/Meningioma/BT-MRI  ME Train (128).jpg,Meningioma,224,224,RGB,8,3,0.0,239.0
Training/Pituitary/BT-MRI PI Train (1018).jpg,Pituitary,224,224,RGB,8,3,0.0,241.0
Training/Pituitary/BT-MRI PI Train (1291).jpg,Pituitary,224,224,RGB,8,3,0.0,251.0
Training/Meningioma/BT-MRI  ME Train (377).jpg,Meningioma,224,224,RGB,8,3,0.0,253.0
Training/Glioma/BT-MRI GL Train  (808).jpg,Glioma,224,224,RGB,8,3,0.0,226.0
Training/No-tumor/BT-MRI NO Train (184).jpg,No-tumor,224,224,RGB,8,3,0.0,255.0
Training/No-tumor/BT-MRI NO Train (49).jpg,No-tumor,224,224,RGB,8,3,0.0,255.0
Training/Glioma/BT-MRI GL Train  (1215).jpg,Glioma,224,224,RGB,8,3,0.0,255.0
Training/No-tumor/BT-MRI NO Train (1230).jpg,No-tumor,224,224,RGB,8,3,0.0,255.0
Testing/No-tumor/BT-MRI NO Test (239).jpg,No-tumor,224,224,RGB,8,3,0.0,248.0
Training/No-tumor/BT-MRI NO Train (254).jpg,No-tumor,224,224,RGB,8,3,0.0,255.0
Training/No-tumor/BT-MRI NO Train (168).jpg,No-tumor,224,224,RGB,8,3,0.0,251.0
Training/No-tumor/BT-MRI NO Train (1124).jpg,No-tumor,224,224,RGB,8,3,0.0,255.0
Training/Meningioma/BT-MRI  ME Train (313).jpg,Meningioma,224,224,RGB,8,3,0.0,240.0
Training/Glioma/BT-MRI GL Train  (885).jpg,Glioma,224,224,RGB,8,3,0.0,246.0
Training/No-tumor/BT-MRI NO Train (1037).jpg,No-tumor,224,224,RGB,8,3,0.0,234.0
Training/Glioma/BT-MRI GL Train  (1016).jpg,Glioma,224,224,RGB,8,3,0.0,242.0
Training/Pituitary/BT-MRI PI Train (1122).jpg,Pituitary,224,224,RGB,8,3,0.0,230.0
Training/Meningioma/BT-MRI  ME Train (151).jpg,Meningioma,224,224,RGB,8,3,0.0,242.0
Testing/Pituitary/BT-MRI PI Test (247).jpg,Pituitary,224,224,RGB,8,3,0.0,255.0
Testing/No-tumor/BT-MRI NO Test (272).jpg,No-tumor,224,224,RGB,8,3,0.0,255.0
Training/Glioma/BT-MRI GL Train  (1010).jpg,Glioma,224,224,RGB,8,3,0.0,227.0
Training/Pituitary/BT-MRI PI Train (929).jpg,Pituitary,224,224,RGB,8,3,0.0,239.0
Training/Pituitary/BT-MRI PI Train (478).jpg,Pituitary,224,224,RGB,8,3,0.0,225.0
Training/No-tumor/BT-MRI NO Train (1575).jpg,No-tumor,224,224,RGB,8,3,0.0,255.0
Training/No-tumor/BT-MRI NO Train (1446).jpg,No-tumor,224,224,RGB,8,3,0.0,255.0
Training/Meningioma/BT-MRI  ME Train (1110).jpg,Meningioma,224,224,RGB,8,3,0.0,254.0
Testing/Pituitary/BT-MRI PI Test (83).jpg,Pituitary,224,224,RGB,8,3,0.0,229.0
Training/Glioma/BT-MRI GL Train  (1021).jpg,Glioma,224,224,RGB,8,3,0.0,232.0
Training/Glioma/BT-MRI GL Train  (671).jpg,Glioma,224,224,RGB,8,3,0.0,223.0
Training/Meningioma/BT-MRI  ME Train (1223).jpg,Meningioma,224,224,RGB,8,3,0.0,249.0
Testing/No-tumor/BT-MRI NO Test (313).jpg,No-tumor,224,224,RGB,8,3,0.0,255.0
Training/Glioma/BT-MRI GL Train  (167).jpg,Glioma,224,224,RGB,8,3,0.0,245.0
Training/Meningioma/BT-MRI  ME Train (8).jpg,Meningioma,224,224,RGB,8,3,0.0,255.0
Training/Meningioma/BT-MRI  ME Train (673).jpg,Meningioma,224,224,RGB,8,3,0.0,255.0
Training/Pituitary/BT-MRI PI Train (420).jpg,Pituitary,224,224,RGB,8,3,0.0,250.0
Training/Pituitary/BT-MRI PI Train (1342).jpg,Pituitary,224,224,RGB,8,3,0.0,255.0
Training/No-tumor/BT-MRI NO Train (1337).jpg,No-tumor,224,224,RGB,8,3,0.0,255.0
Training/Meningioma/BT-MRI  ME Train (1029).jpg,Meningioma,224,224,RGB,8,3,0.0,251.0
Testing/Glioma/BT-MRI Test GL (170).jpg,Glioma,224,224,RGB,8,3,0.0,242.0
Training/No-tumor/BT-MRI NO Train (349).jpg,No-tumor,224,224,RGB,8,3,0.0,255.0
Training/Pituitary/BT-MRI PI Train (644).jpg,Pituitary,224,224,RGB,8,3,0.0,246.0
Training/Glioma/BT-MRI GL Train  (986).jpg,Glioma,224,224,RGB,8,3,0.0,224.0
Training/No-tumor/BT-MRI NO Train (916).jpg,No-tumor,224,224,RGB,8,3,0.0,255.0
Training/Glioma/BT-MRI GL Train  (998).jpg,Glioma,224,224,RGB,8,3,0.0,243.0
Training/Meningioma/BT-MRI  ME Train (264).jpg,Meningioma,224,224,RGB,8,3,0.0,255.0
Training/No-tumor/BT-MRI NO Train (1210).jpg,No-tumor,224,224,RGB,8,3,0.0,255.0
Training/Glioma/BT-MRI GL Train  (104).jpg,Glioma,224,224,RGB,8,3,0.0,237.0
Testing/Glioma/BT-MRI Test GL (70).jpg,Glioma,224,224,RGB,8,3,0.0,237.0
Training/No-tumor/BT-MRI NO Train (609).jpg,No-tumor,224,224,RGB,8,3,0.0,255.0
Training/No-tumor/BT-MRI NO Train (1102).jpg,No-tumor,224,224,RGB,8,3,0.0,251.0
Training/Meningioma/BT-MRI  ME Train (676).jpg,Meningioma,224,224,RGB,8,3,0.0,255.0
Training/Pituitary/BT-MRI PI Train (891).jpg,Pituitary,224,224,RGB,8,3,0.0,253.0
Training/Glioma/BT-MRI GL Train  (442).jpg,Glioma,224,224,RGB,8,3,0.0,208.0
Testing/No-tumor/BT-MRI NO Test (178).jpg,No-tumor,224,224,RGB,8,3,0.0,242.0
Training/No-tumor/BT-MRI NO Train (889).jpg,No-tumor,224,224,RGB,8,3,0.0,255.0
Training/Meningioma/BT-MRI  ME Train (1172).jpg,Meningioma,224,224,RGB,8,3,0.0,231.0
Training/Pituitary/BT-MRI PI Train (1287).jpg,Pituitary,224,224,RGB,8,3,0.0,248.0
Training/Meningioma/BT-MRI  ME Train (980).jpg,Meningioma,224,224,RGB,8,3,0.0,238.0
Training/No-tumor/BT-MRI NO Train (1418).jpg,No-tumor,224,224,RGB,8,3,0.0,255.0
Training/Glioma/BT-MRI GL Train  (1105).jpg,Glioma,224,224,RGB,8,3,0.0,249.0
Training/Pituitary/BT-MRI PI Train (168).jpg,Pituitary,224,224,RGB,8,3,0.0,254.0
Training/No-tumor/BT-MRI NO Train (306).jpg,No-tumor,224,224,RGB,8,3,16.0,255.0
Testing/No-tumor/BT-MRI NO Test (206).jpg,No-tumor,224,224,RGB,8,3,0.0,255.0
Testing/Meningioma/BT-MRI ME Test (111).jpg,Meningioma,224,224,RGB,8,3,0.0,242.0
Training/Meningioma/BT-MRI  ME Train (396).jpg,Meningioma,224,224,RGB,8,3,0.0,248.0
Training/Glioma/BT-MRI GL Train  (478).jpg,Glioma,224,224,RGB,8,3,0.0,237.0
Training/Meningioma/BT-MRI  ME Train (531).jpg,Meningioma,224,224,RGB,8,3,0.0,248.0
Training/No-tumor/BT-MRI NO Train (1541).jpg,No-tumor,224,224,RGB,8,3,0.0,234.0
Training/Glioma/BT-MRI GL Train  (25).jpg,Glioma,224,224,RGB,8,3,0.0,228.0
Training/Meningioma/BT-MRI  ME Train (257).jpg,Meningioma,224,224,RGB,8,3,17.0,255.0
Training/Meningioma/BT-MRI  ME Train (1283).jpg,Meningioma,224,224,RGB,8,3,0.0,235.0
Training/Meningioma/BT-MRI  ME Train (322).jpg,Meningioma,224,224,RGB,8,3,0.0,235.0
Testing/No-tumor/BT-MRI NO Test (341).jpg,No-tumor,224,224,RGB,8,3,0.0,255.0
Testing/Pituitary/BT-MRI PI Test (76).jpg,Pituitary,224,224,RGB,8,3,0.0,241.0
Training/No-tumor/BT-MRI NO Train (779).jpg,No-tumor,224,224,RGB,8,3,0.0,255.0
Training/No-tumor/BT-MRI NO Train (521).jpg,No-tumor,224,224,RGB,8,3,0.0,255.0
Testing/Pituitary/BT-MRI PI Test (72).jpg,Pituitary,224,224,RGB,8,3,0.0,248.0
Training/No-tumor/BT-MRI NO Train (1345).jpg,No-tumor,224,224,RGB,8,3,0.0,255.0
Training/No-tumor/BT-MRI NO Train (715).jpg,No-tumor,224,224,RGB,8,3,0.0,255.0
Training/Glioma/BT-MRI GL Train  (1225).jpg,Glioma,224,224,RGB,8,3,0.0,248.0
Training/Pituitary/BT-MRI PI Train (995).jpg,Pituitary,224,224,RGB,8,3,0.0,235.0
Testing/No-tumor/BT-MRI NO Test (156).jpg,No-tumor,224,224,RGB,8,3,0.0,255.0
Training/Meningioma/BT-MRI  ME Train (321).jpg,Meningioma,224,224,RGB,8,3,0.0,255.0
Training/No-tumor/BT-MRI NO Train (1289).jpg,No-tumor,224,224,RGB,8,3,0.0,254.0
Training/Glioma/BT-MRI GL Train  (1135).jpg,Glioma,224,224,RGB,8,3,0.0,239.0
Training/Glioma/BT-MRI GL Train  (1017).jpg,Glioma,224,224,RGB,8,3,0.0,238.0
Testing/Pituitary/BT-MRI PI Test (233).jpg,Pituitary,224,224,RGB,8,3,0.0,228.0
Training/Meningioma/BT-MRI  ME Train (87).jpg,Meningioma,224,224,RGB,8,3,0.0,233.0
Training/No-tumor/BT-MRI NO Train (92).jpg,No-tumor,224,224,RGB,8,3,0.0,255.0
Training/Glioma/BT-MRI GL Train  (355).jpg,Glioma,224,224,RGB,8,3,0.0,228.0
Training/Glioma/BT-MRI GL Train  (533).jpg,Glioma,224,224,RGB,8,3,0.0,245.0
Training/Meningioma/BT-MRI  ME Train (514).jpg,Meningioma,224,224,RGB,8,3,0.0,237.0
Training/No-tumor/BT-MRI NO Train (1189).jpg,No-tumor,224,224,RGB,8,3,0.0,229.0
Training/Pituitary/BT-MRI PI Train (971).jpg,Pituitary,224,224,RGB,8,3,0.0,248.0
Training/Meningioma/BT-MRI  ME Train (521).jpg,Meningioma,224,224,RGB,8,3,0.0,247.0
Training/Pituitary/BT-MRI PI Train (139).jpg,Pituitary,224,224,RGB,8,3,0.0,255.0
Training/Pituitary/BT-MRI PI Train (1383).jpg,Pituitary,224,224,RGB,8,3,0.0,252.0
Testing/Pituitary/BT-MRI PI Test (257).jpg,Pituitary,224,224,RGB,8,3,0.0,255.0
Training/Pituitary/BT-MRI PI Train (874).jpg,Pituitary,224,224,RGB,8,3,0.0,255.0
Training/Glioma/BT-MRI GL Train  (441).jpg,Glioma,224,224,RGB,8,3,0.0,237.0
Training/No-tumor/BT-MRI NO Train (624).jpg,No-tumor,224,224,RGB,8,3,0.0,255.0
Testing/Meningioma/BT-MRI ME Test (151).jpg,Meningioma,224,224,RGB,8,3,0.0,236.0
Training/Meningioma/BT-MRI  ME Train (850).jpg,Meningioma,224,224,RGB,8,3,0.0,226.0
Training/Glioma/BT-MRI GL Train  (130).jpg,Glioma,224,224,RGB,8,3,0.0,236.0
Training/Pituitary/BT-MRI PI Train (958).jpg,Pituitary,224,224,RGB,8,3,0.0,246.0
Training/Pituitary/BT-MRI PI Train (1355).jpg,Pituitary,224,224,RGB,8,3,0.0,232.0
Training/Glioma/BT-MRI GL Train  (1077).jpg,Glioma,224,224,RGB,8,3,0.0,228.0
Training/Pituitary/BT-MRI PI Train (767).jpg,Pituitary,224,224,RGB,8,3,0.0,231.0
Training/Pituitary/BT-MRI PI Train (133).jpg,Pituitary,224,224,RGB,8,3,0.0,255.0
Training/No-tumor/BT-MRI NO Train (93).jpg,No-tumor,224,224,RGB,8,3,0.0,255.0
Training/Meningioma/BT-MRI  ME Train (441).jpg,Meningioma,224,224,RGB,8,3,0.0,244.0
Testing/Pituitary/BT-MRI PI Test (172).jpg,Pituitary,224,224,RGB,8,3,0.0,235.0
Training/Pituitary/BT-MRI PI Train (315).jpg,Pituitary,224,224,RGB,8,3,0.0,242.0
Training/Glioma/BT-MRI GL Train  (960).jpg,Glioma,224,224,RGB,8,3,0.0,232.0
Testing/No-tumor/BT-MRI NO Test (131).jpg,No-tumor,224,224,RGB,8,3,0.0,254.0
Training/Glioma/BT-MRI GL Train  (674).jpg,Glioma,224,224,RGB,8,3,0.0,246.0
Testing/No-tumor/BT-MRI NO Test (183).jpg,No-tumor,224,224,RGB,8,3,0.0,255.0
Training/Pituitary/BT-MRI PI Train (1025).jpg,Pituitary,224,224,RGB,8,3,0.0,255.0
Testing/No-tumor/BT-MRI NO Test (324).jpg,No-tumor,224,224,RGB,8,3,0.0,236.0
Training/No-tumor/BT-MRI NO Train (791).jpg,No-tumor,224,224,RGB,8,3,0.0,255.0
Training/Meningioma/BT-MRI  ME Train (577).jpg,Meningioma,224,224,RGB,8,3,2.0,244.0
Training/Pituitary/BT-MRI PI Train (250).jpg,Pituitary,224,224,RGB,8,3,0.0,248.0
Training/Meningioma/BT-MRI  ME Train (263).jpg,Meningioma,224,224,RGB,8,3,0.0,236.0
Training/No-tumor/BT-MRI NO Train (1133).jpg,No-tumor,224,224,RGB,8,3,0.0,255.0
Training/No-tumor/BT-MRI NO Train (983).jpg,No-tumor,224,224,RGB,8,3,0.0,255.0
Testing/Glioma/BT-MRI Test GL (125).jpg,Glioma,224,224,RGB,8,3,0.0,229.0
Training/No-tumor/BT-MRI NO Train (147).jpg,No-tumor,224,224,RGB,8,3,0.0,255.0
Training/Pituitary/BT-MRI PI Train (1167).jpg,Pituitary,224,224,RGB,8,3,0.0,229.0
Training/Pituitary/BT-MRI PI Train (602).jpg,Pituitary,224,224,RGB,8,3,0.0,239.0
Testing/Pituitary/BT-MRI PI Test (26).jpg,Pituitary,224,224,RGB,8,3,0.0,234.0
Testing/Meningioma/BT-MRI ME Test (212).jpg,Meningioma,224,224,RGB,8,3,0.0,249.0
Training/Glioma/BT-MRI GL Train  (125).jpg,Glioma,224,224,RGB,8,3,0.0,214.0
Training/No-tumor/BT-MRI NO Train (493).jpg,No-tumor,224,224,RGB,8,3,0.0,255.0
Training/Meningioma/BT-MRI  ME Train (727).jpg,Meningioma,224,224,RGB,8,3,0.0,252.0
Testing/Pituitary/BT-MRI PI Test (74).jpg,Pituitary,224,224,RGB,8,3,0.0,229.0
Training/Meningioma/BT-MRI  ME Train (1335).jpg,Meningioma,224,224,RGB,8,3,0.0,232.0
Training/Meningioma/BT-MRI  ME Train (1019).jpg,Meningioma,224,224,RGB,8,3,0.0,255.0
Training/Pituitary/BT-MRI PI Train (694).jpg,Pituitary,224,224,RGB,8,3,0.0,217.0
Testing/Meningioma/BT-MRI ME Test (123).jpg,Meningioma,224,224,RGB,8,3,0.0,241.0
Training/Pituitary/BT-MRI PI Train (548).jpg,Pituitary,224,224,RGB,8,3,0.0,229.0
Training/Glioma/BT-MRI GL Train  (161).jpg,Glioma,224,224,RGB,8,3,0.0,227.0
Training/No-tumor/BT-MRI NO Train (62).jpg,No-tumor,224,224,RGB,8,3,0.0,255.0
Training/No-tumor/BT-MRI NO Train (1559).jpg,No-tumor,224,224,RGB,8,3,0.0,225.0
Testing/Glioma/BT-MRI Test GL (178).jpg,Glioma,224,224,RGB,8,3,0.0,234.0
Training/Pituitary/BT-MRI PI Train (270).jpg,Pituitary,224,224,RGB,8,3,0.0,251.0
Training/Meningioma/BT-MRI  ME Train (1016).jpg,Meningioma,224,224,RGB,8,3,0.0,251.0
Training/No-tumor/BT-MRI NO Train (1408).jpg,No-tumor,224,224,RGB,8,3,0.0,255.0
Training/Pituitary/BT-MRI PI Train (642).jpg,Pituitary,224,224,RGB,8,3,0.0,231.0
Training/Pituitary/BT-MRI PI Train (869).jpg,Pituitary,224,224,RGB,8,3,0.0,251.0
Training/Glioma/BT-MRI GL Train  (462).jpg,Glioma,224,224,RGB,8,3,0.0,240.0
Testing/Meningioma/BT-MRI ME Test (169).jpg,Meningioma,224,224,RGB,8,3,0.0,229.0
Training/Meningioma/BT-MRI  ME Train (120).jpg,Meningioma,224,224,RGB,8,3,0.0,249.0
Training/Meningioma/BT-MRI  ME Train (1017).jpg,Meningioma,224,224,RGB,8,3,0.0,238.0
Testing/Meningioma/BT-MRI ME Test (178).jpg,Meningioma,224,224,RGB,8,3,0.0,249.0
Training/Meningioma/BT-MRI  ME Train (789).jpg,Meningioma,224,224,RGB,8,3,0.0,255.0
Testing/Pituitary/BT-MRI PI Test (258).jpg,Pituitary,224,224,RGB,8,3,0.0,239.0
Training/No-tumor/BT-MRI NO Train (1477).jpg,No-tumor,224,224,RGB,8,3,0.0,255.0
Training/No-tumor/BT-MRI NO Train (475).jpg,No-tumor,224,224,RGB,8,3,0.0,255.0
Training/Pituitary/BT-MRI PI Train (1096).jpg,Pituitary,224,224,RGB,8,3,0.0,234.0
Training/No-tumor/BT-MRI NO Train (1045).jpg,No-tumor,224,224,RGB,8,3,0.0,181.0
Testing/Meningioma/BT-MRI ME Test (275).jpg,Meningioma,224,224,RGB,8,3,0.0,238.0
Training/Glioma/BT-MRI GL Train  (692).jpg,Glioma,224,224,RGB,8,3,0.0,211.0
Testing/Pituitary/BT-MRI PI Test (235).jpg,Pituitary,224,224,RGB,8,3,0.0,238.0
Training/Meningioma/BT-MRI  ME Train (1193).jpg,Meningioma,224,224,RGB,8,3,0.0,250.0
Training/Meningioma/BT-MRI  ME Train (735).jpg,Meningioma,224,224,RGB,8,3,0.0,249.0
Training/No-tumor/BT-MRI NO Train (908).jpg,No-tumor,224,224,RGB,8,3,0.0,255.0
Training/Glioma/BT-MRI GL Train  (89).jpg,Glioma,224,224,RGB,8,3,0.0,242.0
Training/Pituitary/BT-MRI PI Train (1320).jpg,Pituitary,224,224,RGB,8,3,0.0,255.0
Training/No-tumor/BT-MRI NO Train (1552).jpg,No-tumor,224,224,RGB,8,3,0.0,255.0
Training/Glioma/BT-MRI GL Train  (521).jpg,Glioma,224,224,RGB,8,3,0.0,226.0
Training/Pituitary/BT-MRI PI Train (858).jpg,Pituitary,224,224,RGB,8,3,0.0,238.0
Training/Pituitary/BT-MRI PI Train (350).jpg,Pituitary,224,224,RGB,8,3,0.0,255.0
Testing/Meningioma/BT-MRI ME Test (278).jpg,Meningioma,224,224,RGB,8,3,0.0,234.0
Training/Meningioma/BT-MRI  ME Train (129).jpg,Meningioma,224,224,RGB,8,3,0.0,244.0
Training/Glioma/BT-MRI GL Train  (1012).jpg,Glioma,224,224,RGB,8,3,0.0,248.0
Training/Glioma/BT-MRI GL Train  (60).jpg,Glioma,224,224,RGB,8,3,0.0,236.0
Training/Pituitary/BT-MRI PI Train (393).jpg,Pituitary,224,224,RGB,8,3,0.0,246.0
Training/Pituitary/BT-MRI PI Train (1049).jpg,Pituitary,224,224,RGB,8,3,0.0,255.0
Training/No-tumor/BT-MRI NO Train (814).jpg,No-tumor,224,224,RGB,8,3,0.0,255.0
Testing/No-tumor/BT-MRI NO Test (298).jpg,No-tumor,224,224,RGB,8,3,0.0,255.0
Testing/Glioma/BT-MRI Test GL (168).jpg,Glioma,224,224,RGB,8,3,0.0,243.0
Training/Meningioma/BT-MRI  ME Train (370).jpg,Meningioma,224,224,RGB,8,3,0.0,235.0
Training/Pituitary/BT-MRI PI Train (552).jpg,Pituitary,224,224,RGB,8,3,0.0,247.0
Training/No-tumor/BT-MRI NO Train (498).jpg,No-tumor,224,224,RGB,8,3,0.0,255.0
Testing/No-tumor/BT-MRI NO Test (387).jpg,No-tumor,224,224,RGB,8,3,1.0,255.0
Training/Pituitary/BT-MRI PI Train (535).jpg,Pituitary,224,224,RGB,8,3,0.0,255.0
Training/No-tumor/BT-MRI NO Train (583).jpg,No-tumor,224,224,RGB,8,3,0.0,255.0
Training/Glioma/BT-MRI GL Train  (229).jpg,Glioma,224,224,RGB,8,3,0.0,244.0
Training/No-tumor/BT-MRI NO Train (535).jpg,No-tumor,224,224,RGB,8,3,0.0,255.0
Training/Meningioma/BT-MRI  ME Train (1139).jpg,Meningioma,224,224,RGB,8,3,0.0,242.0
Training/Meningioma/BT-MRI  ME Train (755).jpg,Meningioma,224,224,RGB,8,3,0.0,244.0
Training/No-tumor/BT-MRI NO Train (1154).jpg,No-tumor,224,224,RGB,8,3,0.0,255.0
Training/Meningioma/BT-MRI  ME Train (978).jpg,Meningioma,224,224,RGB,8,3,0.0,249.0
Training/Meningioma/BT-MRI  ME Train (1256).jpg,Meningioma,224,224,RGB,8,3,0.0,246.0
Training/Meningioma/BT-MRI  ME Train (329).jpg,Meningioma,224,224,RGB,8,3,0.0,244.0
Training/No-tumor/BT-MRI NO Train (1100).jpg,No-tumor,224,224,RGB,8,3,0.0,241.0
Training/Glioma/BT-MRI GL Train  (1219).jpg,Glioma,224,224,RGB,8,3,0.0,254.0
Training/Pituitary/BT-MRI PI Train (1090).jpg,Pituitary,224,224,RGB,8,3,0.0,235.0
Training/Pituitary/BT-MRI PI Train (828).jpg,Pituitary,224,224,RGB,8,3,0.0,255.0
Training/No-tumor/BT-MRI NO Train (108).jpg,No-tumor,224,224,RGB,8,3,0.0,255.0
Training/Meningioma/BT-MRI  ME Train (325).jpg,Meningioma,224,224,RGB,8,3,0.0,242.0
Training/Meningioma/BT-MRI  ME Train (1257).jpg,Meningioma,224,224,RGB,8,3,0.0,240.0
Training/No-tumor/BT-MRI NO Train (746).jpg,No-tumor,224,224,RGB,8,3,0.0,255.0
Training/Pituitary/BT-MRI PI Train (387).jpg,Pituitary,224,224,RGB,8,3,0.0,255.0
Training/Meningioma/BT-MRI  ME Train (788).jpg,Meningioma,224,224,RGB,8,3,0.0,244.0
Training/Meningioma/BT-MRI  ME Train (812).jpg,Meningioma,224,224,RGB,8,3,0.0,244.0
Testing/Meningioma/BT-MRI ME Test (8).jpg,Meningioma,224,224,RGB,8,3,0.0,255.0
Training/Pituitary/BT-MRI PI Train (1391).jpg,Pituitary,224,224,RGB,8,3,0.0,255.0
Training/Meningioma/BT-MRI  ME Train (711).jpg,Meningioma,224,224,RGB,8,3,0.0,255.0
Testing/Pituitary/BT-MRI PI Test (275).jpg,Pituitary,224,224,RGB,8,3,0.0,242.0
Training/Pituitary/BT-MRI PI Train (180).jpg,Pituitary,224,224,RGB,8,3,0.0,239.0
Training/Pituitary/BT-MRI PI Train (11).jpg,Pituitary,224,224,RGB,8,3,0.0,240.0
Training/Glioma/BT-MRI GL Train  (911).jpg,Glioma,224,224,RGB,8,3,0.0,246.0
Training/No-tumor/BT-MRI NO Train (469).jpg,No-tumor,224,224,RGB,8,3,0.0,255.0
Training/No-tumor/BT-MRI NO Train (1076).jpg,No-tumor,224,224,RGB,8,3,0.0,255.0
Training/Meningioma/BT-MRI  ME Train (178).jpg,Meningioma,224,224,RGB,8,3,0.0,235.0
Training/Glioma/BT-MRI GL Train  (831).jpg,Glioma,224,224,RGB,8,3,0.0,249.0
Training/No-tumor/BT-MRI NO Train (57).jpg,No-tumor,224,224,RGB,8,3,0.0,255.0
Training/No-tumor/BT-MRI NO Train (924).jpg,No-tumor,224,224,RGB,8,3,0.0,255.0
Training/Pituitary/BT-MRI PI Train (515).jpg,Pituitary,224,224,RGB,8,3,0.0,255.0
Testing/Meningioma/BT-MRI ME Test (240).jpg,Meningioma,224,224,RGB,8,3,0.0,255.0
Training/Glioma/BT-MRI GL Train  (1119).jpg,Glioma,224,224,RGB,8,3,0.0,220.0
Testing/Pituitary/BT-MRI PI Test (278).jpg,Pituitary,224,224,RGB,8,3,0.0,229.0
Training/Pituitary/BT-MRI PI Train (504).jpg,Pituitary,224,224,RGB,8,3,0.0,216.0
Testing/No-tumor/BT-MRI NO Test (274).jpg,No-tumor,224,224,RGB,8,3,0.0,255.0
Training/Pituitary/BT-MRI PI Train (843).jpg,Pituitary,224,224,RGB,8,3,0.0,254.0
Training/Pituitary/BT-MRI PI Train (213).jpg,Pituitary,224,224,RGB,8,3,0.0,252.0
Training/Glioma/BT-MRI GL Train  (1169).jpg,Glioma,224,224,RGB,8,3,0.0,247.0
Training/Pituitary/BT-MRI PI Train (933).jpg,Pituitary,224,224,RGB,8,3,0.0,251.0
Training/No-tumor/BT-MRI NO Train (1290).jpg,No-tumor,224,224,RGB,8,3,0.0,255.0
Testing/Glioma/BT-MRI Test GL (258).jpg,Glioma,224,224,RGB,8,3,0.0,245.0
Training/Meningioma/BT-MRI  ME Train (14).jpg,Meningioma,224,224,RGB,8,3,0.0,238.0
Training/Glioma/BT-MRI GL Train  (1234).jpg,Glioma,224,224,RGB,8,3,0.0,254.0
Training/No-tumor/BT-MRI NO Train (366).jpg,No-tumor,224,224,RGB,8,3,0.0,255.0
Training/Glioma/BT-MRI GL Train  (124).jpg,Glioma,224,224,RGB,8,3,0.0,235.0
Training/No-tumor/BT-MRI NO Train (529).jpg,No-tumor,224,224,RGB,8,3,0.0,255.0
Training/Pituitary/BT-MRI PI Train (280).jpg,Pituitary,224,224,RGB,8,3,0.0,245.0
Training/Meningioma/BT-MRI  ME Train (646).jpg,Meningioma,224,224,RGB,8,3,0.0,249.0
Testing/No-tumor/BT-MRI NO Test (149).jpg,No-tumor,224,224,RGB,8,3,0.0,255.0
Training/Meningioma/BT-MRI  ME Train (829).jpg,Meningioma,224,224,RGB,8,3,0.0,236.0
Training/Meningioma/BT-MRI  ME Train (811).jpg,Meningioma,224,224,RGB,8,3,0.0,239.0
Training/Pituitary/BT-MRI PI Train (279).jpg,Pituitary,224,224,RGB,8,3,0.0,255.0
Training/Meningioma/BT-MRI  ME Train (903).jpg,Meningioma,224,224,RGB,8,3,0.0,236.0
Training/Glioma/BT-MRI GL Train  (226).jpg,Glioma,224,224,RGB,8,3,0.0,231.0
Training/Meningioma/BT-MRI  ME Train (945).jpg,Meningioma,224,224,RGB,8,3,0.0,230.0
Testing/No-tumor/BT-MRI NO Test (155).jpg,No-tumor,224,224,RGB,8,3,0.0,255.0
Training/Pituitary/BT-MRI PI Train (1288).jpg,Pituitary,224,224,RGB,8,3,0.0,251.0
Training/Meningioma/BT-MRI  ME Train (1102).jpg,Meningioma,224,224,RGB,8,3,0.0,255.0
Training/Pituitary/BT-MRI PI Train (928).jpg,Pituitary,224,224,RGB,8,3,0.0,231.0
Training/Glioma/BT-MRI GL Train  (448).jpg,Glioma,224,224,RGB,8,3,0.0,255.0
Testing/Glioma/BT-MRI Test GL (162).jpg,Glioma,224,224,RGB,8,3,0.0,233.0
Training/Pituitary/BT-MRI PI Train (1154).jpg,Pituitary,224,224,RGB,8,3,0.0,238.0
Training/Meningioma/BT-MRI  ME Train (505).jpg,Meningioma,224,224,RGB,8,3,0.0,243.0
Training/Glioma/BT-MRI GL Train  (666).jpg,Glioma,224,224,RGB,8,3,0.0,237.0
Training/Meningioma/BT-MRI  ME Train (616).jpg,Meningioma,224,224,RGB,8,3,0.0,222.0
Training/Pituitary/BT-MRI PI Train (80).jpg,Pituitary,224,224,RGB,8,3,0.0,243.0
Training/Meningioma/BT-MRI  ME Train (484).jpg,Meningioma,224,224,RGB,8,3,0.0,239.0
Training/Meningioma/BT-MRI  ME Train (1278).jpg,Meningioma,224,224,RGB,8,3,0.0,251.0
Training/Pituitary/BT-MRI PI Train (476).jpg,Pituitary,224,224,RGB,8,3,0.0,224.0
Training/Glioma/BT-MRI GL Train  (784).jpg,Glioma,224,224,RGB,8,3,0.0,235.0
Testing/No-tumor/BT-MRI NO Test (191).jpg,No-tumor,224,224,RGB,8,3,0.0,255.0
Training/Pituitary/BT-MRI PI Train (240).jpg,Pituitary,224,224,RGB,8,3,0.0,237.0
Training/Pituitary/BT-MRI PI Train (693).jpg,Pituitary,224,224,RGB,8,3,0.0,241.0
Training/Glioma/BT-MRI GL Train  (424).jpg,Glioma,224,224,RGB,8,3,0.0,248.0
Testing/Meningioma/BT-MRI ME Test (284).jpg,Meningioma,224,224,RGB,8,3,0.0,244.0
Training/Meningioma/BT-MRI  ME Train (1246).jpg,Meningioma,224,224,RGB,8,3,0.0,249.0
Testing/Meningioma/BT-MRI ME Test (242).jpg,Meningioma,224,224,RGB,8,3,0.0,248.0
Training/Pituitary/BT-MRI PI Train (611).jpg,Pituitary,224,224,RGB,8,3,0.0,213.0
Training/Pituitary/BT-MRI PI Train (1209).jpg,Pituitary,224,224,RGB,8,3,0.0,229.0
Testing/Pituitary/BT-MRI PI Test (183).jpg,Pituitary,224,224,RGB,8,3,0.0,226.0
Training/Pituitary/BT-MRI PI Train (457).jpg,Pituitary,224,224,RGB,8,3,0.0,226.0
Training/Pituitary/BT-MRI PI Train (1247).jpg,Pituitary,224,224,RGB,8,3,0.0,240.0
Training/Pituitary/BT-MRI PI Train (810).jpg,Pituitary,224,224,RGB,8,3,0.0,248.0
Training/Pituitary/BT-MRI PI Train (1341).jpg,Pituitary,224,224,RGB,8,3,0.0,255.0
Training/Pituitary/BT-MRI PI Train (513).jpg,Pituitary,224,224,RGB,8,3,0.0,238.0
Training/Glioma/BT-MRI GL Train  (398).jpg,Glioma,224,224,RGB,8,3,0.0,255.0
Testing/Pituitary/BT-MRI PI Test (121).jpg,Pituitary,224,224,RGB,8,3,0.0,244.0
Training/Pituitary/BT-MRI PI Train (378).jpg,Pituitary,224,224,RGB,8,3,0.0,255.0
Training/Meningioma/BT-MRI  ME Train (413).jpg,Meningioma,224,224,RGB,8,3,0.0,229.0
Training/Pituitary/BT-MRI PI Train (507).jpg,Pituitary,224,224,RGB,8,3,0.0,255.0
Training/Meningioma/BT-MRI  ME Train (230).jpg,Meningioma,224,224,RGB,8,3,0.0,255.0
Training/Meningioma/BT-MRI  ME Train (730).jpg,Meningioma,224,224,RGB,8,3,0.0,252.0
Testing/Glioma/BT-MRI Test GL (276).jpg,Glioma,224,224,RGB,8,3,0.0,251.0
Training/Meningioma/BT-MRI  ME Train (246).jpg,Meningioma,224,224,RGB,8,3,0.0,255.0
Testing/No-tumor/BT-MRI NO Test (372).jpg,No-tumor,224,224,RGB,8,3,0.0,255.0
Testing/No-tumor/BT-MRI NO Test (306).jpg,No-tumor,224,224,RGB,8,3,0.0,232.0
Testing/Glioma/BT-MRI Test GL (208).jpg,Glioma,224,224,RGB,8,3,0.0,214.0
Training/No-tumor/BT-MRI NO Train (1207).jpg,No-tumor,224,224,RGB,8,3,0.0,255.0
Training/Glioma/BT-MRI GL Train  (601).jpg,Glioma,224,224,RGB,8,3,0.0,245.0
Training/No-tumor/BT-MRI NO Train (1445).jpg,No-tumor,224,224,RGB,8,3,0.0,255.0
Testing/Meningioma/BT-MRI ME Test (112).jpg,Meningioma,224,224,RGB,8,3,0.0,230.0
Training/Pituitary/BT-MRI PI Train (81).jpg,Pituitary,224,224,RGB,8,3,0.0,221.0
Testing/Meningioma/BT-MRI ME Test (115).jpg,Meningioma,224,224,RGB,8,3,0.0,239.0
Training/Meningioma/BT-MRI  ME Train (474).jpg,Meningioma,224,224,RGB,8,3,0.0,231.0
Training/Pituitary/BT-MRI PI Train (465).jpg,Pituitary,224,224,RGB,8,3,0.0,249.0
Training/Meningioma/BT-MRI  ME Train (1117).jpg,Meningioma,224,224,RGB,8,3,0.0,225.0
Training/Pituitary/BT-MRI PI Train (1120).jpg,Pituitary,224,224,RGB,8,3,0.0,230.0
Training/Meningioma/BT-MRI  ME Train (1177).jpg,Meningioma,224,224,RGB,8,3,0.0,251.0
Training/No-tumor/BT-MRI NO Train (488).jpg,No-tumor,224,224,RGB,8,3,0.0,255.0
Training/No-tumor/BT-MRI NO Train (205).jpg,No-tumor,224,224,RGB,8,3,0.0,255.0
Testing/No-tumor/BT-MRI NO Test (349).jpg,No-tumor,224,224,RGB,8,3,0.0,255.0
Training/Glioma/BT-MRI GL Train  (10).jpg,Glioma,224,224,RGB,8,3,0.0,240.0
Testing/No-tumor/BT-MRI NO Test (359).jpg,No-tumor,224,224,RGB,8,3,0.0,255.0
Training/Meningioma/BT-MRI  ME Train (561).jpg,Meningioma,224,224,RGB,8,3,0.0,252.0
Training/Pituitary/BT-MRI PI Train (1187).jpg,Pituitary,224,224,RGB,8,3,0.0,255.0
Training/Pituitary/BT-MRI PI Train (344).jpg,Pituitary,224,224,RGB,8,3,0.0,248.0
Testing/Glioma/BT-MRI Test GL (4).jpg,Glioma,224,224,RGB,8,3,0.0,240.0
Training/No-tumor/BT-MRI NO Train (1138).jpg,No-tumor,224,224,RGB,8,3,0.0,255.0
Training/No-tumor/BT-MRI NO Train (930).jpg,No-tumor,224,224,RGB,8,3,0.0,255.0
Training/Glioma/BT-MRI GL Train  (725).jpg,Glioma,224,224,RGB,8,3,0.0,236.0
Training/Glioma/BT-MRI GL Train  (1183).jpg,Glioma,224,224,RGB,8,3,0.0,242.0
Training/Pituitary/BT-MRI PI Train (1456).jpg,Pituitary,224,224,RGB,8,3,0.0,240.0
Training/Glioma/BT-MRI GL Train  (158).jpg,Glioma,224,224,RGB,8,3,0.0,228.0
Testing/No-tumor/BT-MRI NO Test (230).jpg,No-tumor,224,224,RGB,8,3,0.0,238.0
Training/Glioma/BT-MRI GL Train  (342).jpg,Glioma,224,224,RGB,8,3,0.0,241.0
Training/No-tumor/BT-MRI NO Train (893).jpg,No-tumor,224,224,RGB,8,3,0.0,255.0
Training/Meningioma/BT-MRI  ME Train (537).jpg,Meningioma,224,224,RGB,8,3,0.0,251.0
Training/Pituitary/BT-MRI PI Train (1359).jpg,Pituitary,224,224,RGB,8,3,0.0,245.0
Training/No-tumor/BT-MRI NO Train (483).jpg,No-tumor,224,224,RGB,8,3,0.0,255.0
Testing/Meningioma/BT-MRI ME Test (262).jpg,Meningioma,224,224,RGB,8,3,0.0,252.0
Training/Pituitary/BT-MRI PI Train (428).jpg,Pituitary,224,224,RGB,8,3,0.0,246.0
Testing/Meningioma/BT-MRI ME Test (180).jpg,Meningioma,224,224,RGB,8,3,0.0,249.0
Training/No-tumor/BT-MRI NO Train (1363).jpg,No-tumor,224,224,RGB,8,3,0.0,255.0
Training/Pituitary/BT-MRI PI Train (1262).jpg,Pituitary,224,224,RGB,8,3,0.0,247.0
Training/Pituitary/BT-MRI PI Train (959).jpg,Pituitary,224,224,RGB,8,3,0.0,250.0
Training/Meningioma/BT-MRI  ME Train (249).jpg,Meningioma,224,224,RGB,8,3,0.0,255.0
Training/Pituitary/BT-MRI PI Train (677).jpg,Pituitary,224,224,RGB,8,3,0.0,244.0
Training/Glioma/BT-MRI GL Train  (279).jpg,Glioma,224,224,RGB,8,3,0.0,236.0
Training/Meningioma/BT-MRI  ME Train (738).jpg,Meningioma,224,224,RGB,8,3,0.0,246.0
Training/Glioma/BT-MRI GL Train  (712).jpg,Glioma,224,224,RGB,8,3,0.0,247.0
Training/Meningioma/BT-MRI  ME Train (880).jpg,Meningioma,224,224,RGB,8,3,0.0,240.0
Training/Meningioma/BT-MRI  ME Train (446).jpg,Meningioma,224,224,RGB,8,3,0.0,239.0
Training/No-tumor/BT-MRI NO Train (1001).jpg,No-tumor,224,224,RGB,8,3,0.0,255.0
Training/Glioma/BT-MRI GL Train  (584).jpg,Glioma,224,224,RGB,8,3,0.0,238.0
Training/Pituitary/BT-MRI PI Train (1229).jpg,Pituitary,224,224,RGB,8,3,0.0,252.0
Training/Pituitary/BT-MRI PI Train (626).jpg,Pituitary,224,224,RGB,8,3,0.0,229.0
Training/Pituitary/BT-MRI PI Train (1455).jpg,Pituitary,224,224,RGB,8,3,0.0,217.0
Testing/Meningioma/BT-MRI ME Test (287).jpg,Meningioma,224,224,RGB,8,3,0.0,244.0
Testing/Glioma/BT-MRI Test GL (127).jpg,Glioma,224,224,RGB,8,3,0.0,249.0
Training/Glioma/BT-MRI GL Train  (40).jpg,Glioma,224,224,RGB,8,3,0.0,243.0
Training/No-tumor/BT-MRI NO Train (65).jpg,No-tumor,224,224,RGB,8,3,0.0,222.0
Training/Glioma/BT-MRI GL Train  (723).jpg,Glioma,224,224,RGB,8,3,0.0,223.0
Training/Meningioma/BT-MRI  ME Train (555).jpg,Meningioma,224,224,RGB,8,3,0.0,249.0
Training/No-tumor/BT-MRI NO Train (414).jpg,No-tumor,224,224,RGB,8,3,0.0,255.0
Testing/No-tumor/BT-MRI NO Test (358).jpg,No-tumor,224,224,RGB,8,3,0.0,255.0
Training/Pituitary/BT-MRI PI Train (431).jpg,Pituitary,224,224,RGB,8,3,0.0,227.0
Training/No-tumor/BT-MRI NO Train (1431).jpg,No-tumor,224,224,RGB,8,3,0.0,255.0
Training/Glioma/BT-MRI GL Train  (1204).jpg,Glioma,224,224,RGB,8,3,0.0,252.0
Testing/Pituitary/BT-MRI PI Test (223).jpg,Pituitary,224,224,RGB,8,3,0.0,239.0
Training/Pituitary/BT-MRI PI Train (660).jpg,Pituitary,224,224,RGB,8,3,0.0,232.0
Training/Meningioma/BT-MRI  ME Train (430).jpg,Meningioma,224,224,RGB,8,3,0.0,231.0
Training/Meningioma/BT-MRI  ME Train (1124).jpg,Meningioma,224,224,RGB,8,3,0.0,246.0
Training/Meningioma/BT-MRI  ME Train (53).jpg,Meningioma,224,224,RGB,8,3,0.0,250.0
Training/Meningioma/BT-MRI  ME Train (743).jpg,Meningioma,224,224,RGB,8,3,0.0,255.0
Training/Meningioma/BT-MRI  ME Train (622).jpg,Meningioma,224,224,RGB,8,3,0.0,254.0
Training/Pituitary/BT-MRI PI Train (333).jpg,Pituitary,224,224,RGB,8,3,0.0,235.0
Training/Glioma/BT-MRI GL Train  (803).jpg,Glioma,224,224,RGB,8,3,0.0,221.0
Training/Pituitary/BT-MRI PI Train (1046).jpg,Pituitary,224,224,RGB,8,3,0.0,243.0
Training/Meningioma/BT-MRI  ME Train (1043).jpg,Meningioma,224,224,RGB,8,3,0.0,252.0
Training/No-tumor/BT-MRI NO Train (946).jpg,No-tumor,224,224,RGB,8,3,0.0,255.0
Training/Meningioma/BT-MRI  ME Train (661).jpg,Meningioma,224,224,RGB,8,3,0.0,248.0
Training/Meningioma/BT-MRI  ME Train (1057).jpg,Meningioma,224,224,RGB,8,3,0.0,204.0
Training/Pituitary/BT-MRI PI Train (1375).jpg,Pituitary,224,224,RGB,8,3,0.0,226.0
Training/No-tumor/BT-MRI NO Train (1099).jpg,No-tumor,224,224,RGB,8,3,0.0,255.0
Training/Pituitary/BT-MRI PI Train (1055).jpg,Pituitary,224,224,RGB,8,3,0.0,233.0
Training/No-tumor/BT-MRI NO Train (59).jpg,No-tumor,224,224,RGB,8,3,0.0,255.0
Training/Pituitary/BT-MRI PI Train (1067).jpg,Pituitary,224,224,RGB,8,3,0.0,219.0
Training/Meningioma/BT-MRI  ME Train (1003).jpg,Meningioma,224,224,RGB,8,3,0.0,228.0
Training/Pituitary/BT-MRI PI Train (186).jpg,Pituitary,224,224,RGB,8,3,0.0,255.0
Training/No-tumor/BT-MRI NO Train (250).jpg,No-tumor,224,224,RGB,8,3,1.0,255.0
Training/Glioma/BT-MRI GL Train  (1304).jpg,Glioma,224,224,RGB,8,3,0.0,236.0
Testing/Meningioma/BT-MRI ME Test (147).jpg,Meningioma,224,224,RGB,8,3,0.0,243.0
Testing/Glioma/BT-MRI Test GL (296).jpg,Glioma,224,224,RGB,8,3,0.0,250.0
Training/Pituitary/BT-MRI PI Train (751).jpg,Pituitary,224,224,RGB,8,3,0.0,227.0
Training/No-tumor/BT-MRI NO Train (695).jpg,No-tumor,224,224,RGB,8,3,0.0,255.0
Training/No-tumor/BT-MRI NO Train (494).jpg,No-tumor,224,224,RGB,8,3,1.0,255.0
Training/Pituitary/BT-MRI PI Train (946).jpg,Pituitary,224,224,RGB,8,3,0.0,255.0
Training/Meningioma/BT-MRI  ME Train (67).jpg,Meningioma,224,224,RGB,8,3,0.0,243.0
Training/Pituitary/BT-MRI PI Train (851).jpg,Pituitary,224,224,RGB,8,3,0.0,247.0
Training/No-tumor/BT-MRI NO Train (1327).jpg,No-tumor,224,224,RGB,8,3,0.0,255.0
Training/Pituitary/BT-MRI PI Train (1107).jpg,Pituitary,224,224,RGB,8,3,0.0,238.0
Training/Glioma/BT-MRI GL Train  (232).jpg,Glioma,224,224,RGB,8,3,0.0,250.0
Training/No-tumor/BT-MRI NO Train (541).jpg,No-tumor,224,224,RGB,8,3,0.0,255.0
Training/Glioma/BT-MRI GL Train  (1132).jpg,Glioma,224,224,RGB,8,3,0.0,237.0
Training/Meningioma/BT-MRI  ME Train (260).jpg,Meningioma,224,224,RGB,8,3,0.0,246.0
Training/Pituitary/BT-MRI PI Train (354).jpg,Pituitary,224,224,RGB,8,3,0.0,254.0
Testing/Pituitary/BT-MRI PI Test (298).jpg,Pituitary,224,224,RGB,8,3,0.0,255.0
Training/No-tumor/BT-MRI NO Train (439).jpg,No-tumor,224,224,RGB,8,3,0.0,255.0
Training/Glioma/BT-MRI GL Train  (701).jpg,Glioma,224,224,RGB,8,3,0.0,254.0
Training/Pituitary/BT-MRI PI Train (617).jpg,Pituitary,224,224,RGB,8,3,0.0,252.0
Testing/No-tumor/BT-MRI NO Test (263).jpg,No-tumor,224,224,RGB,8,3,0.0,255.0
Training/Glioma/BT-MRI GL Train  (1141).jpg,Glioma,224,224,RGB,8,3,0.0,243.0
Training/No-tumor/BT-MRI NO Train (291).jpg,No-tumor,224,224,RGB,8,3,0.0,255.0
Training/No-tumor/BT-MRI NO Train (1291).jpg,No-tumor,224,224,RGB,8,3,0.0,255.0
Training/Pituitary/BT-MRI PI Train (1290).jpg,Pituitary,224,224,RGB,8,3,0.0,251.0
Training/Pituitary/BT-MRI PI Train (190).jpg,Pituitary,224,224,RGB,8,3,0.0,229.0
Training/Pituitary/BT-MRI PI Train (645).jpg,Pituitary,224,224,RGB,8,3,0.0,249.0
Training/No-tumor/BT-MRI NO Train (328).jpg,No-tumor,224,224,RGB,8,3,0.0,255.0
Training/No-tumor/BT-MRI NO Train (431).jpg,No-tumor,224,224,RGB,8,3,0.0,179.0
Testing/Meningioma/BT-MRI ME Test (210).jpg,Meningioma,224,224,RGB,8,3,0.0,254.0
Training/Meningioma/BT-MRI  ME Train (1215).jpg,Meningioma,224,224,RGB,8,3,0.0,247.0
Training/No-tumor/BT-MRI NO Train (1328).jpg,No-tumor,224,224,RGB,8,3,0.0,255.0
Testing/Pituitary/BT-MRI PI Test (123).jpg,Pituitary,224,224,RGB,8,3,0.0,245.0
Training/Pituitary/BT-MRI PI Train (825).jpg,Pituitary,224,224,RGB,8,3,0.0,230.0
Training/No-tumor/BT-MRI NO Train (580).jpg,No-tumor,224,224,RGB,8,3,0.0,255.0
Training/Pituitary/BT-MRI PI Train (973).jpg,Pituitary,224,224,RGB,8,3,0.0,254.0
Training/Pituitary/BT-MRI PI Train (788).jpg,Pituitary,224,224,RGB,8,3,0.0,224.0
Testing/Glioma/BT-MRI Test GL (67).jpg,Glioma,224,224,RGB,8,3,0.0,219.0
Training/Glioma/BT-MRI GL Train  (604).jpg,Glioma,224,224,RGB,8,3,0.0,229.0
Training/Pituitary/BT-MRI PI Train (263).jpg,Pituitary,224,224,RGB,8,3,0.0,244.0
Testing/Glioma/BT-MRI Test GL (180).jpg,Glioma,224,224,RGB,8,3,0.0,243.0
Training/No-tumor/BT-MRI NO Train (138).jpg,No-tumor,224,224,RGB,8,3,0.0,208.0
Training/Pituitary/BT-MRI PI Train (1346).jpg,Pituitary,224,224,RGB,8,3,0.0,248.0
Testing/Meningioma/BT-MRI ME Test (108).jpg,Meningioma,224,224,RGB,8,3,0.0,254.0
Training/Meningioma/BT-MRI  ME Train (103).jpg,Meningioma,224,224,RGB,8,3,0.0,249.0
Testing/No-tumor/BT-MRI NO Test (347).jpg,No-tumor,224,224,RGB,8,3,2.0,252.0
Training/Meningioma/BT-MRI  ME Train (1170).jpg,Meningioma,224,224,RGB,8,3,0.0,246.0
Training/No-tumor/BT-MRI NO Train (495).jpg,No-tumor,224,224,RGB,8,3,0.0,255.0
Testing/No-tumor/BT-MRI NO Test (268).jpg,No-tumor,224,224,RGB,8,3,0.0,252.0
Training/Meningioma/BT-MRI  ME Train (1075).jpg,Meningioma,224,224,RGB,8,3,0.0,255.0
Training/No-tumor/BT-MRI NO Train (1269).jpg,No-tumor,224,224,RGB,8,3,0.0,255.0
Training/Meningioma/BT-MRI  ME Train (707).jpg,Meningioma,224,224,RGB,8,3,0.0,252.0
Training/Meningioma/BT-MRI  ME Train (684).jpg,Meningioma,224,224,RGB,8,3,0.0,252.0
Training/No-tumor/BT-MRI NO Train (470).jpg,No-tumor,224,224,RGB,8,3,0.0,255.0
Testing/No-tumor/BT-MRI NO Test (103).jpg,No-tumor,224,224,RGB,8,3,0.0,251.0
Training/Glioma/BT-MRI GL Train  (492).jpg,Glioma,224,224,RGB,8,3,0.0,233.0
Training/Glioma/BT-MRI GL Train  (849).jpg,Glioma,224,224,RGB,8,3,0.0,252.0
Training/Glioma/BT-MRI GL Train  (312).jpg,Glioma,224,224,RGB,8,3,0.0,225.0
Training/No-tumor/BT-MRI NO Train (849).jpg,No-tumor,224,224,RGB,8,3,0.0,255.0
Training/Pituitary/BT-MRI PI Train (60).jpg,Pituitary,224,224,RGB,8,3,0.0,231.0
Training/No-tumor/BT-MRI NO Train (32).jpg,No-tumor,224,224,RGB,8,3,0.0,255.0
Training/Pituitary/BT-MRI PI Train (1155).jpg,Pituitary,224,224,RGB,8,3,0.0,252.0
Training/Glioma/BT-MRI GL Train  (933).jpg,Glioma,224,224,RGB,8,3,0.0,247.0
Training/Pituitary/BT-MRI PI Train (223).jpg,Pituitary,224,224,RGB,8,3,0.0,248.0
Training/Pituitary/BT-MRI PI Train (63).jpg,Pituitary,224,224,RGB,8,3,0.0,255.0
Training/Glioma/BT-MRI GL Train  (651).jpg,Glioma,224,224,RGB,8,3,0.0,251.0
Training/Meningioma/BT-MRI  ME Train (584).jpg,Meningioma,224,224,RGB,8,3,0.0,255.0
Testing/Pituitary/BT-MRI PI Test (105).jpg,Pituitary,224,224,RGB,8,3,0.0,241.0
Training/Pituitary/BT-MRI PI Train (76).jpg,Pituitary,224,224,RGB,8,3,0.0,253.0
Testing/No-tumor/BT-MRI NO Test (271).jpg,No-tumor,224,224,RGB,8,3,0.0,255.0
Training/Glioma/BT-MRI GL Train  (425).jpg,Glioma,224,224,RGB,8,3,0.0,255.0
Training/Pituitary/BT-MRI PI Train (857).jpg,Pituitary,224,224,RGB,8,3,0.0,245.0
Training/Meningioma/BT-MRI  ME Train (27).jpg,Meningioma,224,224,RGB,8,3,0.0,249.0
Training/Pituitary/BT-MRI PI Train (1356).jpg,Pituitary,224,224,RGB,8,3,0.0,251.0
Testing/No-tumor/BT-MRI NO Test (255).jpg,No-tumor,224,224,RGB,8,3,0.0,255.0
Testing/Meningioma/BT-MRI ME Test (201).jpg,Meningioma,224,224,RGB,8,3,0.0,249.0
Training/Pituitary/BT-MRI PI Train (968).jpg,Pituitary,224,224,RGB,8,3,0.0,255.0
Training/No-tumor/BT-MRI NO Train (369).jpg,No-tumor,224,224,RGB,8,3,0.0,255.0
Training/Meningioma/BT-MRI  ME Train (726).jpg,Meningioma,224,224,RGB,8,3,0.0,248.0
Training/Glioma/BT-MRI GL Train  (717).jpg,Glioma,224,224,RGB,8,3,0.0,245.0
Training/Meningioma/BT-MRI  ME Train (23).jpg,Meningioma,224,224,RGB,8,3,0.0,235.0
Training/Pituitary/BT-MRI PI Train (752).jpg,Pituitary,224,224,RGB,8,3,0.0,247.0
Training/No-tumor/BT-MRI NO Train (1171).jpg,No-tumor,224,224,RGB,8,3,0.0,255.0
Training/Meningioma/BT-MRI  ME Train (706).jpg,Meningioma,224,224,RGB,8,3,0.0,252.0
Training/Pituitary/BT-MRI PI Train (323).jpg,Pituitary,224,224,RGB,8,3,0.0,242.0
Training/No-tumor/BT-MRI NO Train (1380).jpg,No-tumor,224,224,RGB,8,3,0.0,255.0
Training/Glioma/BT-MRI GL Train  (578).jpg,Glioma,224,224,RGB,8,3,0.0,247.0
Training/Pituitary/BT-MRI PI Train (1063).jpg,Pituitary,224,224,RGB,8,3,0.0,211.0
Training/Glioma/BT-MRI GL Train  (646).jpg,Glioma,224,224,RGB,8,3,0.0,224.0
Testing/Glioma/BT-MRI Test GL (161).jpg,Glioma,224,224,RGB,8,3,0.0,224.0
Training/No-tumor/BT-MRI NO Train (376).jpg,No-tumor,224,224,RGB,8,3,0.0,255.0
Training/Meningioma/BT-MRI  ME Train (1133).jpg,Meningioma,224,224,RGB,8,3,0.0,242.0
Training/No-tumor/BT-MRI NO Train (582).jpg,No-tumor,224,224,RGB,8,3,0.0,239.0
Training/No-tumor/BT-MRI NO Train (732).jpg,No-tumor,224,224,RGB,8,3,0.0,255.0
Training/Glioma/BT-MRI GL Train  (903).jpg,Glioma,224,224,RGB,8,3,0.0,236.0
Training/Meningioma/BT-MRI  ME Train (51).jpg,Meningioma,224,224,RGB,8,3,0.0,244.0
Training/No-tumor/BT-MRI NO Train (1187).jpg,No-tumor,224,224,RGB,8,3,0.0,255.0
Testing/Glioma/BT-MRI Test GL (278).jpg,Glioma,224,224,RGB,8,3,0.0,242.0
Training/No-tumor/BT-MRI NO Train (1127).jpg,No-tumor,224,224,RGB,8,3,0.0,250.0
Training/Glioma/BT-MRI GL Train  (997).jpg,Glioma,224,224,RGB,8,3,0.0,246.0
Training/Pituitary/BT-MRI PI Train (1176).jpg,Pituitary,224,224,RGB,8,3,0.0,244.0
Training/Meningioma/BT-MRI  ME Train (364).jpg,Meningioma,224,224,RGB,8,3,0.0,231.0
Training/No-tumor/BT-MRI NO Train (628).jpg,No-tumor,224,224,RGB,8,3,0.0,255.0
Training/No-tumor/BT-MRI NO Train (410).jpg,No-tumor,224,224,RGB,8,3,0.0,255.0
Testing/Pituitary/BT-MRI PI Test (2).jpg,Pituitary,224,224,RGB,8,3,0.0,232.0
Training/Pituitary/BT-MRI PI Train (542).jpg,Pituitary,224,224,RGB,8,3,0.0,255.0
Training/Pituitary/BT-MRI PI Train (1376).jpg,Pituitary,224,224,RGB,8,3,0.0,243.0
Training/Glioma/BT-MRI GL Train  (206).jpg,Glioma,224,224,RGB,8,3,0.0,215.0
Training/Glioma/BT-MRI GL Train  (1240).jpg,Glioma,224,224,RGB,8,3,0.0,255.0
Training/No-tumor/BT-MRI NO Train (500).jpg,No-tumor,224,224,RGB,8,3,0.0,255.0
Training/Meningioma/BT-MRI  ME Train (1190).jpg,Meningioma,224,224,RGB,8,3,0.0,250.0
Training/Pituitary/BT-MRI PI Train (471).jpg,Pituitary,224,224,RGB,8,3,0.0,246.0
Training/Glioma/BT-MRI GL Train  (946).jpg,Glioma,224,224,RGB,8,3,0.0,250.0
Training/No-tumor/BT-MRI NO Train (1151).jpg,No-tumor,224,224,RGB,8,3,0.0,241.0
Training/No-tumor/BT-MRI NO Train (581).jpg,No-tumor,224,224,RGB,8,3,0.0,255.0
