[2026-09-18 20:23:52,796][src.utils.utils][INFO] - [rank: 0] Enforcing tags! <cfg.extras.enforce_tags=True>
[2026-09-18 20:23:52,801][__main__][INFO] - [rank: 0] Instantiating datamodule <src.data.bt_mri_datamodule.BTMRIDataModule>
[2026-09-18 20:23:52,827][__main__][INFO] - [rank: 0] Instantiating analysis <src.analysis.explainability.ExplainabilityStudy>
[2026-09-18 20:23:52,843][__main__][INFO] - [rank: 0] Running analysis; artefacts will be written to /kaggle/working/thesis/logs/analyze/runs/step19_explainability_swin
[2026-09-18 20:23:53,361][src.models.components.transfer][INFO] - [rank: 0] swin_t: fine-tuning 15,366,576/27,519,354 backbone parameters (55.8%)
[2026-09-18 20:23:53,562][src.utils.checkpoints][INFO] - [rank: 0] Loaded weights from logs/train/runs/step10_classical_swin/seed_42/checkpoints/epoch_021.ckpt
[2026-09-18 20:23:54,823][src.utils.checkpoints][INFO] - [rank: 0] Loaded weights from logs/train/runs/step12_adaptive_quantum/seed_42/checkpoints/epoch_027.ckpt
[2026-09-18 20:23:54,841][src.utils.checkpoints][INFO] - [rank: 0] Loaded weights from logs/train/runs/step15_final_swin/seed_42/checkpoints/epoch_008.ckpt
[2026-09-18 20:23:55,164][src.models.full_pipeline][INFO] - [rank: 0] Full pipeline assembled on cuda (27,680,090 parameters)
[2026-09-18 20:23:55,165][src.data.bt_mri_datamodule][INFO] - [rank: 0] Split table already present at /kaggle/working/thesis/data/splits/dataset_split.csv
[2026-09-18 20:25:05,623][src.analysis.base][INFO] - [rank: 0] [step19_explainability] wrote step19_saliency_sanity_checks.csv (8 rows)
[2026-09-18 20:35:32,483][src.analysis.base][INFO] - [rank: 0] [step19_explainability] wrote step19_mc_dropout.csv (300 rows)
[2026-09-18 20:35:42,059][shap][INFO] - num_full_subsets = 0
[2026-09-18 20:35:42,060][shap][INFO] - remaining_weight_vector = array([0.18337037, 0.09236434, 0.06203575, 0.04687664, 0.03778541,
       0.03172821, 0.0274048 , 0.02416509, 0.02164789, 0.01963651,
       0.01799305, 0.01662558, 0.01547045, 0.01448221, 0.01362753,
       0.01288139, 0.01222469, 0.01164256, 0.01112327, 0.01065742,
       0.01023743, 0.00985706, 0.0095112 , 0.00919556, 0.00890656,
       0.00864115, 0.00839676, 0.00817116, 0.00796244, 0.00776896,
       0.00758928, 0.00742213, 0.00726643, 0.00712118, 0.00698554,
       0.00685874, 0.0067401 , 0.00662902, 0.00652495, 0.00642742,
       0.00633597, 0.00625022, 0.00616981, 0.00609442, 0.00602376,
       0.00595757, 0.0058956 , 0.00583763, 0.00578348, 0.00573296,
       0.0056859 , 0.00564217, 0.00560161, 0.00556412, 0.00552957,
       0.00549788, 0.00546894, 0.00544268, 0.00541903, 0.00539792,
       0.00537929, 0.00536309, 0.00534929, 0.00533784, 0.00532871,
       0.00532189, 0.00531735, 0.00531508])
[2026-09-18 20:35:42,060][shap][INFO] - num_paired_subset_sizes = 68
[2026-09-18 20:35:42,068][shap][INFO] - weight_left = np.float64(0.9999999999999998)
[2026-09-18 20:35:42,071][shap][INFO] - np.sum(w_aug) = np.float64(136.99999999999997)
[2026-09-18 20:35:42,071][shap][INFO] - np.sum(self.kernelWeights) = np.float64(0.9999999999999997)
[2026-09-19 04:51:39,869][src.utils.utils][INFO] - [rank: 0] Enforcing tags! <cfg.extras.enforce_tags=True>
[2026-09-19 04:51:39,878][__main__][INFO] - [rank: 0] Instantiating datamodule <src.data.bt_mri_datamodule.BTMRIDataModule>
[2026-09-19 04:51:40,025][__main__][INFO] - [rank: 0] Instantiating analysis <src.analysis.explainability.ExplainabilityStudy>
[2026-09-19 04:51:40,057][__main__][INFO] - [rank: 0] Running analysis; artefacts will be written to /kaggle/working/thesis/logs/analyze/runs/step19_explainability_swin
[2026-09-19 04:51:40,677][src.models.components.transfer][INFO] - [rank: 0] swin_t: fine-tuning 15,366,576/27,519,354 backbone parameters (55.8%)
[2026-09-19 04:51:41,740][src.utils.checkpoints][INFO] - [rank: 0] Loaded weights from logs/train/runs/step10_classical_swin/seed_42/checkpoints/epoch_021.ckpt
[2026-09-19 04:51:43,227][src.utils.checkpoints][INFO] - [rank: 0] Loaded weights from logs/train/runs/step12_adaptive_quantum/seed_42/checkpoints/epoch_027.ckpt
[2026-09-19 04:51:43,248][src.utils.checkpoints][INFO] - [rank: 0] Loaded weights from logs/train/runs/step15_final_swin/seed_42/checkpoints/epoch_008.ckpt
[2026-09-19 04:51:43,662][src.models.full_pipeline][INFO] - [rank: 0] Full pipeline assembled on cuda (27,680,090 parameters)
[2026-09-19 04:51:43,664][src.data.bt_mri_datamodule][INFO] - [rank: 0] Split table already present at /kaggle/working/thesis/data/splits/dataset_split.csv
[2026-09-19 04:53:01,007][src.analysis.base][INFO] - [rank: 0] [step19_explainability] wrote step19_saliency_sanity_checks.csv (8 rows)
[2026-09-19 05:02:14,483][src.analysis.base][INFO] - [rank: 0] [step19_explainability] wrote step19_mc_dropout.csv (300 rows)
[2026-09-19 05:02:23,132][shap][INFO] - num_full_subsets = 0
[2026-09-19 05:02:23,132][shap][INFO] - remaining_weight_vector = array([0.18337037, 0.09236434, 0.06203575, 0.04687664, 0.03778541,
       0.03172821, 0.0274048 , 0.02416509, 0.02164789, 0.01963651,
       0.01799305, 0.01662558, 0.01547045, 0.01448221, 0.01362753,
       0.01288139, 0.01222469, 0.01164256, 0.01112327, 0.01065742,
       0.01023743, 0.00985706, 0.0095112 , 0.00919556, 0.00890656,
       0.00864115, 0.00839676, 0.00817116, 0.00796244, 0.00776896,
       0.00758928, 0.00742213, 0.00726643, 0.00712118, 0.00698554,
       0.00685874, 0.0067401 , 0.00662902, 0.00652495, 0.00642742,
       0.00633597, 0.00625022, 0.00616981, 0.00609442, 0.00602376,
       0.00595757, 0.0058956 , 0.00583763, 0.00578348, 0.00573296,
       0.0056859 , 0.00564217, 0.00560161, 0.00556412, 0.00552957,
       0.00549788, 0.00546894, 0.00544268, 0.00541903, 0.00539792,
       0.00537929, 0.00536309, 0.00534929, 0.00533784, 0.00532871,
       0.00532189, 0.00531735, 0.00531508])
[2026-09-19 05:02:23,132][shap][INFO] - num_paired_subset_sizes = 68
[2026-09-19 05:02:23,139][shap][INFO] - weight_left = np.float64(0.9999999999999998)
[2026-09-19 05:02:23,141][shap][INFO] - np.sum(w_aug) = np.float64(136.99999999999997)
[2026-09-19 05:02:23,141][shap][INFO] - np.sum(self.kernelWeights) = np.float64(0.9999999999999997)
[2026-09-19 05:02:23,161][shap][INFO] - phi = array([ 0.        ,  0.        ,  0.        ,  0.        ,  0.        ,
        0.        ,  0.        , -0.00973689,  0.        ,  0.        ,
        0.        ,  0.        ,  0.        , -0.00384415,  0.        ,
        0.        ,  0.        ,  0.        ,  0.        ,  0.        ,
        0.        , -0.01032684,  0.        ,  0.        ,  0.        ,
        0.        ,  0.        ,  0.        ,  0.        ,  0.        ,
        0.        ,  0.        ,  0.        ,  0.        ,  0.        ,
        0.        ,  0.        ,  0.        ,  0.        ,  0.        ,
        0.        ,  0.        ,  0.        ,  0.        ,  0.        ,
        0.        ,  0.        ,  0.        ,  0.        ,  0.        ,
        0.        ,  0.        ,  0.        ,  0.        ,  0.        ,
        0.        ,  0.        ,  0.        ,  0.        ,  0.        ,
       -0.0204449 ,  0.        , -0.03207768,  0.        ,  0.        ,
        0.        , -0.01621043,  0.        ,  0.        ,  0.        ,
        0.        ,  0.        ,  0.        ,  0.        ,  0.        ,
        0.        ,  0.        , -0.03728473,  0.        ,  0.        ,
        0.        ,  0.        ,  0.        ,  0.        ,  0.        ,
        0.        ,  0.        ,  0.        ,  0.        ,  0.        ,
        0.        ,  0.        , -0.0108847 ,  0.        ,  0.        ,
        0.        ,  0.        ,  0.        ,  0.        ,  0.        ,
        0.        ,  0.        ,  0.        ,  0.        ,  0.        ,
        0.        ,  0.        ,  0.        , -0.03270909,  0.        ,
        0.        ,  0.        ,  0.        ,  0.        ,  0.        ,
        0.        ,  0.        ,  0.        ,  0.        ,  0.        ,
        0.        ,  0.        ,  0.        ,  0.        ,  0.        ,
        0.        ,  0.        ,  0.        ,  0.        , -0.02496764,
        0.        ,  0.        ,  0.        ,  0.        ,  0.        ,
        0.        ,  0.        ])
[2026-09-19 05:02:23,161][shap][INFO] - np.sum(w_aug) = np.float64(136.99999999999997)
[2026-09-19 05:02:23,162][shap][INFO] - np.sum(self.kernelWeights) = np.float64(0.9999999999999997)
[2026-09-19 05:02:23,165][shap][INFO] - phi = array([0.        , 0.        , 0.        , 0.        , 0.        ,
       0.        , 0.11006635, 0.        , 0.        , 0.        ,
       0.        , 0.        , 0.        , 0.        , 0.        ,
       0.        , 0.        , 0.        , 0.        , 0.        ,
       0.        , 0.        , 0.        , 0.        , 0.        ,
       0.        , 0.        , 0.        , 0.        , 0.        ,
       0.06680279, 0.        , 0.        , 0.        , 0.        ,
       0.        , 0.        , 0.        , 0.        , 0.        ,
       0.        , 0.02770049, 0.        , 0.        , 0.05939783,
       0.        , 0.        , 0.        , 0.        , 0.        ,
       0.        , 0.        , 0.        , 0.        , 0.        ,
       0.        , 0.        , 0.        , 0.        , 0.        ,
       0.        , 0.        , 0.0754138 , 0.        , 0.        ,
       0.        , 0.        , 0.        , 0.        , 0.        ,
       0.        , 0.        , 0.        , 0.        , 0.        ,
       0.        , 0.        , 0.09700276, 0.        , 0.        ,
       0.        , 0.        , 0.        , 0.        , 0.        ,
       0.        , 0.        , 0.        , 0.        , 0.        ,
       0.        , 0.        , 0.064565  , 0.        , 0.        ,
       0.        , 0.        , 0.        , 0.        , 0.        ,
       0.        , 0.09324069, 0.        , 0.        , 0.        ,
       0.        , 0.        , 0.        , 0.1563727 , 0.        ,
       0.        , 0.        , 0.        , 0.        , 0.        ,
       0.        , 0.        , 0.        , 0.        , 0.        ,
       0.        , 0.        , 0.        , 0.        , 0.        ,
       0.        , 0.01644219, 0.        , 0.        , 0.        ,
       0.        , 0.        , 0.        , 0.        , 0.        ,
       0.        , 0.        ])
[2026-09-19 05:02:23,165][shap][INFO] - np.sum(w_aug) = np.float64(136.99999999999997)
[2026-09-19 05:02:23,165][shap][INFO] - np.sum(self.kernelWeights) = np.float64(0.9999999999999997)
[2026-09-19 05:02:23,169][shap][INFO] - phi = array([ 0.        ,  0.        ,  0.        ,  0.        ,  0.        ,
        0.        ,  0.        ,  0.        ,  0.        , -0.03469034,
        0.        ,  0.        , -0.02513547,  0.        , -0.00667673,
        0.        ,  0.        ,  0.        , -0.03058452,  0.        ,
        0.        ,  0.        ,  0.        ,  0.        ,  0.        ,
        0.        ,  0.        ,  0.        ,  0.        ,  0.        ,
       -0.03689767,  0.        ,  0.        ,  0.        ,  0.        ,
        0.        ,  0.        ,  0.        , -0.03779462,  0.        ,
        0.        ,  0.        ,  0.        ,  0.        ,  0.        ,
       -0.03287537,  0.        ,  0.        ,  0.        ,  0.        ,
        0.        ,  0.        ,  0.        ,  0.        ,  0.        ,
        0.        ,  0.        ,  0.        ,  0.        ,  0.        ,
        0.        ,  0.        , -0.02947057,  0.        ,  0.        ,
        0.        ,  0.        ,  0.        ,  0.        ,  0.        ,
        0.        ,  0.        ,  0.        ,  0.        ,  0.        ,
       -0.0085914 ,  0.        ,  0.        ,  0.        ,  0.        ,
        0.        ,  0.        ,  0.        ,  0.        ,  0.        ,
        0.        ,  0.        ,  0.        ,  0.        ,  0.        ,
        0.        ,  0.        ,  0.        ,  0.        ,  0.        ,
        0.        ,  0.        ,  0.        ,  0.        ,  0.        ,
        0.        , -0.0320401 ,  0.        ,  0.        ,  0.        ,
        0.        ,  0.        ,  0.        ,  0.        ,  0.        ,
        0.        ,  0.        ,  0.        ,  0.        ,  0.        ,
        0.        ,  0.        ,  0.        ,  0.        ,  0.        ,
        0.        ,  0.        ,  0.        ,  0.        ,  0.        ,
        0.        ,  0.        ,  0.        ,  0.        ,  0.        ,
        0.        ,  0.        ,  0.        ,  0.        ,  0.        ,
        0.        ,  0.        ])
[2026-09-19 05:02:23,169][shap][INFO] - np.sum(w_aug) = np.float64(136.99999999999997)
[2026-09-19 05:02:23,169][shap][INFO] - np.sum(self.kernelWeights) = np.float64(0.9999999999999997)
[2026-09-19 05:02:23,172][shap][INFO] - phi = array([ 0.        ,  0.        ,  0.        ,  0.        ,  0.        ,
        0.        , -0.0457142 , -0.01565172,  0.        ,  0.        ,
        0.        ,  0.        ,  0.        ,  0.        ,  0.        ,
        0.        ,  0.        ,  0.        ,  0.        ,  0.        ,
        0.        ,  0.        ,  0.        ,  0.        ,  0.        ,
       -0.01730984,  0.        ,  0.        ,  0.        ,  0.        ,
        0.        ,  0.        ,  0.        ,  0.        ,  0.        ,
        0.        ,  0.        ,  0.        ,  0.        ,  0.        ,
        0.        , -0.0354736 ,  0.        ,  0.        , -0.01386901,
        0.        ,  0.        ,  0.        ,  0.        ,  0.        ,
        0.        ,  0.        ,  0.        ,  0.        , -0.02891784,
        0.        ,  0.        ,  0.        ,  0.        ,  0.        ,
        0.        ,  0.        ,  0.        ,  0.        ,  0.        ,
        0.        ,  0.        ,  0.        ,  0.        ,  0.        ,
        0.        ,  0.        ,  0.        ,  0.        ,  0.        ,
        0.        ,  0.        , -0.07635318,  0.        ,  0.        ,
        0.        ,  0.        ,  0.        ,  0.        ,  0.        ,
        0.        ,  0.        ,  0.        ,  0.        ,  0.        ,
        0.        ,  0.        , -0.03026301,  0.        ,  0.        ,
        0.        ,  0.        ,  0.        ,  0.        ,  0.        ,
        0.        ,  0.        ,  0.        ,  0.        ,  0.        ,
        0.        ,  0.        ,  0.        ,  0.        ,  0.        ,
        0.        ,  0.        ,  0.        ,  0.        ,  0.        ,
        0.        ,  0.        ,  0.        ,  0.        ,  0.        ,
        0.        ,  0.        ,  0.        ,  0.        ,  0.        ,
        0.        , -0.00734957,  0.        ,  0.        ,  0.        ,
        0.        ,  0.        , -0.02285883,  0.        ,  0.        ,
        0.        ,  0.        ])
[2026-09-19 05:02:23,185][shap][INFO] - num_full_subsets = 0
[2026-09-19 05:02:23,185][shap][INFO] - remaining_weight_vector = array([0.18337037, 0.09236434, 0.06203575, 0.04687664, 0.03778541,
       0.03172821, 0.0274048 , 0.02416509, 0.02164789, 0.01963651,
       0.01799305, 0.01662558, 0.01547045, 0.01448221, 0.01362753,
       0.01288139, 0.01222469, 0.01164256, 0.01112327, 0.01065742,
       0.01023743, 0.00985706, 0.0095112 , 0.00919556, 0.00890656,
       0.00864115, 0.00839676, 0.00817116, 0.00796244, 0.00776896,
       0.00758928, 0.00742213, 0.00726643, 0.00712118, 0.00698554,
       0.00685874, 0.0067401 , 0.00662902, 0.00652495, 0.00642742,
       0.00633597, 0.00625022, 0.00616981, 0.00609442, 0.00602376,
       0.00595757, 0.0058956 , 0.00583763, 0.00578348, 0.00573296,
       0.0056859 , 0.00564217, 0.00560161, 0.00556412, 0.00552957,
       0.00549788, 0.00546894, 0.00544268, 0.00541903, 0.00539792,
       0.00537929, 0.00536309, 0.00534929, 0.00533784, 0.00532871,
       0.00532189, 0.00531735, 0.00531508])
[2026-09-19 05:02:23,185][shap][INFO] - num_paired_subset_sizes = 68
[2026-09-19 05:02:23,189][shap][INFO] - weight_left = np.float64(0.9999999999999998)
[2026-09-19 05:02:23,190][shap][INFO] - np.sum(w_aug) = np.float64(137.0)
[2026-09-19 05:02:23,191][shap][INFO] - np.sum(self.kernelWeights) = np.float64(0.9999999999999997)
[2026-09-19 05:02:23,194][shap][INFO] - phi = array([ 0.        ,  0.        ,  0.        ,  0.        , -0.01705267,
        0.        ,  0.        ,  0.        ,  0.        ,  0.        ,
        0.        ,  0.        ,  0.        , -0.00760855,  0.        ,
        0.        , -0.02324524, -0.00605258, -0.01563544,  0.        ,
        0.        ,  0.        ,  0.        ,  0.        ,  0.        ,
        0.        ,  0.        ,  0.        ,  0.        ,  0.        ,
        0.        ,  0.        ,  0.        ,  0.        ,  0.        ,
        0.        ,  0.        ,  0.        ,  0.        , -0.02519273,
        0.        ,  0.        ,  0.        ,  0.        ,  0.        ,
       -0.03792007,  0.        ,  0.        ,  0.        ,  0.        ,
        0.        ,  0.        ,  0.        ,  0.        ,  0.        ,
       -0.01846814,  0.        ,  0.        ,  0.        ,  0.        ,
        0.        ,  0.        ,  0.        ,  0.        ,  0.        ,
        0.        ,  0.        ,  0.        ,  0.        ,  0.        ,
        0.        ,  0.        ,  0.        ,  0.        ,  0.        ,
        0.        ,  0.        ,  0.        ,  0.        ,  0.        ,
        0.        ,  0.        ,  0.        ,  0.        ,  0.        ,
        0.        ,  0.        ,  0.        ,  0.        ,  0.        ,
        0.        ,  0.        ,  0.        ,  0.        , -0.01605883,
        0.        ,  0.        ,  0.        ,  0.        ,  0.        ,
        0.        ,  0.        ,  0.        ,  0.        ,  0.        ,
        0.        ,  0.        ,  0.        , -0.01946641,  0.        ,
        0.        ,  0.        ,  0.        ,  0.        ,  0.        ,
        0.        ,  0.        ,  0.        ,  0.        ,  0.        ,
        0.        ,  0.        ,  0.        ,  0.        ,  0.        ,
        0.        ,  0.        ,  0.        ,  0.        ,  0.        ,
        0.        ,  0.        ,  0.        ,  0.        ,  0.        ,
        0.        ,  0.        ])
[2026-09-19 05:02:23,194][shap][INFO] - np.sum(w_aug) = np.float64(137.0)
[2026-09-19 05:02:23,194][shap][INFO] - np.sum(self.kernelWeights) = np.float64(0.9999999999999997)
[2026-09-19 05:02:23,198][shap][INFO] - phi = array([ 0.        ,  0.        , -0.01256056,  0.        ,  0.        ,
        0.        ,  0.        , -0.03620041,  0.        ,  0.        ,
        0.        ,  0.        ,  0.        ,  0.        ,  0.        ,
       -0.04377637,  0.        ,  0.        ,  0.        , -0.00500472,
        0.        ,  0.        ,  0.        ,  0.        ,  0.        ,
        0.        ,  0.        , -0.01381935,  0.        ,  0.        ,
        0.        ,  0.        ,  0.        ,  0.        ,  0.        ,
        0.        ,  0.        ,  0.        ,  0.        ,  0.        ,
        0.        , -0.01630742,  0.        ,  0.        ,  0.        ,
        0.        ,  0.        ,  0.        ,  0.        ,  0.        ,
        0.        ,  0.        ,  0.        ,  0.        ,  0.        ,
        0.        ,  0.        ,  0.        , -0.01624975,  0.        ,
        0.        ,  0.        , -0.02394539,  0.        ,  0.        ,
        0.        ,  0.        ,  0.        ,  0.        ,  0.        ,
        0.        ,  0.        ,  0.        ,  0.        ,  0.        ,
        0.        ,  0.        ,  0.        ,  0.        ,  0.        ,
        0.        ,  0.        ,  0.        ,  0.        ,  0.        ,
        0.        ,  0.        , -0.00999008,  0.        , -0.01220289,
        0.        ,  0.        ,  0.        ,  0.        ,  0.        ,
        0.        ,  0.        ,  0.        ,  0.        ,  0.        ,
        0.        ,  0.        ,  0.        ,  0.        ,  0.        ,
        0.        ,  0.        ,  0.        ,  0.        ,  0.        ,
        0.        ,  0.        ,  0.        ,  0.        ,  0.        ,
        0.        ,  0.        ,  0.        ,  0.        ,  0.        ,
        0.        ,  0.        ,  0.        ,  0.        ,  0.        ,
        0.        ,  0.        ,  0.        ,  0.        ,  0.        ,
        0.        ,  0.        ,  0.        ,  0.        ,  0.        ,
        0.        ,  0.        ])
[2026-09-19 05:02:23,198][shap][INFO] - np.sum(w_aug) = np.float64(137.0)
[2026-09-19 05:02:23,198][shap][INFO] - np.sum(self.kernelWeights) = np.float64(0.9999999999999997)
[2026-09-19 05:02:23,201][shap][INFO] - phi = array([ 0.        ,  0.        ,  0.        ,  0.        , -0.04478411,
        0.        ,  0.        , -0.0226806 ,  0.        ,  0.        ,
        0.        ,  0.        ,  0.        ,  0.        ,  0.        ,
        0.        ,  0.        , -0.01550477, -0.01080829,  0.        ,
        0.        ,  0.        ,  0.        ,  0.        ,  0.        ,
        0.        ,  0.        , -0.0174029 ,  0.        ,  0.        ,
        0.        ,  0.        ,  0.        ,  0.        ,  0.        ,
        0.        ,  0.        ,  0.        , -0.05084638,  0.        ,
        0.        ,  0.        ,  0.        ,  0.        ,  0.        ,
        0.        , -0.04696551,  0.        ,  0.        ,  0.        ,
        0.        ,  0.        ,  0.        ,  0.        ,  0.        ,
        0.        , -0.01101341,  0.        ,  0.        ,  0.        ,
        0.        ,  0.        ,  0.        ,  0.        ,  0.        ,
        0.        ,  0.        ,  0.        ,  0.        ,  0.        ,
        0.        ,  0.        ,  0.        ,  0.        ,  0.        ,
        0.        ,  0.        ,  0.        ,  0.        ,  0.        ,
        0.        ,  0.        ,  0.        ,  0.        ,  0.        ,
        0.        ,  0.        ,  0.        ,  0.        ,  0.        ,
        0.        ,  0.        ,  0.        ,  0.        ,  0.        ,
        0.        ,  0.        ,  0.        ,  0.        ,  0.        ,
        0.        ,  0.        ,  0.        ,  0.        ,  0.        ,
        0.        ,  0.        , -0.03236016,  0.        ,  0.        ,
        0.        ,  0.        ,  0.        ,  0.        ,  0.        ,
        0.        ,  0.        ,  0.        ,  0.        ,  0.        ,
        0.        ,  0.        , -0.01220153,  0.        ,  0.        ,
        0.        ,  0.        ,  0.        ,  0.        ,  0.        ,
        0.        ,  0.        ,  0.        ,  0.        ,  0.        ,
        0.        ,  0.        ])
[2026-09-19 05:02:23,202][shap][INFO] - np.sum(w_aug) = np.float64(137.0)
[2026-09-19 05:02:23,202][shap][INFO] - np.sum(self.kernelWeights) = np.float64(0.9999999999999997)
[2026-09-19 05:02:23,205][shap][INFO] - phi = array([0.        , 0.        , 0.        , 0.        , 0.06778895,
       0.        , 0.        , 0.07409293, 0.        , 0.        ,
       0.        , 0.        , 0.        , 0.        , 0.        ,
       0.11036408, 0.        , 0.        , 0.01348685, 0.04469877,
       0.        , 0.        , 0.        , 0.        , 0.        ,
       0.        , 0.        , 0.06064245, 0.        , 0.        ,
       0.        , 0.        , 0.        , 0.        , 0.        ,
       0.        , 0.        , 0.        , 0.        , 0.        ,
       0.        , 0.        , 0.        , 0.        , 0.        ,
       0.        , 0.        , 0.        , 0.        , 0.        ,
       0.        , 0.        , 0.        , 0.        , 0.        ,
       0.03787774, 0.        , 0.        , 0.        , 0.        ,
       0.        , 0.        , 0.        , 0.        , 0.        ,
       0.        , 0.        , 0.        , 0.        , 0.        ,
       0.        , 0.        , 0.        , 0.        , 0.        ,
       0.        , 0.        , 0.07480043, 0.        , 0.        ,
       0.        , 0.        , 0.        , 0.        , 0.        ,
       0.        , 0.        , 0.        , 0.        , 0.        ,
       0.        , 0.        , 0.        , 0.        , 0.        ,
       0.        , 0.        , 0.        , 0.        , 0.        ,
       0.        , 0.        , 0.        , 0.        , 0.        ,
       0.        , 0.        , 0.11845365, 0.03911937, 0.        ,
       0.        , 0.        , 0.        , 0.        , 0.        ,
       0.        , 0.        , 0.        , 0.        , 0.        ,
       0.        , 0.        , 0.        , 0.        , 0.        ,
       0.        , 0.        , 0.        , 0.        , 0.        ,
       0.        , 0.        , 0.        , 0.        , 0.        ,
       0.        , 0.        ])
[2026-09-19 05:02:23,214][shap][INFO] - num_full_subsets = 0
[2026-09-19 05:02:23,214][shap][INFO] - remaining_weight_vector = array([0.18337037, 0.09236434, 0.06203575, 0.04687664, 0.03778541,
       0.03172821, 0.0274048 , 0.02416509, 0.02164789, 0.01963651,
       0.01799305, 0.01662558, 0.01547045, 0.01448221, 0.01362753,
       0.01288139, 0.01222469, 0.01164256, 0.01112327, 0.01065742,
       0.01023743, 0.00985706, 0.0095112 , 0.00919556, 0.00890656,
       0.00864115, 0.00839676, 0.00817116, 0.00796244, 0.00776896,
       0.00758928, 0.00742213, 0.00726643, 0.00712118, 0.00698554,
       0.00685874, 0.0067401 , 0.00662902, 0.00652495, 0.00642742,
       0.00633597, 0.00625022, 0.00616981, 0.00609442, 0.00602376,
       0.00595757, 0.0058956 , 0.00583763, 0.00578348, 0.00573296,
       0.0056859 , 0.00564217, 0.00560161, 0.00556412, 0.00552957,
       0.00549788, 0.00546894, 0.00544268, 0.00541903, 0.00539792,
       0.00537929, 0.00536309, 0.00534929, 0.00533784, 0.00532871,
       0.00532189, 0.00531735, 0.00531508])
[2026-09-19 05:02:23,214][shap][INFO] - num_paired_subset_sizes = 68
[2026-09-19 05:02:23,217][shap][INFO] - weight_left = np.float64(0.9999999999999998)
[2026-09-19 05:02:23,219][shap][INFO] - np.sum(w_aug) = np.float64(136.99999999999994)
[2026-09-19 05:02:23,219][shap][INFO] - np.sum(self.kernelWeights) = np.float64(0.9999999999999993)
[2026-09-19 05:02:23,222][shap][INFO] - phi = array([ 0.01137032,  0.        ,  0.        ,  0.        ,  0.        ,
        0.        ,  0.        ,  0.        ,  0.        ,  0.        ,
        0.        ,  0.        ,  0.        ,  0.        ,  0.        ,
        0.        ,  0.        ,  0.03509972,  0.        ,  0.        ,
        0.        ,  0.        ,  0.        ,  0.        ,  0.        ,
        0.00448535,  0.        ,  0.        ,  0.        ,  0.        ,
       -0.01906451,  0.        ,  0.        ,  0.        ,  0.        ,
        0.        ,  0.        ,  0.        ,  0.02734477, -0.0058245 ,
        0.0119219 ,  0.        ,  0.        ,  0.        ,  0.        ,
        0.        ,  0.        ,  0.        ,  0.        ,  0.        ,
        0.        ,  0.        ,  0.        ,  0.        ,  0.        ,
        0.        ,  0.        ,  0.        ,  0.        ,  0.        ,
        0.        ,  0.        ,  0.        ,  0.        ,  0.        ,
        0.        ,  0.        ,  0.        ,  0.        ,  0.        ,
        0.        ,  0.02111542,  0.        ,  0.        ,  0.        ,
        0.        ,  0.        ,  0.        ,  0.        ,  0.        ,
        0.        ,  0.        ,  0.        ,  0.        ,  0.        ,
        0.        ,  0.        ,  0.        ,  0.        ,  0.        ,
        0.        ,  0.        ,  0.        ,  0.        ,  0.        ,
        0.        ,  0.        ,  0.        ,  0.        ,  0.        ,
        0.        ,  0.        ,  0.        , -0.00486526,  0.        ,
        0.        ,  0.        ,  0.        ,  0.        ,  0.        ,
        0.        ,  0.        ,  0.        ,  0.        ,  0.        ,
        0.        ,  0.        ,  0.        ,  0.        ,  0.        ,
        0.        ,  0.        ,  0.        ,  0.00998201,  0.        ,
        0.        ,  0.        ,  0.        ,  0.        ,  0.        ,
        0.        ,  0.        ,  0.        ,  0.        ,  0.        ,
        0.        ,  0.        ])
[2026-09-19 05:02:23,223][shap][INFO] - np.sum(w_aug) = np.float64(136.99999999999994)
[2026-09-19 05:02:23,223][shap][INFO] - np.sum(self.kernelWeights) = np.float64(0.9999999999999993)
[2026-09-19 05:02:23,229][shap][INFO] - phi = array([0.        , 0.        , 0.        , 0.        , 0.        ,
       0.07545305, 0.        , 0.        , 0.        , 0.        ,
       0.        , 0.        , 0.03285837, 0.        , 0.        ,
       0.        , 0.        , 0.        , 0.        , 0.        ,
       0.        , 0.04302771, 0.        , 0.        , 0.        ,
       0.        , 0.        , 0.        , 0.        , 0.        ,
       0.        , 0.        , 0.        , 0.        , 0.        ,
       0.        , 0.        , 0.        , 0.01778615, 0.        ,
       0.        , 0.        , 0.        , 0.02809463, 0.        ,
       0.        , 0.03612023, 0.01116724, 0.        , 0.        ,
       0.        , 0.        , 0.        , 0.        , 0.        ,
       0.        , 0.02737526, 0.        , 0.        , 0.        ,
       0.        , 0.        , 0.        , 0.04565558, 0.        ,
       0.        , 0.        , 0.        , 0.        , 0.        ,
       0.        , 0.        , 0.        , 0.        , 0.        ,
       0.        , 0.        , 0.        , 0.        , 0.        ,
       0.        , 0.        , 0.        , 0.        , 0.        ,
       0.        , 0.        , 0.        , 0.        , 0.        ,
       0.        , 0.        , 0.        , 0.        , 0.        ,
       0.        , 0.        , 0.        , 0.        , 0.        ,
       0.        , 0.        , 0.        , 0.        , 0.        ,
       0.        , 0.        , 0.        , 0.        , 0.        ,
       0.        , 0.        , 0.        , 0.        , 0.        ,
       0.        , 0.        , 0.        , 0.        , 0.        ,
       0.        , 0.        , 0.        , 0.        , 0.        ,
       0.        , 0.        , 0.        , 0.        , 0.        ,
       0.        , 0.        , 0.05767791, 0.        , 0.        ,
       0.        , 0.        ])
[2026-09-19 05:02:23,229][shap][INFO] - np.sum(w_aug) = np.float64(136.99999999999994)
[2026-09-19 05:02:23,230][shap][INFO] - np.sum(self.kernelWeights) = np.float64(0.9999999999999993)
[2026-09-19 05:02:23,233][shap][INFO] - phi = array([ 0.        ,  0.        ,  0.        ,  0.        ,  0.        ,
        0.        ,  0.        ,  0.        ,  0.        ,  0.        ,
        0.        ,  0.        ,  0.        ,  0.        , -0.02170788,
        0.        ,  0.        ,  0.        ,  0.        ,  0.        ,
        0.        ,  0.        ,  0.        ,  0.        ,  0.        ,
        0.        ,  0.        ,  0.        ,  0.        ,  0.        ,
        0.        ,  0.        ,  0.        ,  0.        ,  0.        ,
        0.        ,  0.        ,  0.        , -0.06229762,  0.        ,
        0.        ,  0.        ,  0.        ,  0.        ,  0.        ,
        0.        , -0.03768107,  0.        ,  0.        ,  0.        ,
        0.        ,  0.        ,  0.        ,  0.        ,  0.        ,
        0.        , -0.02259944,  0.        ,  0.        ,  0.        ,
        0.        ,  0.        ,  0.        , -0.01549052,  0.        ,
        0.        ,  0.        ,  0.        , -0.00432712,  0.        ,
        0.        , -0.01563338,  0.        ,  0.        ,  0.        ,
        0.        ,  0.        ,  0.        , -0.00912558,  0.        ,
       -0.01205449,  0.        ,  0.        ,  0.        ,  0.        ,
        0.        ,  0.        , -0.01023809,  0.        ,  0.        ,
        0.        ,  0.        ,  0.        ,  0.        ,  0.        ,
        0.        ,  0.        ,  0.        ,  0.        ,  0.        ,
        0.        ,  0.        ,  0.        ,  0.        ,  0.        ,
        0.        ,  0.        ,  0.        ,  0.        ,  0.        ,
        0.        ,  0.        ,  0.        ,  0.        ,  0.        ,
        0.        ,  0.        ,  0.        ,  0.        ,  0.        ,
        0.        ,  0.        ,  0.        ,  0.        ,  0.        ,
        0.        ,  0.        ,  0.        ,  0.        ,  0.        ,
        0.        ,  0.        ,  0.        ,  0.        ,  0.        ,
        0.        ,  0.        ])
[2026-09-19 05:02:23,233][shap][INFO] - np.sum(w_aug) = np.float64(136.99999999999994)
[2026-09-19 05:02:23,233][shap][INFO] - np.sum(self.kernelWeights) = np.float64(0.9999999999999993)
[2026-09-19 05:02:23,239][shap][INFO] - phi = array([ 0.        ,  0.        ,  0.        , -0.06863367, -0.08090302,
        0.        ,  0.        ,  0.        ,  0.        ,  0.        ,
        0.        ,  0.        ,  0.        ,  0.        ,  0.        ,
        0.05047329,  0.        ,  0.        , -0.01247338,  0.        ,
        0.        ,  0.        ,  0.        ,  0.        ,  0.        ,
        0.        ,  0.        ,  0.        , -0.0122057 ,  0.        ,
        0.        ,  0.        ,  0.        ,  0.        ,  0.        ,
        0.        ,  0.        ,  0.        ,  0.        ,  0.        ,
        0.        ,  0.        , -0.0537529 ,  0.        ,  0.        ,
        0.        ,  0.        ,  0.        ,  0.        ,  0.        ,
        0.        ,  0.        ,  0.        ,  0.        ,  0.        ,
        0.        ,  0.        ,  0.        ,  0.        ,  0.        ,
        0.        ,  0.        ,  0.        ,  0.        ,  0.        ,
        0.        ,  0.        ,  0.        ,  0.        ,  0.        ,
        0.        ,  0.        ,  0.        ,  0.        , -0.00992813,
        0.        ,  0.        , -0.00731158,  0.        ,  0.        ,
        0.        ,  0.        ,  0.        ,  0.        ,  0.        ,
        0.        ,  0.        ,  0.        ,  0.        ,  0.        ,
        0.        , -0.060891  ,  0.        ,  0.        ,  0.        ,
        0.        ,  0.        ,  0.        ,  0.        ,  0.        ,
        0.        ,  0.        ,  0.        ,  0.        ,  0.        ,
        0.        ,  0.        ,  0.        ,  0.        ,  0.        ,
        0.        ,  0.        ,  0.        ,  0.        ,  0.        ,
        0.        ,  0.        ,  0.        ,  0.        ,  0.        ,
        0.        ,  0.        ,  0.        ,  0.        ,  0.        ,
        0.        ,  0.        ,  0.        ,  0.        ,  0.        ,
        0.        ,  0.        ,  0.        ,  0.        ,  0.        ,
        0.        ,  0.        ])
[2026-09-19 05:02:23,248][shap][INFO] - num_full_subsets = 0
[2026-09-19 05:02:23,248][shap][INFO] - remaining_weight_vector = array([0.18337037, 0.09236434, 0.06203575, 0.04687664, 0.03778541,
       0.03172821, 0.0274048 , 0.02416509, 0.02164789, 0.01963651,
       0.01799305, 0.01662558, 0.01547045, 0.01448221, 0.01362753,
       0.01288139, 0.01222469, 0.01164256, 0.01112327, 0.01065742,
       0.01023743, 0.00985706, 0.0095112 , 0.00919556, 0.00890656,
       0.00864115, 0.00839676, 0.00817116, 0.00796244, 0.00776896,
       0.00758928, 0.00742213, 0.00726643, 0.00712118, 0.00698554,
       0.00685874, 0.0067401 , 0.00662902, 0.00652495, 0.00642742,
       0.00633597, 0.00625022, 0.00616981, 0.00609442, 0.00602376,
       0.00595757, 0.0058956 , 0.00583763, 0.00578348, 0.00573296,
       0.0056859 , 0.00564217, 0.00560161, 0.00556412, 0.00552957,
       0.00549788, 0.00546894, 0.00544268, 0.00541903, 0.00539792,
       0.00537929, 0.00536309, 0.00534929, 0.00533784, 0.00532871,
       0.00532189, 0.00531735, 0.00531508])
[2026-09-19 05:02:23,248][shap][INFO] - num_paired_subset_sizes = 68
[2026-09-19 05:02:23,251][shap][INFO] - weight_left = np.float64(0.9999999999999998)
[2026-09-19 05:02:23,253][shap][INFO] - np.sum(w_aug) = np.float64(136.99999999999997)
[2026-09-19 05:02:23,253][shap][INFO] - np.sum(self.kernelWeights) = np.float64(0.9999999999999997)
[2026-09-19 05:02:23,256][shap][INFO] - phi = array([0.        , 0.        , 0.        , 0.        , 0.        ,
       0.        , 0.        , 0.        , 0.        , 0.        ,
       0.        , 0.        , 0.        , 0.        , 0.        ,
       0.        , 0.        , 0.        , 0.        , 0.        ,
       0.        , 0.        , 0.        , 0.        , 0.        ,
       0.        , 0.        , 0.        , 0.        , 0.        ,
       0.        , 0.        , 0.        , 0.14654379, 0.        ,
       0.05007021, 0.06178978, 0.        , 0.        , 0.        ,
       0.        , 0.        , 0.        , 0.03175828, 0.        ,
       0.        , 0.        , 0.        , 0.07342328, 0.        ,
       0.        , 0.        , 0.        , 0.        , 0.        ,
       0.        , 0.        , 0.        , 0.        , 0.        ,
       0.        , 0.        , 0.0795307 , 0.        , 0.        ,
       0.        , 0.        , 0.        , 0.        , 0.        ,
       0.        , 0.04111214, 0.        , 0.        , 0.        ,
       0.        , 0.        , 0.        , 0.        , 0.        ,
       0.01317193, 0.        , 0.        , 0.        , 0.        ,
       0.        , 0.        , 0.        , 0.        , 0.        ,
       0.        , 0.        , 0.        , 0.        , 0.07617775,
       0.        , 0.        , 0.        , 0.        , 0.        ,
       0.        , 0.        , 0.        , 0.        , 0.        ,
       0.        , 0.        , 0.        , 0.        , 0.        ,
       0.        , 0.        , 0.        , 0.        , 0.        ,
       0.        , 0.        , 0.        , 0.        , 0.        ,
       0.        , 0.        , 0.        , 0.        , 0.        ,
       0.        , 0.        , 0.        , 0.        , 0.        ,
       0.        , 0.        , 0.        , 0.        , 0.13081644,
       0.        , 0.        ])
[2026-09-19 05:02:23,257][shap][INFO] - np.sum(w_aug) = np.float64(136.99999999999997)
[2026-09-19 05:02:23,257][shap][INFO] - np.sum(self.kernelWeights) = np.float64(0.9999999999999997)
[2026-09-19 05:02:23,260][shap][INFO] - phi = array([ 0.        ,  0.        ,  0.        ,  0.        ,  0.        ,
        0.        ,  0.        ,  0.        ,  0.        ,  0.        ,
        0.        ,  0.        , -0.00844393,  0.        ,  0.        ,
        0.        ,  0.        ,  0.        ,  0.        ,  0.        ,
        0.        ,  0.        , -0.01799592,  0.        ,  0.        ,
        0.        ,  0.        ,  0.        ,  0.        ,  0.        ,
        0.        ,  0.        ,  0.        , -0.00911493,  0.        ,
        0.        ,  0.        ,  0.        ,  0.        ,  0.        ,
       -0.00735516, -0.02739545,  0.        ,  0.        ,  0.        ,
        0.        ,  0.        ,  0.        ,  0.        ,  0.        ,
        0.        ,  0.        ,  0.        ,  0.        , -0.015294  ,
        0.        ,  0.        ,  0.        ,  0.        ,  0.        ,
        0.        ,  0.        , -0.02683441, -0.02796951,  0.        ,
        0.        ,  0.        ,  0.        ,  0.        ,  0.        ,
        0.        ,  0.        ,  0.        ,  0.        ,  0.        ,
        0.        ,  0.        ,  0.        ,  0.        ,  0.        ,
        0.        ,  0.        ,  0.        ,  0.        ,  0.        ,
        0.        ,  0.        ,  0.        ,  0.        ,  0.        ,
        0.        ,  0.        ,  0.        ,  0.        ,  0.        ,
        0.        ,  0.        ,  0.        ,  0.        ,  0.        ,
        0.        ,  0.        ,  0.        ,  0.        ,  0.        ,
        0.        ,  0.        ,  0.        ,  0.        ,  0.        ,
        0.        ,  0.        ,  0.        ,  0.        ,  0.        ,
        0.        , -0.00735616,  0.        ,  0.        ,  0.        ,
        0.        ,  0.        ,  0.        ,  0.        ,  0.        ,
        0.        ,  0.        ,  0.        ,  0.        ,  0.        ,
        0.        ,  0.        , -0.00560961,  0.        ,  0.        ,
        0.        ,  0.        ])
[2026-09-19 05:02:23,260][shap][INFO] - np.sum(w_aug) = np.float64(136.99999999999997)
[2026-09-19 05:02:23,260][shap][INFO] - np.sum(self.kernelWeights) = np.float64(0.9999999999999997)
[2026-09-19 05:02:23,263][shap][INFO] - phi = array([ 0.        ,  0.        ,  0.        ,  0.        ,  0.        ,
        0.        ,  0.        ,  0.        ,  0.        ,  0.        ,
        0.        ,  0.        ,  0.        ,  0.        , -0.02900517,
       -0.02332621,  0.        ,  0.        ,  0.        ,  0.        ,
        0.        ,  0.        ,  0.        ,  0.        ,  0.        ,
        0.        ,  0.        ,  0.        ,  0.        ,  0.        ,
        0.        ,  0.        ,  0.        ,  0.        ,  0.        ,
       -0.0295605 ,  0.        ,  0.        , -0.0558123 ,  0.        ,
        0.        ,  0.        ,  0.        ,  0.        ,  0.        ,
        0.        ,  0.        ,  0.        ,  0.        ,  0.        ,
        0.        , -0.01584122,  0.        ,  0.        ,  0.        ,
        0.        , -0.02453213,  0.        ,  0.        ,  0.        ,
        0.        ,  0.        ,  0.        ,  0.        ,  0.        ,
        0.        ,  0.        , -0.01156396,  0.        ,  0.        ,
        0.        ,  0.        ,  0.        ,  0.        ,  0.        ,
        0.        , -0.00491152,  0.        ,  0.        ,  0.        ,
        0.        ,  0.        ,  0.        ,  0.        ,  0.        ,
        0.        ,  0.        ,  0.        ,  0.        ,  0.        ,
        0.        ,  0.        ,  0.        ,  0.        ,  0.        ,
        0.        ,  0.        ,  0.        ,  0.        ,  0.        ,
        0.        ,  0.        ,  0.        ,  0.        ,  0.        ,
        0.        ,  0.        ,  0.        ,  0.        ,  0.        ,
        0.        ,  0.        ,  0.        ,  0.        ,  0.        ,
        0.        ,  0.        ,  0.        ,  0.        ,  0.        ,
        0.        ,  0.        ,  0.        ,  0.        ,  0.        ,
        0.        , -0.02698915,  0.        ,  0.        ,  0.        ,
        0.        ,  0.        ,  0.        ,  0.        , -0.04883147,
        0.        ,  0.        ])
[2026-09-19 05:02:23,264][shap][INFO] - np.sum(w_aug) = np.float64(136.99999999999997)
[2026-09-19 05:02:23,264][shap][INFO] - np.sum(self.kernelWeights) = np.float64(0.9999999999999997)
[2026-09-19 05:02:23,267][shap][INFO] - phi = array([ 0.        ,  0.        ,  0.        ,  0.        ,  0.        ,
        0.        ,  0.        ,  0.        ,  0.        ,  0.        ,
        0.        ,  0.        ,  0.        ,  0.        ,  0.        ,
        0.        ,  0.        ,  0.        ,  0.        ,  0.        ,
        0.        ,  0.        ,  0.        ,  0.        ,  0.        ,
       -0.02340925,  0.        ,  0.        , -0.01740172,  0.        ,
        0.        ,  0.        ,  0.        , -0.05235998,  0.        ,
       -0.03180119, -0.00767261,  0.        ,  0.        ,  0.        ,
        0.        ,  0.        ,  0.        ,  0.        ,  0.        ,
        0.        ,  0.        ,  0.        ,  0.        ,  0.        ,
        0.        ,  0.        ,  0.        ,  0.        ,  0.        ,
        0.        ,  0.        ,  0.        ,  0.        ,  0.        ,
        0.        ,  0.        ,  0.        ,  0.        ,  0.        ,
        0.        ,  0.        ,  0.        ,  0.        ,  0.        ,
        0.        ,  0.        ,  0.        ,  0.        ,  0.        ,
        0.        , -0.00542088,  0.        ,  0.        ,  0.        ,
        0.        ,  0.        ,  0.        ,  0.        ,  0.        ,
        0.        ,  0.        ,  0.        ,  0.        ,  0.        ,
        0.        ,  0.        ,  0.        ,  0.        ,  0.        ,
        0.        ,  0.        ,  0.        ,  0.        ,  0.        ,
        0.        ,  0.        ,  0.        ,  0.        , -0.03491696,
        0.        ,  0.        , -0.02870593,  0.        ,  0.        ,
        0.        ,  0.        ,  0.        ,  0.        ,  0.        ,
        0.        ,  0.        ,  0.        ,  0.        ,  0.        ,
        0.        ,  0.        ,  0.        ,  0.        , -0.03694863,
        0.        ,  0.        ,  0.        ,  0.        ,  0.        ,
        0.        ,  0.        ,  0.        ,  0.        , -0.04201442,
        0.        ,  0.        ])
[2026-09-19 05:02:23,276][shap][INFO] - num_full_subsets = 0
[2026-09-19 05:02:23,276][shap][INFO] - remaining_weight_vector = array([0.18337037, 0.09236434, 0.06203575, 0.04687664, 0.03778541,
       0.03172821, 0.0274048 , 0.02416509, 0.02164789, 0.01963651,
       0.01799305, 0.01662558, 0.01547045, 0.01448221, 0.01362753,
       0.01288139, 0.01222469, 0.01164256, 0.01112327, 0.01065742,
       0.01023743, 0.00985706, 0.0095112 , 0.00919556, 0.00890656,
       0.00864115, 0.00839676, 0.00817116, 0.00796244, 0.00776896,
       0.00758928, 0.00742213, 0.00726643, 0.00712118, 0.00698554,
       0.00685874, 0.0067401 , 0.00662902, 0.00652495, 0.00642742,
       0.00633597, 0.00625022, 0.00616981, 0.00609442, 0.00602376,
       0.00595757, 0.0058956 , 0.00583763, 0.00578348, 0.00573296,
       0.0056859 , 0.00564217, 0.00560161, 0.00556412, 0.00552957,
       0.00549788, 0.00546894, 0.00544268, 0.00541903, 0.00539792,
       0.00537929, 0.00536309, 0.00534929, 0.00533784, 0.00532871,
       0.00532189, 0.00531735, 0.00531508])
[2026-09-19 05:02:23,277][shap][INFO] - num_paired_subset_sizes = 68
[2026-09-19 05:02:23,280][shap][INFO] - weight_left = np.float64(0.9999999999999998)
[2026-09-19 05:02:23,282][shap][INFO] - np.sum(w_aug) = np.float64(136.99999999999994)
[2026-09-19 05:02:23,282][shap][INFO] - np.sum(self.kernelWeights) = np.float64(1.0)
[2026-09-19 05:02:23,284][shap][INFO] - phi = array([ 0.01616496,  0.        ,  0.        ,  0.        ,  0.        ,
        0.        ,  0.        ,  0.        ,  0.        ,  0.        ,
        0.        ,  0.        ,  0.        ,  0.        ,  0.        ,
        0.04647158,  0.        ,  0.        ,  0.        ,  0.        ,
        0.        ,  0.        ,  0.        ,  0.        ,  0.        ,
        0.05822132,  0.        ,  0.        ,  0.01429851,  0.        ,
        0.        ,  0.        ,  0.        ,  0.        ,  0.        ,
        0.        ,  0.        ,  0.        ,  0.        ,  0.        ,
        0.        ,  0.        ,  0.        ,  0.00136757,  0.        ,
        0.        ,  0.        ,  0.        ,  0.        ,  0.        ,
        0.        ,  0.        ,  0.        ,  0.        ,  0.        ,
        0.        ,  0.        ,  0.        ,  0.        ,  0.00553583,
        0.        ,  0.        ,  0.        ,  0.        ,  0.        ,
        0.        ,  0.        ,  0.        ,  0.        ,  0.        ,
       -0.00229647,  0.        ,  0.        ,  0.        ,  0.        ,
        0.        ,  0.        ,  0.        ,  0.        ,  0.        ,
        0.        ,  0.        ,  0.        ,  0.        ,  0.        ,
        0.        ,  0.        ,  0.        ,  0.        ,  0.        ,
        0.        ,  0.        ,  0.        ,  0.        ,  0.        ,
        0.00927784,  0.        ,  0.        ,  0.        ,  0.        ,
        0.        ,  0.        ,  0.        ,  0.        ,  0.        ,
        0.        ,  0.        ,  0.        ,  0.        ,  0.        ,
        0.        ,  0.        ,  0.        ,  0.        ,  0.        ,
        0.        ,  0.        ,  0.        ,  0.        ,  0.        ,
        0.        ,  0.        ,  0.        ,  0.        ,  0.        ,
       -0.00295355,  0.        ,  0.        ,  0.        ,  0.        ,
        0.        ,  0.        ,  0.        ,  0.        ,  0.        ,
        0.        , -0.04672367])
[2026-09-19 05:02:23,285][shap][INFO] - np.sum(w_aug) = np.float64(136.99999999999994)
[2026-09-19 05:02:23,285][shap][INFO] - np.sum(self.kernelWeights) = np.float64(1.0)
[2026-09-19 05:02:23,288][shap][INFO] - phi = array([0.        , 0.        , 0.01949544, 0.        , 0.05498635,
       0.        , 0.06961103, 0.        , 0.        , 0.        ,
       0.03523202, 0.        , 0.03759984, 0.        , 0.045874  ,
       0.        , 0.        , 0.        , 0.        , 0.        ,
       0.        , 0.        , 0.        , 0.        , 0.        ,
       0.        , 0.        , 0.        , 0.        , 0.        ,
       0.        , 0.        , 0.        , 0.        , 0.        ,
       0.        , 0.        , 0.        , 0.05577132, 0.        ,
       0.        , 0.        , 0.        , 0.        , 0.        ,
       0.        , 0.04352823, 0.        , 0.        , 0.        ,
       0.        , 0.        , 0.        , 0.        , 0.        ,
       0.        , 0.        , 0.        , 0.        , 0.        ,
       0.        , 0.        , 0.        , 0.        , 0.        ,
       0.        , 0.        , 0.        , 0.        , 0.        ,
       0.        , 0.        , 0.        , 0.01921032, 0.        ,
       0.        , 0.        , 0.        , 0.        , 0.        ,
       0.        , 0.        , 0.        , 0.        , 0.        ,
       0.        , 0.        , 0.        , 0.        , 0.        ,
       0.        , 0.        , 0.        , 0.        , 0.        ,
       0.        , 0.05065746, 0.        , 0.        , 0.        ,
       0.        , 0.        , 0.        , 0.        , 0.        ,
       0.        , 0.        , 0.        , 0.        , 0.        ,
       0.        , 0.        , 0.        , 0.        , 0.        ,
       0.        , 0.        , 0.        , 0.        , 0.        ,
       0.        , 0.        , 0.        , 0.        , 0.        ,
       0.        , 0.        , 0.        , 0.        , 0.        ,
       0.        , 0.        , 0.        , 0.        , 0.        ,
       0.        , 0.        ])
[2026-09-19 05:02:23,288][shap][INFO] - np.sum(w_aug) = np.float64(136.99999999999994)
[2026-09-19 05:02:23,289][shap][INFO] - np.sum(self.kernelWeights) = np.float64(1.0)
[2026-09-19 05:02:23,292][shap][INFO] - phi = array([ 0.        ,  0.        ,  0.        ,  0.        ,  0.        ,
        0.        ,  0.        ,  0.        ,  0.        ,  0.        ,
       -0.01858059,  0.        ,  0.        ,  0.        , -0.0086458 ,
        0.        ,  0.        ,  0.        ,  0.        ,  0.        ,
        0.        ,  0.        ,  0.        ,  0.        ,  0.        ,
        0.        ,  0.        ,  0.        ,  0.        ,  0.        ,
        0.        ,  0.        ,  0.        ,  0.        ,  0.        ,
        0.        ,  0.        ,  0.        , -0.0605625 ,  0.        ,
        0.        ,  0.        ,  0.        ,  0.        ,  0.        ,
        0.        , -0.01875721,  0.        ,  0.        ,  0.        ,
        0.        ,  0.        ,  0.        ,  0.        ,  0.        ,
       -0.02902488,  0.        ,  0.        ,  0.        ,  0.        ,
        0.        ,  0.        ,  0.        ,  0.        ,  0.        ,
        0.        ,  0.        ,  0.        ,  0.        ,  0.        ,
        0.        ,  0.        ,  0.        ,  0.        ,  0.        ,
        0.        ,  0.        , -0.01046673,  0.        ,  0.        ,
        0.        ,  0.        ,  0.        ,  0.        ,  0.        ,
       -0.00856799,  0.        ,  0.        ,  0.        ,  0.        ,
        0.        ,  0.        ,  0.        ,  0.        ,  0.        ,
        0.        ,  0.        ,  0.        ,  0.        ,  0.        ,
        0.        ,  0.        ,  0.        ,  0.        ,  0.        ,
        0.        ,  0.        ,  0.        ,  0.        , -0.03472335,
        0.        ,  0.        ,  0.        ,  0.        ,  0.        ,
       -0.02291715,  0.        ,  0.        ,  0.        ,  0.        ,
        0.        ,  0.        ,  0.        ,  0.        ,  0.        ,
        0.        ,  0.        ,  0.        ,  0.        ,  0.        ,
        0.        ,  0.        ,  0.        ,  0.        , -0.04249444,
        0.        ,  0.        ])
[2026-09-19 05:02:23,292][shap][INFO] - np.sum(w_aug) = np.float64(136.99999999999994)
[2026-09-19 05:02:23,292][shap][INFO] - np.sum(self.kernelWeights) = np.float64(1.0)
[2026-09-19 05:02:23,295][shap][INFO] - phi = array([ 0.        ,  0.        ,  0.        ,  0.        ,  0.        ,
        0.        ,  0.        ,  0.        ,  0.        , -0.04182404,
        0.        , -0.0040332 ,  0.        ,  0.        ,  0.        ,
       -0.01903485,  0.        ,  0.        ,  0.        ,  0.        ,
        0.        ,  0.        ,  0.        ,  0.        ,  0.        ,
        0.        ,  0.        ,  0.        ,  0.        ,  0.        ,
        0.        ,  0.        ,  0.        ,  0.        ,  0.        ,
        0.        ,  0.        ,  0.        ,  0.        , -0.03373516,
        0.        ,  0.        , -0.06568954,  0.        ,  0.        ,
        0.        ,  0.        ,  0.        ,  0.        ,  0.        ,
        0.        ,  0.        ,  0.        ,  0.        , -0.01564096,
        0.        ,  0.        ,  0.        ,  0.        ,  0.        ,
        0.        ,  0.        ,  0.        ,  0.        ,  0.        ,
        0.        ,  0.        ,  0.        ,  0.        ,  0.        ,
        0.        ,  0.        ,  0.        ,  0.        ,  0.        ,
        0.        ,  0.        ,  0.        ,  0.        ,  0.        ,
        0.        ,  0.        ,  0.        ,  0.        ,  0.        ,
        0.        ,  0.        ,  0.        ,  0.        ,  0.        ,
        0.        , -0.06148153,  0.        ,  0.        , -0.00270304,
        0.        ,  0.        ,  0.        ,  0.        ,  0.        ,
        0.        ,  0.        ,  0.        ,  0.        , -0.02664713,
        0.        ,  0.        ,  0.        ,  0.        ,  0.        ,
        0.        ,  0.        ,  0.        ,  0.        ,  0.        ,
        0.        ,  0.        ,  0.        ,  0.        ,  0.        ,
        0.        ,  0.        ,  0.        ,  0.        ,  0.        ,
        0.        , -0.00579986,  0.        ,  0.        ,  0.        ,
        0.        ,  0.        ,  0.        ,  0.        ,  0.        ,
        0.        ,  0.        ])
[2026-09-19 05:02:23,304][shap][INFO] - num_full_subsets = 0
[2026-09-19 05:02:23,304][shap][INFO] - remaining_weight_vector = array([0.18337037, 0.09236434, 0.06203575, 0.04687664, 0.03778541,
       0.03172821, 0.0274048 , 0.02416509, 0.02164789, 0.01963651,
       0.01799305, 0.01662558, 0.01547045, 0.01448221, 0.01362753,
       0.01288139, 0.01222469, 0.01164256, 0.01112327, 0.01065742,
       0.01023743, 0.00985706, 0.0095112 , 0.00919556, 0.00890656,
       0.00864115, 0.00839676, 0.00817116, 0.00796244, 0.00776896,
       0.00758928, 0.00742213, 0.00726643, 0.00712118, 0.00698554,
       0.00685874, 0.0067401 , 0.00662902, 0.00652495, 0.00642742,
       0.00633597, 0.00625022, 0.00616981, 0.00609442, 0.00602376,
       0.00595757, 0.0058956 , 0.00583763, 0.00578348, 0.00573296,
       0.0056859 , 0.00564217, 0.00560161, 0.00556412, 0.00552957,
       0.00549788, 0.00546894, 0.00544268, 0.00541903, 0.00539792,
       0.00537929, 0.00536309, 0.00534929, 0.00533784, 0.00532871,
       0.00532189, 0.00531735, 0.00531508])
[2026-09-19 05:02:23,304][shap][INFO] - num_paired_subset_sizes = 68
[2026-09-19 05:02:23,307][shap][INFO] - weight_left = np.float64(0.9999999999999998)
[2026-09-19 05:02:23,309][shap][INFO] - np.sum(w_aug) = np.float64(136.99999999999997)
[2026-09-19 05:02:23,309][shap][INFO] - np.sum(self.kernelWeights) = np.float64(0.9999999999999997)
[2026-09-19 05:02:23,312][shap][INFO] - phi = array([ 0.        ,  0.        ,  0.        ,  0.        ,  0.        ,
        0.        ,  0.        , -0.04171752,  0.        ,  0.        ,
        0.        ,  0.        , -0.01741455,  0.        ,  0.        ,
        0.        ,  0.        ,  0.        ,  0.        ,  0.        ,
        0.        ,  0.        ,  0.        ,  0.        ,  0.        ,
        0.        ,  0.        ,  0.        ,  0.        ,  0.        ,
       -0.01609142,  0.        ,  0.        ,  0.        ,  0.        ,
        0.        ,  0.        ,  0.        ,  0.        ,  0.        ,
        0.        , -0.01013487,  0.        ,  0.        ,  0.        ,
        0.        ,  0.        ,  0.        ,  0.        ,  0.        ,
        0.        ,  0.        , -0.01678153,  0.        ,  0.        ,
        0.        ,  0.        ,  0.        , -0.01668181,  0.        ,
       -0.01081262,  0.        , -0.03779785,  0.        ,  0.        ,
        0.        ,  0.        ,  0.        ,  0.        ,  0.        ,
        0.        ,  0.        ,  0.        ,  0.        ,  0.        ,
        0.        ,  0.        ,  0.        ,  0.        ,  0.        ,
        0.        ,  0.        ,  0.        , -0.02291381,  0.        ,
        0.        ,  0.        ,  0.        ,  0.        ,  0.        ,
        0.        ,  0.        ,  0.        , -0.01084012,  0.        ,
        0.        ,  0.        ,  0.        ,  0.        ,  0.        ,
        0.        ,  0.        ,  0.        ,  0.        ,  0.        ,
        0.        ,  0.        ,  0.        ,  0.        ,  0.        ,
        0.        ,  0.        ,  0.        ,  0.        ,  0.        ,
        0.        ,  0.        ,  0.        ,  0.        ,  0.        ,
        0.        ,  0.        ,  0.        ,  0.        ,  0.        ,
        0.        ,  0.        ,  0.        ,  0.        ,  0.        ,
        0.        ,  0.        ,  0.        ,  0.        ,  0.        ,
        0.        ,  0.        ])
[2026-09-19 05:02:23,312][shap][INFO] - np.sum(w_aug) = np.float64(136.99999999999997)
[2026-09-19 05:02:23,313][shap][INFO] - np.sum(self.kernelWeights) = np.float64(0.9999999999999997)
[2026-09-19 05:02:23,315][shap][INFO] - phi = array([0.        , 0.        , 0.        , 0.        , 0.        ,
       0.        , 0.        , 0.15766476, 0.        , 0.        ,
       0.        , 0.        , 0.03860793, 0.        , 0.        ,
       0.        , 0.        , 0.08611536, 0.        , 0.        ,
       0.        , 0.        , 0.        , 0.        , 0.        ,
       0.        , 0.        , 0.        , 0.        , 0.        ,
       0.        , 0.        , 0.        , 0.        , 0.        ,
       0.        , 0.        , 0.        , 0.        , 0.        ,
       0.        , 0.0467035 , 0.        , 0.09162888, 0.        ,
       0.        , 0.        , 0.        , 0.10079682, 0.        ,
       0.        , 0.        , 0.        , 0.        , 0.        ,
       0.        , 0.        , 0.        , 0.        , 0.        ,
       0.        , 0.        , 0.        , 0.        , 0.        ,
       0.        , 0.        , 0.        , 0.05308986, 0.        ,
       0.        , 0.        , 0.        , 0.        , 0.        ,
       0.        , 0.        , 0.        , 0.        , 0.        ,
       0.        , 0.        , 0.        , 0.09880531, 0.        ,
       0.        , 0.        , 0.        , 0.08207864, 0.        ,
       0.        , 0.        , 0.        , 0.01721181, 0.        ,
       0.        , 0.        , 0.        , 0.        , 0.        ,
       0.        , 0.        , 0.        , 0.        , 0.        ,
       0.        , 0.        , 0.        , 0.        , 0.        ,
       0.        , 0.        , 0.        , 0.        , 0.        ,
       0.        , 0.        , 0.        , 0.        , 0.        ,
       0.        , 0.        , 0.        , 0.        , 0.        ,
       0.        , 0.        , 0.        , 0.        , 0.        ,
       0.        , 0.        , 0.        , 0.        , 0.        ,
       0.        , 0.        ])
[2026-09-19 05:02:23,316][shap][INFO] - np.sum(w_aug) = np.float64(136.99999999999997)
[2026-09-19 05:02:23,316][shap][INFO] - np.sum(self.kernelWeights) = np.float64(0.9999999999999997)
[2026-09-19 05:02:23,319][shap][INFO] - phi = array([-0.01531193,  0.        ,  0.        ,  0.        ,  0.        ,
        0.        ,  0.        ,  0.        ,  0.        ,  0.        ,
        0.        ,  0.        ,  0.        ,  0.        ,  0.        ,
        0.        ,  0.        , -0.01939666,  0.        ,  0.        ,
        0.        ,  0.        ,  0.        ,  0.        ,  0.        ,
        0.        ,  0.        ,  0.        ,  0.        ,  0.        ,
        0.        ,  0.        ,  0.        , -0.0279257 ,  0.        ,
        0.        , -0.01855069,  0.        , -0.02709515,  0.        ,
        0.        ,  0.        ,  0.        , -0.03686425,  0.        ,
        0.        , -0.05347988,  0.        , -0.01412074,  0.        ,
        0.        ,  0.        ,  0.        ,  0.        ,  0.        ,
        0.        ,  0.        ,  0.        ,  0.        ,  0.        ,
        0.        ,  0.        ,  0.        ,  0.        ,  0.        ,
        0.        ,  0.        ,  0.        , -0.02161674,  0.        ,
        0.        ,  0.        ,  0.        ,  0.        ,  0.        ,
        0.        ,  0.        ,  0.        ,  0.        ,  0.        ,
        0.        ,  0.        ,  0.        ,  0.        ,  0.        ,
        0.        ,  0.        ,  0.        , -0.04266704,  0.        ,
        0.        ,  0.        ,  0.        ,  0.        ,  0.        ,
        0.        ,  0.        ,  0.        ,  0.        ,  0.        ,
        0.        ,  0.        ,  0.        ,  0.        ,  0.        ,
        0.        ,  0.        ,  0.        ,  0.        ,  0.        ,
        0.        ,  0.        ,  0.        ,  0.        ,  0.        ,
        0.        ,  0.        ,  0.        ,  0.        ,  0.        ,
        0.        ,  0.        ,  0.        ,  0.        ,  0.        ,
        0.        ,  0.        ,  0.        ,  0.        ,  0.        ,
        0.        ,  0.        ,  0.        ,  0.        ,  0.        ,
        0.        ,  0.        ])
[2026-09-19 05:02:23,319][shap][INFO] - np.sum(w_aug) = np.float64(136.99999999999997)
[2026-09-19 05:02:23,320][shap][INFO] - np.sum(self.kernelWeights) = np.float64(0.9999999999999997)
[2026-09-19 05:02:23,323][shap][INFO] - phi = array([ 0.        ,  0.        ,  0.        ,  0.        ,  0.        ,
        0.        ,  0.        , -0.05417508,  0.        ,  0.        ,
        0.        ,  0.        , -0.0063104 ,  0.        ,  0.        ,
        0.        ,  0.        ,  0.        ,  0.        ,  0.        ,
        0.        ,  0.        ,  0.        ,  0.        ,  0.        ,
        0.        ,  0.        ,  0.        ,  0.        ,  0.        ,
       -0.01531377,  0.        ,  0.        ,  0.        ,  0.        ,
        0.        ,  0.        ,  0.        ,  0.        ,  0.        ,
        0.        , -0.02344117,  0.        ,  0.        ,  0.        ,
        0.        ,  0.        ,  0.        ,  0.        ,  0.        ,
        0.        ,  0.        ,  0.        ,  0.        ,  0.        ,
        0.        ,  0.        ,  0.        ,  0.        ,  0.        ,
        0.        , -0.05282753,  0.        ,  0.        ,  0.        ,
        0.        ,  0.        ,  0.        , -0.01657825,  0.        ,
        0.        ,  0.        ,  0.        ,  0.        ,  0.        ,
        0.        ,  0.        ,  0.        ,  0.        ,  0.        ,
       -0.06923879,  0.        ,  0.        , -0.02487251,  0.        ,
        0.        ,  0.        ,  0.        ,  0.        ,  0.        ,
        0.        ,  0.        ,  0.        , -0.01175525,  0.        ,
        0.        ,  0.        ,  0.        ,  0.        ,  0.        ,
        0.        ,  0.        ,  0.        ,  0.        ,  0.        ,
        0.        , -0.01997532,  0.        ,  0.        ,  0.        ,
        0.        ,  0.        ,  0.        ,  0.        ,  0.        ,
        0.        ,  0.        ,  0.        ,  0.        ,  0.        ,
        0.        ,  0.        ,  0.        ,  0.        ,  0.        ,
        0.        ,  0.        ,  0.        ,  0.        ,  0.        ,
        0.        ,  0.        ,  0.        ,  0.        ,  0.        ,
        0.        ,  0.        ])
[2026-09-19 05:02:23,332][shap][INFO] - num_full_subsets = 0
[2026-09-19 05:02:23,332][shap][INFO] - remaining_weight_vector = array([0.18337037, 0.09236434, 0.06203575, 0.04687664, 0.03778541,
       0.03172821, 0.0274048 , 0.02416509, 0.02164789, 0.01963651,
       0.01799305, 0.01662558, 0.01547045, 0.01448221, 0.01362753,
       0.01288139, 0.01222469, 0.01164256, 0.01112327, 0.01065742,
       0.01023743, 0.00985706, 0.0095112 , 0.00919556, 0.00890656,
       0.00864115, 0.00839676, 0.00817116, 0.00796244, 0.00776896,
       0.00758928, 0.00742213, 0.00726643, 0.00712118, 0.00698554,
       0.00685874, 0.0067401 , 0.00662902, 0.00652495, 0.00642742,
       0.00633597, 0.00625022, 0.00616981, 0.00609442, 0.00602376,
       0.00595757, 0.0058956 , 0.00583763, 0.00578348, 0.00573296,
       0.0056859 , 0.00564217, 0.00560161, 0.00556412, 0.00552957,
       0.00549788, 0.00546894, 0.00544268, 0.00541903, 0.00539792,
       0.00537929, 0.00536309, 0.00534929, 0.00533784, 0.00532871,
       0.00532189, 0.00531735, 0.00531508])
[2026-09-19 05:02:23,332][shap][INFO] - num_paired_subset_sizes = 68
[2026-09-19 05:02:23,335][shap][INFO] - weight_left = np.float64(0.9999999999999998)
[2026-09-19 05:02:23,337][shap][INFO] - np.sum(w_aug) = np.float64(136.99999999999997)
[2026-09-19 05:02:23,337][shap][INFO] - np.sum(self.kernelWeights) = np.float64(0.9999999999999997)
[2026-09-19 05:02:23,340][shap][INFO] - phi = array([ 0.        ,  0.        ,  0.        ,  0.        ,  0.        ,
       -0.02369488,  0.        ,  0.        ,  0.        ,  0.02190853,
        0.        ,  0.        ,  0.        ,  0.        ,  0.        ,
        0.        ,  0.        ,  0.        ,  0.        ,  0.        ,
        0.        ,  0.        ,  0.        ,  0.        ,  0.        ,
        0.        ,  0.        ,  0.        ,  0.        ,  0.        ,
        0.        ,  0.        ,  0.        , -0.01209884,  0.        ,
        0.        ,  0.        ,  0.        ,  0.        ,  0.        ,
        0.        ,  0.        , -0.01730459,  0.        ,  0.        ,
        0.        ,  0.        ,  0.        ,  0.        ,  0.        ,
        0.        ,  0.        , -0.02871045,  0.        ,  0.        ,
       -0.01501278,  0.        ,  0.        ,  0.        ,  0.        ,
        0.        ,  0.        ,  0.        ,  0.        ,  0.        ,
        0.        ,  0.        ,  0.        ,  0.        ,  0.        ,
       -0.01716912,  0.        ,  0.        ,  0.        ,  0.        ,
        0.        ,  0.        ,  0.        ,  0.        ,  0.        ,
       -0.03384317,  0.        ,  0.        ,  0.        , -0.01250508,
        0.        ,  0.        ,  0.        ,  0.        ,  0.        ,
        0.        ,  0.        ,  0.        ,  0.        ,  0.        ,
        0.        , -0.0411532 ,  0.        ,  0.        ,  0.        ,
        0.        ,  0.        ,  0.        ,  0.        ,  0.        ,
        0.        ,  0.        ,  0.        ,  0.        ,  0.        ,
        0.        ,  0.        ,  0.        ,  0.        ,  0.        ,
        0.        ,  0.        ,  0.        ,  0.        ,  0.        ,
        0.        ,  0.        ,  0.        ,  0.        ,  0.        ,
        0.        ,  0.        ,  0.        ,  0.        ,  0.        ,
        0.        ,  0.        ,  0.        ,  0.        ,  0.        ,
        0.        ,  0.        ])
[2026-09-19 05:02:23,341][shap][INFO] - np.sum(w_aug) = np.float64(136.99999999999997)
[2026-09-19 05:02:23,341][shap][INFO] - np.sum(self.kernelWeights) = np.float64(0.9999999999999997)
[2026-09-19 05:02:23,344][shap][INFO] - phi = array([ 0.        ,  0.        , -0.02037333,  0.        ,  0.        ,
        0.        ,  0.        , -0.01488422,  0.        ,  0.        ,
        0.        ,  0.        , -0.01236015,  0.        ,  0.        ,
        0.        ,  0.        ,  0.        ,  0.00087003,  0.        ,
        0.        ,  0.        ,  0.        ,  0.        ,  0.        ,
        0.        ,  0.        ,  0.        ,  0.        ,  0.        ,
        0.        ,  0.        ,  0.        ,  0.        ,  0.        ,
        0.        ,  0.        ,  0.        ,  0.        ,  0.        ,
        0.        , -0.05325779,  0.        ,  0.        ,  0.        ,
        0.        ,  0.        ,  0.        ,  0.        ,  0.        ,
        0.        ,  0.        ,  0.        ,  0.        ,  0.        ,
        0.        ,  0.        ,  0.        ,  0.        ,  0.        ,
        0.        ,  0.        ,  0.        ,  0.        ,  0.        ,
        0.        ,  0.        ,  0.        ,  0.        ,  0.        ,
        0.        ,  0.        ,  0.        , -0.01405258,  0.        ,
        0.        , -0.00962891,  0.        ,  0.        ,  0.        ,
        0.        ,  0.        ,  0.        ,  0.        ,  0.        ,
        0.        ,  0.        ,  0.        ,  0.        ,  0.        ,
        0.        ,  0.        ,  0.        ,  0.        ,  0.        ,
        0.        ,  0.        ,  0.        ,  0.        ,  0.        ,
        0.        ,  0.        ,  0.        ,  0.        ,  0.        ,
        0.        ,  0.        ,  0.        ,  0.        ,  0.        ,
        0.        ,  0.        ,  0.        ,  0.        ,  0.        ,
        0.        ,  0.        ,  0.        , -0.03673373,  0.        ,
        0.        ,  0.        ,  0.        ,  0.        ,  0.        ,
        0.        ,  0.        ,  0.        ,  0.        ,  0.        ,
        0.        ,  0.        , -0.02349715, -0.00069021,  0.        ,
        0.        ,  0.        ])
[2026-09-19 05:02:23,344][shap][INFO] - np.sum(w_aug) = np.float64(136.99999999999997)
[2026-09-19 05:02:23,344][shap][INFO] - np.sum(self.kernelWeights) = np.float64(0.9999999999999997)
[2026-09-19 05:02:23,348][shap][INFO] - phi = array([ 0.        ,  0.        ,  0.        ,  0.        ,  0.        ,
        0.        ,  0.        ,  0.        ,  0.        ,  0.        ,
        0.        ,  0.        , -0.0186619 ,  0.        ,  0.        ,
        0.        ,  0.        ,  0.        , -0.01249004,  0.        ,
        0.        ,  0.        , -0.00493817,  0.        ,  0.        ,
        0.        ,  0.        ,  0.        ,  0.        ,  0.        ,
       -0.00898279,  0.        ,  0.        ,  0.        ,  0.        ,
        0.        ,  0.        ,  0.        , -0.06536144,  0.        ,
        0.        ,  0.        ,  0.        ,  0.        ,  0.        ,
        0.        ,  0.        ,  0.        ,  0.        ,  0.        ,
        0.        ,  0.        ,  0.        ,  0.        ,  0.        ,
        0.        , -0.02972128,  0.        ,  0.        ,  0.        ,
        0.        ,  0.        ,  0.        ,  0.        ,  0.        ,
        0.        ,  0.        ,  0.        ,  0.        ,  0.        ,
        0.        ,  0.        ,  0.        ,  0.        ,  0.        ,
        0.        ,  0.        , -0.05798634,  0.        ,  0.        ,
        0.        ,  0.        ,  0.        ,  0.        ,  0.        ,
        0.        ,  0.        ,  0.        ,  0.        ,  0.        ,
        0.        ,  0.        ,  0.        ,  0.        ,  0.        ,
        0.        ,  0.        ,  0.01534376,  0.        ,  0.        ,
        0.        ,  0.        ,  0.        ,  0.        ,  0.        ,
        0.        , -0.01019641,  0.        ,  0.        ,  0.        ,
        0.        ,  0.        ,  0.        ,  0.        ,  0.        ,
        0.        ,  0.        ,  0.        , -0.06155425,  0.        ,
        0.        ,  0.        ,  0.        ,  0.        ,  0.        ,
        0.        ,  0.        ,  0.        ,  0.        ,  0.        ,
        0.        ,  0.        ,  0.        ,  0.        ,  0.        ,
        0.        ,  0.        ])
[2026-09-19 05:02:23,348][shap][INFO] - np.sum(w_aug) = np.float64(136.99999999999997)
[2026-09-19 05:02:23,348][shap][INFO] - np.sum(self.kernelWeights) = np.float64(0.9999999999999997)
[2026-09-19 05:02:23,351][shap][INFO] - phi = array([ 0.        ,  0.        ,  0.        ,  0.        ,  0.14560893,
        0.        ,  0.        ,  0.        ,  0.        ,  0.08895186,
        0.        ,  0.        ,  0.07636807,  0.        ,  0.        ,
        0.        ,  0.        ,  0.        , -0.00739579,  0.        ,
        0.        ,  0.        ,  0.        ,  0.        ,  0.        ,
        0.        ,  0.        ,  0.        ,  0.        ,  0.        ,
        0.01383585,  0.        ,  0.        ,  0.        ,  0.        ,
        0.        ,  0.        ,  0.        ,  0.09580705,  0.        ,
        0.        ,  0.        ,  0.        ,  0.        ,  0.        ,
        0.        ,  0.        ,  0.        ,  0.        ,  0.        ,
        0.        ,  0.        ,  0.        ,  0.        ,  0.        ,
        0.03236839,  0.        ,  0.        ,  0.        ,  0.        ,
        0.        ,  0.        ,  0.        ,  0.        ,  0.        ,
        0.        ,  0.        ,  0.        ,  0.        ,  0.        ,
        0.        ,  0.        ,  0.        ,  0.        ,  0.        ,
        0.        ,  0.        ,  0.        ,  0.        ,  0.        ,
        0.        ,  0.        ,  0.        ,  0.        ,  0.        ,
        0.        ,  0.        ,  0.        ,  0.        ,  0.        ,
        0.        ,  0.        ,  0.        ,  0.        ,  0.        ,
        0.        ,  0.        ,  0.        ,  0.        ,  0.        ,
        0.        ,  0.        ,  0.        ,  0.        ,  0.        ,
        0.        ,  0.03004311,  0.        ,  0.        ,  0.        ,
        0.        ,  0.        ,  0.        ,  0.        ,  0.        ,
        0.        ,  0.        ,  0.        ,  0.11672385,  0.        ,
        0.        ,  0.        ,  0.        ,  0.        ,  0.        ,
        0.        ,  0.        ,  0.        ,  0.        ,  0.0264291 ,
        0.        ,  0.        ,  0.        ,  0.        ,  0.        ,
        0.        ,  0.        ])
[2026-09-19 05:02:23,360][shap][INFO] - num_full_subsets = 0
[2026-09-19 05:02:23,361][shap][INFO] - remaining_weight_vector = array([0.18337037, 0.09236434, 0.06203575, 0.04687664, 0.03778541,
       0.03172821, 0.0274048 , 0.02416509, 0.02164789, 0.01963651,
       0.01799305, 0.01662558, 0.01547045, 0.01448221, 0.01362753,
       0.01288139, 0.01222469, 0.01164256, 0.01112327, 0.01065742,
       0.01023743, 0.00985706, 0.0095112 , 0.00919556, 0.00890656,
       0.00864115, 0.00839676, 0.00817116, 0.00796244, 0.00776896,
       0.00758928, 0.00742213, 0.00726643, 0.00712118, 0.00698554,
       0.00685874, 0.0067401 , 0.00662902, 0.00652495, 0.00642742,
       0.00633597, 0.00625022, 0.00616981, 0.00609442, 0.00602376,
       0.00595757, 0.0058956 , 0.00583763, 0.00578348, 0.00573296,
       0.0056859 , 0.00564217, 0.00560161, 0.00556412, 0.00552957,
       0.00549788, 0.00546894, 0.00544268, 0.00541903, 0.00539792,
       0.00537929, 0.00536309, 0.00534929, 0.00533784, 0.00532871,
       0.00532189, 0.00531735, 0.00531508])
[2026-09-19 05:02:23,361][shap][INFO] - num_paired_subset_sizes = 68
[2026-09-19 05:02:23,364][shap][INFO] - weight_left = np.float64(0.9999999999999998)
[2026-09-19 05:02:23,366][shap][INFO] - np.sum(w_aug) = np.float64(136.99999999999997)
[2026-09-19 05:02:23,366][shap][INFO] - np.sum(self.kernelWeights) = np.float64(0.9999999999999997)
[2026-09-19 05:02:23,369][shap][INFO] - phi = array([ 0.        ,  0.        ,  0.        ,  0.        ,  0.        ,
        0.        ,  0.        ,  0.        ,  0.        ,  0.        ,
        0.        ,  0.        , -0.02256326,  0.        ,  0.        ,
        0.        ,  0.        , -0.01713632,  0.        ,  0.        ,
        0.        ,  0.        ,  0.        ,  0.        , -0.00312927,
        0.        ,  0.        ,  0.        ,  0.        ,  0.        ,
        0.        ,  0.        ,  0.        ,  0.        ,  0.        ,
        0.        ,  0.        ,  0.        , -0.02685399,  0.        ,
       -0.02080012, -0.02397272,  0.        ,  0.        ,  0.        ,
        0.        ,  0.        ,  0.        ,  0.        ,  0.        ,
        0.        ,  0.        ,  0.        ,  0.        ,  0.        ,
        0.        ,  0.        ,  0.        , -0.02196534,  0.        ,
        0.        ,  0.        , -0.04336555,  0.        ,  0.        ,
        0.        ,  0.        ,  0.        ,  0.        ,  0.        ,
        0.        ,  0.        ,  0.        ,  0.        ,  0.        ,
       -0.01878526,  0.        ,  0.        ,  0.        ,  0.        ,
        0.        ,  0.        ,  0.        ,  0.        ,  0.        ,
        0.        ,  0.        ,  0.        ,  0.        ,  0.        ,
        0.        ,  0.        ,  0.        , -0.0033031 ,  0.        ,
        0.        ,  0.        ,  0.        ,  0.        ,  0.        ,
        0.        ,  0.        ,  0.        ,  0.        ,  0.        ,
        0.        ,  0.        ,  0.        ,  0.        ,  0.        ,
        0.        ,  0.        ,  0.        ,  0.        ,  0.        ,
        0.        ,  0.        ,  0.        ,  0.        ,  0.        ,
        0.        ,  0.        ,  0.        ,  0.        ,  0.        ,
        0.        ,  0.        ,  0.        ,  0.        ,  0.        ,
        0.        ,  0.        ,  0.        ,  0.        ,  0.        ,
        0.        ,  0.        ])
[2026-09-19 05:02:23,370][shap][INFO] - np.sum(w_aug) = np.float64(136.99999999999997)
[2026-09-19 05:02:23,370][shap][INFO] - np.sum(self.kernelWeights) = np.float64(0.9999999999999997)
[2026-09-19 05:02:23,373][shap][INFO] - phi = array([0.        , 0.        , 0.        , 0.        , 0.        ,
       0.        , 0.03744703, 0.        , 0.        , 0.        ,
       0.        , 0.        , 0.02397023, 0.        , 0.        ,
       0.        , 0.        , 0.        , 0.        , 0.        ,
       0.        , 0.        , 0.        , 0.        , 0.        ,
       0.        , 0.        , 0.        , 0.        , 0.        ,
       0.        , 0.        , 0.        , 0.        , 0.        ,
       0.08061243, 0.        , 0.        , 0.        , 0.        ,
       0.07009912, 0.        , 0.        , 0.        , 0.        ,
       0.        , 0.10508583, 0.        , 0.        , 0.        ,
       0.        , 0.        , 0.        , 0.        , 0.        ,
       0.        , 0.        , 0.        , 0.        , 0.        ,
       0.        , 0.        , 0.        , 0.        , 0.        ,
       0.        , 0.        , 0.        , 0.        , 0.        ,
       0.        , 0.        , 0.        , 0.        , 0.        ,
       0.00130184, 0.        , 0.        , 0.        , 0.        ,
       0.        , 0.        , 0.        , 0.        , 0.        ,
       0.        , 0.        , 0.        , 0.        , 0.08069222,
       0.        , 0.        , 0.        , 0.        , 0.        ,
       0.        , 0.        , 0.        , 0.17213575, 0.        ,
       0.        , 0.        , 0.        , 0.        , 0.15146088,
       0.        , 0.        , 0.        , 0.        , 0.        ,
       0.        , 0.        , 0.        , 0.        , 0.        ,
       0.        , 0.        , 0.        , 0.        , 0.        ,
       0.        , 0.        , 0.        , 0.        , 0.        ,
       0.        , 0.        , 0.        , 0.        , 0.        ,
       0.        , 0.        , 0.        , 0.03743058, 0.        ,
       0.        , 0.        ])
[2026-09-19 05:02:23,373][shap][INFO] - np.sum(w_aug) = np.float64(136.99999999999997)
[2026-09-19 05:02:23,373][shap][INFO] - np.sum(self.kernelWeights) = np.float64(0.9999999999999997)
[2026-09-19 05:02:23,376][shap][INFO] - phi = array([ 0.        ,  0.        ,  0.        ,  0.        ,  0.        ,
        0.        , -0.02896008,  0.        ,  0.        ,  0.        ,
        0.        ,  0.        ,  0.        ,  0.        , -0.01469406,
       -0.00389415,  0.        ,  0.        ,  0.        ,  0.        ,
        0.        ,  0.        ,  0.        ,  0.        ,  0.        ,
        0.        ,  0.        ,  0.        ,  0.        ,  0.        ,
        0.        ,  0.        ,  0.        ,  0.        ,  0.        ,
       -0.0150848 ,  0.        , -0.01575887,  0.        ,  0.        ,
        0.        ,  0.        ,  0.        ,  0.        ,  0.        ,
        0.        , -0.03162482,  0.        ,  0.        ,  0.        ,
        0.        ,  0.        ,  0.        ,  0.        ,  0.        ,
        0.        ,  0.        ,  0.        ,  0.        ,  0.        ,
        0.        ,  0.        ,  0.        ,  0.        ,  0.        ,
        0.        ,  0.        ,  0.        ,  0.        , -0.01928731,
        0.        ,  0.        ,  0.        ,  0.        ,  0.        ,
        0.        ,  0.        ,  0.        ,  0.        ,  0.        ,
        0.        ,  0.        ,  0.        ,  0.        ,  0.        ,
        0.        ,  0.        ,  0.        ,  0.        ,  0.        ,
        0.        ,  0.        ,  0.        ,  0.        ,  0.        ,
       -0.05338498,  0.        ,  0.        ,  0.        ,  0.        ,
        0.        ,  0.        ,  0.        ,  0.        , -0.03385254,
        0.        ,  0.        ,  0.        ,  0.        ,  0.        ,
        0.        ,  0.        ,  0.        ,  0.        ,  0.        ,
        0.        ,  0.        ,  0.        ,  0.        ,  0.        ,
        0.        ,  0.        ,  0.        ,  0.        ,  0.        ,
        0.        ,  0.        ,  0.        ,  0.        ,  0.        ,
        0.        ,  0.        ,  0.        , -0.04890506,  0.        ,
        0.        ,  0.        ])
[2026-09-19 05:02:23,377][shap][INFO] - np.sum(w_aug) = np.float64(136.99999999999997)
[2026-09-19 05:02:23,377][shap][INFO] - np.sum(self.kernelWeights) = np.float64(0.9999999999999997)
[2026-09-19 05:02:23,380][shap][INFO] - phi = array([ 0.        ,  0.        , -0.03487878,  0.        ,  0.        ,
        0.        , -0.00136872, -0.08074348,  0.        ,  0.        ,
        0.        ,  0.        , -0.02426923,  0.        ,  0.        ,
        0.        ,  0.        ,  0.        ,  0.        ,  0.        ,
        0.        ,  0.        , -0.02141791,  0.        ,  0.        ,
        0.        ,  0.        ,  0.        ,  0.        ,  0.        ,
        0.        ,  0.        ,  0.        ,  0.        ,  0.        ,
        0.        ,  0.        ,  0.        ,  0.        ,  0.        ,
        0.        ,  0.        ,  0.        ,  0.        ,  0.        ,
        0.        ,  0.        ,  0.        ,  0.        ,  0.        ,
        0.        ,  0.        ,  0.        ,  0.        ,  0.        ,
        0.        ,  0.        ,  0.        ,  0.        ,  0.        ,
        0.        ,  0.        ,  0.        ,  0.        ,  0.        ,
        0.        ,  0.        ,  0.        ,  0.        ,  0.        ,
        0.        ,  0.        ,  0.        ,  0.        ,  0.        ,
       -0.01262096,  0.        ,  0.        ,  0.        ,  0.        ,
        0.        ,  0.        ,  0.        ,  0.        ,  0.        ,
        0.        ,  0.        ,  0.        ,  0.        , -0.01866592,
        0.        ,  0.        ,  0.        ,  0.        ,  0.        ,
        0.        ,  0.        ,  0.        , -0.08359268,  0.        ,
        0.        ,  0.        ,  0.        ,  0.        ,  0.        ,
        0.        ,  0.        ,  0.        ,  0.        ,  0.        ,
        0.        ,  0.        ,  0.        ,  0.        ,  0.        ,
        0.        ,  0.        ,  0.        ,  0.        ,  0.        ,
        0.        ,  0.        ,  0.        ,  0.        ,  0.        ,
        0.        ,  0.        ,  0.        , -0.01169638,  0.        ,
        0.        ,  0.        ,  0.        , -0.00366021,  0.        ,
        0.        ,  0.        ])
[2026-09-19 05:02:23,389][shap][INFO] - num_full_subsets = 0
[2026-09-19 05:02:23,389][shap][INFO] - remaining_weight_vector = array([0.18337037, 0.09236434, 0.06203575, 0.04687664, 0.03778541,
       0.03172821, 0.0274048 , 0.02416509, 0.02164789, 0.01963651,
       0.01799305, 0.01662558, 0.01547045, 0.01448221, 0.01362753,
       0.01288139, 0.01222469, 0.01164256, 0.01112327, 0.01065742,
       0.01023743, 0.00985706, 0.0095112 , 0.00919556, 0.00890656,
       0.00864115, 0.00839676, 0.00817116, 0.00796244, 0.00776896,
       0.00758928, 0.00742213, 0.00726643, 0.00712118, 0.00698554,
       0.00685874, 0.0067401 , 0.00662902, 0.00652495, 0.00642742,
       0.00633597, 0.00625022, 0.00616981, 0.00609442, 0.00602376,
       0.00595757, 0.0058956 , 0.00583763, 0.00578348, 0.00573296,
       0.0056859 , 0.00564217, 0.00560161, 0.00556412, 0.00552957,
       0.00549788, 0.00546894, 0.00544268, 0.00541903, 0.00539792,
       0.00537929, 0.00536309, 0.00534929, 0.00533784, 0.00532871,
       0.00532189, 0.00531735, 0.00531508])
[2026-09-19 05:02:23,389][shap][INFO] - num_paired_subset_sizes = 68
[2026-09-19 05:02:23,392][shap][INFO] - weight_left = np.float64(0.9999999999999998)
[2026-09-19 05:02:23,394][shap][INFO] - np.sum(w_aug) = np.float64(136.99999999999997)
[2026-09-19 05:02:23,394][shap][INFO] - np.sum(self.kernelWeights) = np.float64(0.9999999999999997)
[2026-09-19 05:02:23,397][shap][INFO] - phi = array([ 0.        ,  0.        ,  0.        ,  0.        ,  0.        ,
        0.        , -0.02026123,  0.        ,  0.        ,  0.        ,
        0.        ,  0.        , -0.02122551,  0.        ,  0.        ,
        0.        ,  0.        , -0.01628894,  0.        ,  0.        ,
        0.        ,  0.        ,  0.        ,  0.        ,  0.        ,
        0.        , -0.00977333,  0.        ,  0.        ,  0.        ,
        0.        ,  0.        ,  0.        ,  0.        ,  0.        ,
        0.        ,  0.        ,  0.        ,  0.        ,  0.        ,
        0.        , -0.02595168,  0.        ,  0.        ,  0.        ,
        0.        ,  0.        , -0.00377685, -0.0115119 , -0.06052241,
        0.        ,  0.        ,  0.        ,  0.        ,  0.        ,
        0.        ,  0.        ,  0.        ,  0.        ,  0.        ,
        0.        ,  0.        , -0.01232559, -0.01460468,  0.        ,
        0.        ,  0.        ,  0.        ,  0.        ,  0.        ,
        0.        ,  0.        ,  0.        ,  0.        ,  0.        ,
        0.        ,  0.        ,  0.        ,  0.        ,  0.        ,
        0.        ,  0.        ,  0.        ,  0.        ,  0.        ,
        0.        ,  0.        ,  0.        ,  0.        ,  0.        ,
        0.        ,  0.        ,  0.        ,  0.        ,  0.        ,
        0.        ,  0.        ,  0.        ,  0.        ,  0.        ,
        0.        ,  0.        ,  0.        ,  0.        ,  0.        ,
        0.        ,  0.        ,  0.        ,  0.        ,  0.        ,
        0.        ,  0.        ,  0.        ,  0.        ,  0.        ,
        0.        ,  0.        ,  0.        ,  0.        ,  0.        ,
        0.        ,  0.        ,  0.        ,  0.        ,  0.        ,
        0.        ,  0.        ,  0.        ,  0.        ,  0.        ,
        0.        ,  0.        ,  0.        ,  0.        ,  0.        ,
        0.        ,  0.        ])
[2026-09-19 05:02:23,398][shap][INFO] - np.sum(w_aug) = np.float64(136.99999999999997)
[2026-09-19 05:02:23,398][shap][INFO] - np.sum(self.kernelWeights) = np.float64(0.9999999999999997)
[2026-09-19 05:02:23,401][shap][INFO] - phi = array([ 0.        , -0.00352066,  0.        ,  0.        ,  0.        ,
        0.        ,  0.        ,  0.        ,  0.        ,  0.        ,
        0.        ,  0.        ,  0.10445838,  0.        ,  0.        ,
        0.        ,  0.        ,  0.        ,  0.        ,  0.        ,
        0.        ,  0.        ,  0.        ,  0.        ,  0.        ,
        0.        ,  0.        ,  0.        ,  0.        ,  0.        ,
        0.        ,  0.        ,  0.        ,  0.        ,  0.        ,
        0.        ,  0.        ,  0.        ,  0.        ,  0.        ,
        0.        ,  0.11334467,  0.        ,  0.        ,  0.        ,
        0.        ,  0.        ,  0.01079078,  0.10609522,  0.21420066,
        0.        ,  0.        ,  0.        ,  0.        ,  0.        ,
        0.        ,  0.        ,  0.        ,  0.        ,  0.        ,
        0.        ,  0.        ,  0.        ,  0.        ,  0.        ,
        0.        ,  0.        ,  0.        ,  0.        ,  0.        ,
        0.        ,  0.        ,  0.        ,  0.        ,  0.        ,
        0.        ,  0.        ,  0.        ,  0.        ,  0.        ,
        0.        ,  0.        ,  0.        ,  0.        ,  0.        ,
        0.        ,  0.        ,  0.        ,  0.        ,  0.        ,
        0.        ,  0.        ,  0.        ,  0.        ,  0.        ,
        0.        ,  0.        ,  0.        ,  0.        ,  0.        ,
        0.04117949,  0.        ,  0.        ,  0.        ,  0.        ,
        0.        ,  0.        ,  0.        ,  0.        ,  0.        ,
        0.        ,  0.        ,  0.        ,  0.        ,  0.        ,
        0.        ,  0.        ,  0.02254013,  0.        ,  0.        ,
        0.        ,  0.        ,  0.        ,  0.        ,  0.        ,
        0.        ,  0.        ,  0.14411847,  0.        ,  0.        ,
        0.        ,  0.        ,  0.        ,  0.        ,  0.        ,
        0.        ,  0.        ])
[2026-09-19 05:02:23,401][shap][INFO] - np.sum(w_aug) = np.float64(136.99999999999997)
[2026-09-19 05:02:23,401][shap][INFO] - np.sum(self.kernelWeights) = np.float64(0.9999999999999997)
[2026-09-19 05:02:23,404][shap][INFO] - phi = array([ 0.        ,  0.        ,  0.        ,  0.        ,  0.        ,
        0.        , -0.02548557,  0.        ,  0.        ,  0.        ,
       -0.01991011,  0.        , -0.01534841,  0.        ,  0.        ,
        0.        , -0.03278688,  0.        ,  0.        ,  0.        ,
        0.        ,  0.        ,  0.        ,  0.        ,  0.        ,
        0.        ,  0.        ,  0.        ,  0.        ,  0.        ,
        0.        ,  0.        ,  0.        ,  0.        ,  0.        ,
        0.        ,  0.        ,  0.        , -0.02421156,  0.        ,
        0.        ,  0.        ,  0.        ,  0.        ,  0.        ,
        0.        ,  0.        , -0.02325752,  0.        ,  0.        ,
        0.        ,  0.        ,  0.        ,  0.        ,  0.        ,
        0.        , -0.02175835,  0.        ,  0.        ,  0.        ,
        0.        ,  0.        ,  0.        ,  0.        ,  0.        ,
        0.        ,  0.        ,  0.        ,  0.        ,  0.        ,
        0.        ,  0.        ,  0.        , -0.03470896,  0.        ,
        0.        ,  0.        ,  0.        ,  0.        ,  0.        ,
       -0.04178251,  0.        ,  0.        ,  0.        ,  0.        ,
        0.        ,  0.        ,  0.        ,  0.        ,  0.        ,
        0.        ,  0.        ,  0.        ,  0.        ,  0.        ,
        0.        ,  0.        ,  0.        ,  0.        ,  0.        ,
        0.        ,  0.        ,  0.        ,  0.        ,  0.        ,
        0.        ,  0.        ,  0.        ,  0.        ,  0.        ,
        0.        ,  0.        ,  0.        ,  0.        ,  0.        ,
        0.        ,  0.        ,  0.        ,  0.        ,  0.        ,
        0.        ,  0.        ,  0.        ,  0.        ,  0.        ,
        0.        ,  0.        , -0.02677968,  0.        ,  0.        ,
        0.        ,  0.        ,  0.        ,  0.        ,  0.        ,
        0.        ,  0.        ])
[2026-09-19 05:02:23,405][shap][INFO] - np.sum(w_aug) = np.float64(136.99999999999997)
[2026-09-19 05:02:23,405][shap][INFO] - np.sum(self.kernelWeights) = np.float64(0.9999999999999997)
[2026-09-19 05:02:23,408][shap][INFO] - phi = array([ 0.        , -0.01252351,  0.        ,  0.        ,  0.        ,
        0.        ,  0.        ,  0.        ,  0.        ,  0.        ,
        0.        ,  0.        , -0.03772377,  0.        ,  0.        ,
       -0.0167391 ,  0.        ,  0.        ,  0.        ,  0.        ,
        0.        ,  0.        ,  0.        ,  0.        ,  0.        ,
        0.        ,  0.        ,  0.        ,  0.        ,  0.        ,
        0.        ,  0.        ,  0.        ,  0.        ,  0.        ,
        0.        ,  0.        ,  0.        ,  0.        ,  0.        ,
        0.        , -0.02910784,  0.        ,  0.        ,  0.        ,
        0.        ,  0.        , -0.02890099,  0.        , -0.09153715,
        0.        ,  0.        ,  0.        ,  0.        ,  0.        ,
        0.        ,  0.        ,  0.        ,  0.        ,  0.        ,
        0.        ,  0.        , -0.00614487,  0.        ,  0.        ,
        0.        ,  0.        ,  0.        ,  0.        ,  0.        ,
        0.        ,  0.        ,  0.        ,  0.        ,  0.        ,
        0.        ,  0.        ,  0.        ,  0.        ,  0.        ,
        0.        ,  0.        ,  0.        ,  0.        ,  0.        ,
        0.        ,  0.        ,  0.        ,  0.        ,  0.        ,
        0.        ,  0.        ,  0.        ,  0.        , -0.03345437,
        0.        ,  0.        ,  0.        ,  0.        ,  0.        ,
       -0.01671098,  0.        ,  0.        ,  0.        ,  0.        ,
        0.        ,  0.        ,  0.        ,  0.        ,  0.        ,
        0.        ,  0.        ,  0.        ,  0.        ,  0.        ,
        0.        ,  0.        , -0.0180929 ,  0.        ,  0.        ,
        0.        ,  0.        ,  0.        ,  0.        ,  0.        ,
        0.        ,  0.        ,  0.        ,  0.        ,  0.        ,
        0.        ,  0.        ,  0.        ,  0.        ,  0.        ,
        0.        ,  0.        ])
[2026-09-19 05:02:23,417][shap][INFO] - num_full_subsets = 0
[2026-09-19 05:02:23,417][shap][INFO] - remaining_weight_vector = array([0.18337037, 0.09236434, 0.06203575, 0.04687664, 0.03778541,
       0.03172821, 0.0274048 , 0.02416509, 0.02164789, 0.01963651,
       0.01799305, 0.01662558, 0.01547045, 0.01448221, 0.01362753,
       0.01288139, 0.01222469, 0.01164256, 0.01112327, 0.01065742,
       0.01023743, 0.00985706, 0.0095112 , 0.00919556, 0.00890656,
       0.00864115, 0.00839676, 0.00817116, 0.00796244, 0.00776896,
       0.00758928, 0.00742213, 0.00726643, 0.00712118, 0.00698554,
       0.00685874, 0.0067401 , 0.00662902, 0.00652495, 0.00642742,
       0.00633597, 0.00625022, 0.00616981, 0.00609442, 0.00602376,
       0.00595757, 0.0058956 , 0.00583763, 0.00578348, 0.00573296,
       0.0056859 , 0.00564217, 0.00560161, 0.00556412, 0.00552957,
       0.00549788, 0.00546894, 0.00544268, 0.00541903, 0.00539792,
       0.00537929, 0.00536309, 0.00534929, 0.00533784, 0.00532871,
       0.00532189, 0.00531735, 0.00531508])
[2026-09-19 05:02:23,417][shap][INFO] - num_paired_subset_sizes = 68
[2026-09-19 05:02:23,420][shap][INFO] - weight_left = np.float64(0.9999999999999998)
[2026-09-19 05:02:23,422][shap][INFO] - np.sum(w_aug) = np.float64(136.99999999999997)
[2026-09-19 05:02:23,422][shap][INFO] - np.sum(self.kernelWeights) = np.float64(0.9999999999999997)
[2026-09-19 05:02:23,426][shap][INFO] - phi = array([0.        , 0.        , 0.        , 0.        , 0.09972319,
       0.        , 0.        , 0.        , 0.        , 0.        ,
       0.        , 0.        , 0.        , 0.        , 0.        ,
       0.        , 0.        , 0.        , 0.02016596, 0.        ,
       0.        , 0.        , 0.        , 0.        , 0.        ,
       0.04997088, 0.        , 0.        , 0.        , 0.        ,
       0.        , 0.        , 0.        , 0.        , 0.        ,
       0.        , 0.        , 0.        , 0.        , 0.        ,
       0.        , 0.06138958, 0.        , 0.        , 0.        ,
       0.        , 0.        , 0.        , 0.        , 0.        ,
       0.        , 0.        , 0.1263616 , 0.        , 0.        ,
       0.        , 0.        , 0.        , 0.        , 0.        ,
       0.09225327, 0.        , 0.        , 0.        , 0.        ,
       0.        , 0.        , 0.        , 0.        , 0.        ,
       0.        , 0.        , 0.        , 0.        , 0.00192558,
       0.        , 0.        , 0.        , 0.        , 0.        ,
       0.        , 0.        , 0.        , 0.        , 0.        ,
       0.        , 0.        , 0.        , 0.        , 0.        ,
       0.        , 0.        , 0.        , 0.        , 0.        ,
       0.08090411, 0.        , 0.        , 0.        , 0.        ,
       0.        , 0.        , 0.        , 0.        , 0.        ,
       0.        , 0.        , 0.        , 0.        , 0.        ,
       0.        , 0.        , 0.        , 0.        , 0.        ,
       0.        , 0.        , 0.        , 0.        , 0.        ,
       0.        , 0.        , 0.        , 0.        , 0.0748291 ,
       0.        , 0.        , 0.07054874, 0.        , 0.        ,
       0.        , 0.        , 0.        , 0.        , 0.        ,
       0.        , 0.        ])
[2026-09-19 05:02:23,427][shap][INFO] - np.sum(w_aug) = np.float64(136.99999999999997)
[2026-09-19 05:02:23,427][shap][INFO] - np.sum(self.kernelWeights) = np.float64(0.9999999999999997)
[2026-09-19 05:02:23,430][shap][INFO] - phi = array([ 0.        ,  0.        ,  0.        ,  0.        ,  0.        ,
        0.        ,  0.        , -0.01628657,  0.        ,  0.        ,
        0.        ,  0.        ,  0.        ,  0.        ,  0.        ,
        0.        ,  0.        ,  0.        , -0.02735422,  0.        ,
        0.        ,  0.        ,  0.        ,  0.        ,  0.        ,
        0.        ,  0.        ,  0.        ,  0.        , -0.01786389,
        0.        ,  0.        ,  0.        ,  0.        ,  0.        ,
        0.        ,  0.        ,  0.        ,  0.        ,  0.        ,
        0.        ,  0.        ,  0.        ,  0.        ,  0.        ,
        0.        ,  0.        ,  0.        , -0.01229145,  0.        ,
        0.        ,  0.        ,  0.        ,  0.        ,  0.        ,
        0.        ,  0.        , -0.01179277,  0.        ,  0.        ,
        0.        ,  0.        , -0.00714321,  0.        ,  0.        ,
        0.        ,  0.        ,  0.        ,  0.        ,  0.        ,
        0.        ,  0.        ,  0.        ,  0.        ,  0.        ,
        0.        ,  0.        ,  0.        ,  0.        ,  0.        ,
        0.        ,  0.        ,  0.        ,  0.        , -0.02498102,
        0.        ,  0.        ,  0.        ,  0.        ,  0.        ,
        0.        ,  0.        ,  0.        ,  0.        ,  0.        ,
        0.        ,  0.        ,  0.        ,  0.        ,  0.        ,
       -0.00706009,  0.        ,  0.        ,  0.        ,  0.        ,
        0.        ,  0.        ,  0.        ,  0.        , -0.01024163,
        0.        ,  0.        ,  0.        ,  0.        ,  0.        ,
        0.        ,  0.        ,  0.        ,  0.        ,  0.        ,
        0.        ,  0.        ,  0.        ,  0.        , -0.0184788 ,
        0.        ,  0.        ,  0.        ,  0.        ,  0.        ,
        0.        ,  0.        ,  0.        ,  0.        ,  0.        ,
        0.        ,  0.        ])
[2026-09-19 05:02:23,430][shap][INFO] - np.sum(w_aug) = np.float64(136.99999999999997)
[2026-09-19 05:02:23,430][shap][INFO] - np.sum(self.kernelWeights) = np.float64(0.9999999999999997)
[2026-09-19 05:02:23,433][shap][INFO] - phi = array([ 0.        ,  0.        ,  0.        ,  0.        ,  0.        ,
        0.        ,  0.        ,  0.        ,  0.        ,  0.        ,
        0.        ,  0.        ,  0.        ,  0.        , -0.02043257,
        0.        ,  0.        ,  0.        ,  0.        , -0.0073244 ,
        0.        ,  0.        ,  0.        ,  0.        ,  0.        ,
        0.        ,  0.        ,  0.        ,  0.        ,  0.        ,
        0.        ,  0.        ,  0.        ,  0.        ,  0.        ,
        0.        ,  0.        ,  0.        , -0.0426322 ,  0.        ,
        0.        ,  0.        ,  0.        ,  0.        ,  0.        ,
        0.        , -0.0437836 ,  0.        ,  0.        ,  0.        ,
        0.        ,  0.        , -0.04479615,  0.        ,  0.        ,
        0.        , -0.0187892 ,  0.        ,  0.        ,  0.        ,
       -0.01919962,  0.        ,  0.        ,  0.        ,  0.        ,
        0.        ,  0.        ,  0.        ,  0.        ,  0.        ,
        0.        ,  0.        ,  0.        ,  0.        ,  0.        ,
        0.        ,  0.        ,  0.        ,  0.        ,  0.        ,
        0.        ,  0.        ,  0.        ,  0.        ,  0.        ,
        0.        ,  0.        ,  0.        ,  0.        ,  0.        ,
        0.        ,  0.        ,  0.        ,  0.        ,  0.        ,
       -0.02396716,  0.        ,  0.        ,  0.        ,  0.        ,
        0.        ,  0.        ,  0.        ,  0.        ,  0.        ,
        0.        ,  0.        ,  0.        ,  0.        ,  0.        ,
        0.        ,  0.        ,  0.        ,  0.        ,  0.        ,
        0.        ,  0.        , -0.02146067,  0.        ,  0.        ,
        0.        ,  0.        ,  0.        ,  0.        , -0.01843388,
        0.        ,  0.        ,  0.        ,  0.        ,  0.        ,
        0.        ,  0.        ,  0.        ,  0.        ,  0.        ,
        0.        ,  0.        ])
[2026-09-19 05:02:23,434][shap][INFO] - np.sum(w_aug) = np.float64(136.99999999999997)
[2026-09-19 05:02:23,434][shap][INFO] - np.sum(self.kernelWeights) = np.float64(0.9999999999999997)
[2026-09-19 05:02:23,436][shap][INFO] - phi = array([ 0.        ,  0.        ,  0.        ,  0.        , -0.04315245,
        0.        ,  0.        ,  0.        ,  0.        ,  0.        ,
        0.        ,  0.        ,  0.        ,  0.        ,  0.        ,
        0.        ,  0.        ,  0.        , -0.02905616,  0.        ,
        0.        ,  0.        ,  0.        ,  0.        ,  0.        ,
       -0.04527066,  0.        ,  0.        ,  0.        ,  0.        ,
        0.        ,  0.        ,  0.        ,  0.        ,  0.        ,
        0.        ,  0.        ,  0.        ,  0.        ,  0.        ,
        0.        ,  0.        , -0.01458334,  0.        ,  0.        ,
       -0.04631681,  0.        ,  0.        ,  0.        ,  0.        ,
        0.        ,  0.        ,  0.        ,  0.        , -0.01913044,
        0.        ,  0.        ,  0.        ,  0.        ,  0.        ,
       -0.00416218,  0.        ,  0.        ,  0.        ,  0.        ,
        0.        , -0.03381228,  0.        ,  0.        ,  0.        ,
        0.        ,  0.        ,  0.        ,  0.        ,  0.        ,
        0.        ,  0.        ,  0.        ,  0.        ,  0.        ,
        0.        ,  0.        ,  0.        ,  0.        ,  0.        ,
        0.        ,  0.        ,  0.        ,  0.        ,  0.        ,
        0.        ,  0.        ,  0.        ,  0.        ,  0.        ,
       -0.00714281,  0.        ,  0.        ,  0.        ,  0.        ,
        0.        ,  0.        ,  0.        ,  0.        ,  0.        ,
        0.        ,  0.        ,  0.        ,  0.        ,  0.        ,
        0.        ,  0.        ,  0.        ,  0.        ,  0.        ,
        0.        ,  0.        ,  0.        ,  0.        ,  0.        ,
        0.        ,  0.        ,  0.        ,  0.        , -0.02113175,
        0.        ,  0.        ,  0.        ,  0.        ,  0.        ,
        0.        ,  0.        ,  0.        ,  0.        ,  0.        ,
        0.        ,  0.        ])
[2026-09-19 05:02:23,445][shap][INFO] - num_full_subsets = 0
[2026-09-19 05:02:23,446][shap][INFO] - remaining_weight_vector = array([0.18337037, 0.09236434, 0.06203575, 0.04687664, 0.03778541,
       0.03172821, 0.0274048 , 0.02416509, 0.02164789, 0.01963651,
       0.01799305, 0.01662558, 0.01547045, 0.01448221, 0.01362753,
       0.01288139, 0.01222469, 0.01164256, 0.01112327, 0.01065742,
       0.01023743, 0.00985706, 0.0095112 , 0.00919556, 0.00890656,
       0.00864115, 0.00839676, 0.00817116, 0.00796244, 0.00776896,
       0.00758928, 0.00742213, 0.00726643, 0.00712118, 0.00698554,
       0.00685874, 0.0067401 , 0.00662902, 0.00652495, 0.00642742,
       0.00633597, 0.00625022, 0.00616981, 0.00609442, 0.00602376,
       0.00595757, 0.0058956 , 0.00583763, 0.00578348, 0.00573296,
       0.0056859 , 0.00564217, 0.00560161, 0.00556412, 0.00552957,
       0.00549788, 0.00546894, 0.00544268, 0.00541903, 0.00539792,
       0.00537929, 0.00536309, 0.00534929, 0.00533784, 0.00532871,
       0.00532189, 0.00531735, 0.00531508])
[2026-09-19 05:02:23,446][shap][INFO] - num_paired_subset_sizes = 68
[2026-09-19 05:02:23,449][shap][INFO] - weight_left = np.float64(0.9999999999999998)
[2026-09-19 05:02:23,451][shap][INFO] - np.sum(w_aug) = np.float64(136.99999999999994)
[2026-09-19 05:02:23,451][shap][INFO] - np.sum(self.kernelWeights) = np.float64(0.9999999999999996)
[2026-09-19 05:02:23,454][shap][INFO] - phi = array([-0.04710994,  0.        ,  0.        ,  0.        ,  0.        ,
        0.        ,  0.        ,  0.        ,  0.        ,  0.        ,
        0.        ,  0.        , -0.0168786 ,  0.        ,  0.        ,
        0.        ,  0.        , -0.0261285 ,  0.        ,  0.        ,
        0.        ,  0.        ,  0.        ,  0.        ,  0.        ,
        0.        ,  0.        ,  0.        ,  0.        ,  0.        ,
        0.        ,  0.        ,  0.        ,  0.        ,  0.        ,
        0.        ,  0.        ,  0.        ,  0.        ,  0.        ,
        0.        ,  0.        ,  0.        ,  0.        , -0.04549108,
        0.        ,  0.        ,  0.        ,  0.        ,  0.        ,
        0.        ,  0.        ,  0.        ,  0.        ,  0.        ,
       -0.02339334,  0.        ,  0.        ,  0.        ,  0.        ,
        0.        ,  0.        , -0.02645131,  0.        ,  0.        ,
        0.        ,  0.        ,  0.        ,  0.        ,  0.        ,
        0.        ,  0.        ,  0.        ,  0.        ,  0.        ,
        0.        ,  0.        ,  0.        ,  0.        ,  0.        ,
       -0.01106569,  0.        ,  0.        ,  0.        ,  0.        ,
        0.        ,  0.        ,  0.        ,  0.        ,  0.        ,
        0.        ,  0.        ,  0.        ,  0.        ,  0.        ,
        0.0013133 ,  0.        ,  0.        ,  0.        ,  0.        ,
        0.        ,  0.        ,  0.        ,  0.        ,  0.        ,
        0.        ,  0.        ,  0.        ,  0.        ,  0.        ,
        0.        ,  0.        ,  0.        ,  0.        ,  0.        ,
        0.        ,  0.        ,  0.        ,  0.        ,  0.        ,
        0.        ,  0.        ,  0.        ,  0.        ,  0.        ,
        0.        ,  0.        ,  0.        ,  0.        ,  0.01271152,
       -0.00818776,  0.        ,  0.        ,  0.        ,  0.        ,
        0.        ,  0.        ])
[2026-09-19 05:02:23,454][shap][INFO] - np.sum(w_aug) = np.float64(136.99999999999994)
[2026-09-19 05:02:23,454][shap][INFO] - np.sum(self.kernelWeights) = np.float64(0.9999999999999996)
[2026-09-19 05:02:23,457][shap][INFO] - phi = array([ 0.        ,  0.        ,  0.        ,  0.        ,  0.        ,
        0.        ,  0.        ,  0.        ,  0.        ,  0.        ,
        0.06278708,  0.        ,  0.10622137,  0.        ,  0.05374309,
        0.        ,  0.        ,  0.08391129,  0.04894158,  0.        ,
        0.        ,  0.        ,  0.        ,  0.        ,  0.        ,
        0.        ,  0.        ,  0.        ,  0.        ,  0.        ,
        0.        ,  0.        ,  0.        ,  0.        ,  0.        ,
        0.        ,  0.        ,  0.        ,  0.09396979,  0.01572915,
        0.        ,  0.        ,  0.        ,  0.        ,  0.23651536,
        0.        ,  0.        ,  0.        ,  0.        ,  0.        ,
        0.        ,  0.        ,  0.        ,  0.        ,  0.        ,
        0.        ,  0.        ,  0.        ,  0.        ,  0.        ,
        0.        ,  0.        ,  0.        ,  0.        ,  0.        ,
        0.        ,  0.        ,  0.        ,  0.        ,  0.        ,
        0.        ,  0.        ,  0.        ,  0.        ,  0.        ,
        0.        ,  0.        ,  0.        ,  0.        ,  0.        ,
        0.        ,  0.        ,  0.        ,  0.        ,  0.        ,
        0.        ,  0.        ,  0.        , -0.01891662,  0.        ,
        0.        ,  0.        ,  0.        ,  0.        ,  0.        ,
        0.        ,  0.        ,  0.        ,  0.        ,  0.        ,
        0.        ,  0.        ,  0.        ,  0.        ,  0.        ,
        0.        ,  0.        ,  0.        ,  0.        ,  0.        ,
        0.        ,  0.        ,  0.        ,  0.        ,  0.        ,
        0.        ,  0.        ,  0.        ,  0.04652478,  0.        ,
        0.        ,  0.        ,  0.        ,  0.        ,  0.        ,
        0.        ,  0.        ,  0.        ,  0.        ,  0.        ,
        0.        ,  0.        ,  0.        ,  0.        ,  0.        ,
        0.        ,  0.        ])
[2026-09-19 05:02:23,458][shap][INFO] - np.sum(w_aug) = np.float64(136.99999999999994)
[2026-09-19 05:02:23,458][shap][INFO] - np.sum(self.kernelWeights) = np.float64(0.9999999999999996)
[2026-09-19 05:02:23,461][shap][INFO] - phi = array([ 0.        ,  0.        ,  0.        ,  0.        ,  0.        ,
        0.        , -0.01021591,  0.        ,  0.        ,  0.        ,
        0.        ,  0.        , -0.04037627,  0.        , -0.02960511,
        0.        ,  0.        , -0.03374985,  0.        ,  0.        ,
        0.        ,  0.        , -0.02116746,  0.        ,  0.        ,
        0.        ,  0.        ,  0.        ,  0.        ,  0.        ,
        0.        ,  0.        ,  0.        ,  0.        ,  0.        ,
        0.        ,  0.        , -0.04073338, -0.04445555,  0.        ,
        0.        ,  0.        ,  0.        ,  0.        ,  0.        ,
        0.        ,  0.        ,  0.        ,  0.        ,  0.        ,
        0.        ,  0.        ,  0.        ,  0.        ,  0.        ,
        0.        ,  0.        ,  0.        ,  0.        ,  0.        ,
        0.        ,  0.        ,  0.        , -0.0178841 ,  0.        ,
        0.        ,  0.        ,  0.        ,  0.        ,  0.        ,
        0.        ,  0.        ,  0.        ,  0.        ,  0.        ,
        0.        ,  0.        ,  0.        ,  0.        ,  0.        ,
        0.        ,  0.        ,  0.        ,  0.        ,  0.        ,
        0.        ,  0.        ,  0.        , -0.01091484,  0.        ,
        0.        ,  0.        ,  0.        ,  0.        ,  0.        ,
        0.        ,  0.        ,  0.        ,  0.        ,  0.        ,
        0.        ,  0.        ,  0.        ,  0.        ,  0.        ,
        0.        ,  0.        ,  0.        ,  0.        ,  0.        ,
        0.        ,  0.        ,  0.        ,  0.        ,  0.        ,
        0.        ,  0.        ,  0.        ,  0.        ,  0.        ,
        0.        ,  0.        ,  0.        ,  0.        ,  0.        ,
        0.        , -0.00526005,  0.        ,  0.        ,  0.        ,
        0.        ,  0.        ,  0.        ,  0.        ,  0.        ,
        0.        ,  0.        ])
[2026-09-19 05:02:23,461][shap][INFO] - np.sum(w_aug) = np.float64(136.99999999999994)
[2026-09-19 05:02:23,462][shap][INFO] - np.sum(self.kernelWeights) = np.float64(0.9999999999999996)
[2026-09-19 05:02:23,465][shap][INFO] - phi = array([ 0.        ,  0.        ,  0.        ,  0.        , -0.0218413 ,
        0.        ,  0.        , -0.02408935,  0.        ,  0.        ,
        0.        ,  0.        , -0.04242266,  0.        ,  0.        ,
        0.        ,  0.        ,  0.        , -0.03287851,  0.        ,
        0.        ,  0.        , -0.02073764,  0.        ,  0.        ,
        0.        ,  0.        ,  0.        ,  0.        ,  0.        ,
        0.        ,  0.        ,  0.        ,  0.        ,  0.        ,
        0.        ,  0.        ,  0.        ,  0.        , -0.01411654,
        0.        , -0.01901851,  0.        ,  0.        , -0.09954613,
        0.        ,  0.        ,  0.        ,  0.        ,  0.        ,
        0.        ,  0.        ,  0.        ,  0.        ,  0.        ,
        0.        ,  0.        ,  0.        ,  0.        ,  0.        ,
        0.        ,  0.        ,  0.        ,  0.        ,  0.        ,
        0.        ,  0.        ,  0.        ,  0.        ,  0.        ,
        0.        ,  0.        ,  0.        ,  0.        ,  0.        ,
        0.        ,  0.        ,  0.        ,  0.        ,  0.        ,
        0.        ,  0.        ,  0.        ,  0.        ,  0.        ,
        0.        , -0.00728518,  0.        ,  0.        ,  0.        ,
        0.        ,  0.        ,  0.        ,  0.        ,  0.        ,
        0.        ,  0.        , -0.00244712,  0.        ,  0.        ,
        0.        ,  0.        ,  0.        ,  0.        ,  0.        ,
        0.        ,  0.        ,  0.        ,  0.        ,  0.        ,
        0.        ,  0.        ,  0.        ,  0.        ,  0.        ,
        0.        ,  0.        ,  0.        ,  0.        ,  0.        ,
        0.        ,  0.        ,  0.        ,  0.        ,  0.        ,
        0.        ,  0.        ,  0.        ,  0.        ,  0.        ,
        0.        ,  0.        ,  0.        ,  0.        ,  0.        ,
        0.        ,  0.        ])
[2026-09-19 05:02:23,474][shap][INFO] - num_full_subsets = 0
[2026-09-19 05:02:23,475][shap][INFO] - remaining_weight_vector = array([0.18337037, 0.09236434, 0.06203575, 0.04687664, 0.03778541,
       0.03172821, 0.0274048 , 0.02416509, 0.02164789, 0.01963651,
       0.01799305, 0.01662558, 0.01547045, 0.01448221, 0.01362753,
       0.01288139, 0.01222469, 0.01164256, 0.01112327, 0.01065742,
       0.01023743, 0.00985706, 0.0095112 , 0.00919556, 0.00890656,
       0.00864115, 0.00839676, 0.00817116, 0.00796244, 0.00776896,
       0.00758928, 0.00742213, 0.00726643, 0.00712118, 0.00698554,
       0.00685874, 0.0067401 , 0.00662902, 0.00652495, 0.00642742,
       0.00633597, 0.00625022, 0.00616981, 0.00609442, 0.00602376,
       0.00595757, 0.0058956 , 0.00583763, 0.00578348, 0.00573296,
       0.0056859 , 0.00564217, 0.00560161, 0.00556412, 0.00552957,
       0.00549788, 0.00546894, 0.00544268, 0.00541903, 0.00539792,
       0.00537929, 0.00536309, 0.00534929, 0.00533784, 0.00532871,
       0.00532189, 0.00531735, 0.00531508])
[2026-09-19 05:02:23,475][shap][INFO] - num_paired_subset_sizes = 68
[2026-09-19 05:02:23,478][shap][INFO] - weight_left = np.float64(0.9999999999999998)
[2026-09-19 05:02:23,480][shap][INFO] - np.sum(w_aug) = np.float64(136.99999999999997)
[2026-09-19 05:02:23,480][shap][INFO] - np.sum(self.kernelWeights) = np.float64(0.9999999999999997)
[2026-09-19 05:02:23,483][shap][INFO] - phi = array([-0.02079287,  0.        ,  0.        ,  0.        ,  0.        ,
        0.        ,  0.        , -0.01398757,  0.        ,  0.        ,
        0.        ,  0.        ,  0.        ,  0.        , -0.01033463,
        0.        ,  0.        , -0.02531803,  0.        ,  0.        ,
        0.        ,  0.        ,  0.        ,  0.        ,  0.        ,
        0.        ,  0.        ,  0.        ,  0.        ,  0.        ,
        0.        ,  0.        ,  0.        ,  0.        ,  0.        ,
        0.        ,  0.        ,  0.        ,  0.        ,  0.        ,
        0.        , -0.00690195,  0.        ,  0.        ,  0.        ,
        0.        ,  0.        ,  0.        ,  0.        ,  0.        ,
        0.        ,  0.        ,  0.00136092,  0.        ,  0.        ,
        0.        ,  0.        ,  0.        , -0.04555133,  0.        ,
        0.        ,  0.        , -0.04114527,  0.        ,  0.        ,
        0.        ,  0.        ,  0.        ,  0.        ,  0.        ,
       -0.01569688,  0.        ,  0.        ,  0.        ,  0.        ,
        0.        ,  0.        ,  0.        ,  0.        ,  0.        ,
        0.        ,  0.        ,  0.        ,  0.        ,  0.        ,
        0.        ,  0.        , -0.01330713,  0.        ,  0.        ,
        0.        ,  0.        ,  0.        ,  0.        ,  0.        ,
        0.        ,  0.        ,  0.        ,  0.        ,  0.        ,
        0.        ,  0.        ,  0.        ,  0.        ,  0.        ,
        0.        ,  0.        ,  0.        ,  0.        ,  0.        ,
        0.        ,  0.        ,  0.        ,  0.        ,  0.        ,
        0.        ,  0.        ,  0.        ,  0.        ,  0.        ,
        0.        ,  0.        ,  0.        ,  0.        ,  0.        ,
        0.        ,  0.        ,  0.        ,  0.        ,  0.        ,
        0.        ,  0.        ,  0.        ,  0.        ,  0.        ,
        0.        ,  0.        ])
[2026-09-19 05:02:23,484][shap][INFO] - np.sum(w_aug) = np.float64(136.99999999999997)
[2026-09-19 05:02:23,484][shap][INFO] - np.sum(self.kernelWeights) = np.float64(0.9999999999999997)
[2026-09-19 05:02:23,487][shap][INFO] - phi = array([0.        , 0.        , 0.        , 0.        , 0.        ,
       0.        , 0.        , 0.09578546, 0.        , 0.        ,
       0.        , 0.        , 0.        , 0.        , 0.02613774,
       0.        , 0.        , 0.08236214, 0.        , 0.        ,
       0.        , 0.        , 0.        , 0.        , 0.        ,
       0.        , 0.        , 0.        , 0.        , 0.        ,
       0.        , 0.        , 0.        , 0.        , 0.        ,
       0.        , 0.        , 0.        , 0.        , 0.        ,
       0.        , 0.04243557, 0.        , 0.        , 0.        ,
       0.        , 0.        , 0.        , 0.        , 0.        ,
       0.        , 0.        , 0.        , 0.        , 0.        ,
       0.        , 0.        , 0.        , 0.        , 0.        ,
       0.        , 0.        , 0.09848189, 0.0355492 , 0.        ,
       0.        , 0.        , 0.        , 0.        , 0.        ,
       0.06827185, 0.        , 0.        , 0.        , 0.        ,
       0.        , 0.        , 0.        , 0.        , 0.        ,
       0.        , 0.        , 0.        , 0.        , 0.        ,
       0.        , 0.        , 0.        , 0.        , 0.        ,
       0.        , 0.        , 0.        , 0.        , 0.        ,
       0.        , 0.        , 0.        , 0.        , 0.        ,
       0.        , 0.        , 0.        , 0.        , 0.06001789,
       0.        , 0.        , 0.        , 0.        , 0.        ,
       0.        , 0.        , 0.        , 0.        , 0.        ,
       0.        , 0.        , 0.        , 0.        , 0.        ,
       0.        , 0.        , 0.        , 0.05309393, 0.        ,
       0.        , 0.        , 0.04378851, 0.        , 0.        ,
       0.        , 0.        , 0.        , 0.        , 0.        ,
       0.        , 0.        ])
[2026-09-19 05:02:23,487][shap][INFO] - np.sum(w_aug) = np.float64(136.99999999999997)
[2026-09-19 05:02:23,487][shap][INFO] - np.sum(self.kernelWeights) = np.float64(0.9999999999999997)
[2026-09-19 05:02:23,490][shap][INFO] - phi = array([ 0.        ,  0.        ,  0.        ,  0.        ,  0.        ,
        0.        ,  0.        ,  0.        ,  0.        ,  0.        ,
        0.        ,  0.        ,  0.        ,  0.        ,  0.        ,
       -0.00746723,  0.        , -0.03816211,  0.        ,  0.        ,
        0.        ,  0.        ,  0.        ,  0.        ,  0.        ,
        0.        ,  0.        ,  0.        ,  0.        ,  0.        ,
        0.        ,  0.        ,  0.        ,  0.        ,  0.        ,
       -0.0054245 ,  0.        ,  0.        ,  0.        ,  0.        ,
        0.        ,  0.        ,  0.        ,  0.        ,  0.        ,
        0.        , -0.02345374, -0.01062887,  0.        ,  0.        ,
        0.        ,  0.        ,  0.        ,  0.        ,  0.        ,
        0.        , -0.00640341,  0.        ,  0.        ,  0.        ,
        0.        ,  0.        ,  0.        , -0.02184194,  0.        ,
        0.        ,  0.        ,  0.        ,  0.        ,  0.        ,
       -0.0204789 ,  0.        ,  0.        ,  0.        ,  0.        ,
        0.        ,  0.        ,  0.        , -0.01222522,  0.        ,
        0.        ,  0.        ,  0.        ,  0.        ,  0.        ,
        0.        ,  0.        ,  0.        ,  0.        ,  0.        ,
        0.        ,  0.        ,  0.        ,  0.        ,  0.        ,
        0.        ,  0.        ,  0.        ,  0.        ,  0.        ,
        0.        ,  0.        ,  0.        ,  0.        ,  0.        ,
        0.        ,  0.        ,  0.        ,  0.        , -0.0094232 ,
        0.        ,  0.        ,  0.        ,  0.        ,  0.        ,
        0.        ,  0.        ,  0.        ,  0.        ,  0.        ,
        0.        ,  0.        ,  0.        ,  0.        ,  0.        ,
        0.        ,  0.        ,  0.        ,  0.        ,  0.        ,
        0.        ,  0.        ,  0.        ,  0.        ,  0.        ,
        0.        ,  0.        ])
[2026-09-19 05:02:23,491][shap][INFO] - np.sum(w_aug) = np.float64(136.99999999999997)
[2026-09-19 05:02:23,491][shap][INFO] - np.sum(self.kernelWeights) = np.float64(0.9999999999999997)
[2026-09-19 05:02:23,494][shap][INFO] - phi = array([ 0.        ,  0.        ,  0.        ,  0.        ,  0.        ,
        0.        ,  0.        ,  0.        ,  0.        ,  0.        ,
        0.        , -0.02982309,  0.        ,  0.        ,  0.        ,
        0.        ,  0.        ,  0.        ,  0.        ,  0.        ,
        0.        ,  0.        ,  0.        ,  0.        ,  0.        ,
        0.        ,  0.        ,  0.        ,  0.        ,  0.        ,
        0.        ,  0.        ,  0.        ,  0.        ,  0.        ,
        0.        ,  0.        ,  0.        ,  0.        ,  0.        ,
        0.        , -0.02975631,  0.        ,  0.        ,  0.        ,
        0.        ,  0.        ,  0.        ,  0.        ,  0.        ,
        0.        ,  0.        ,  0.        ,  0.        ,  0.        ,
        0.        ,  0.        ,  0.        , -0.06632321,  0.        ,
        0.        ,  0.        , -0.01864593,  0.        ,  0.        ,
        0.        ,  0.        ,  0.        ,  0.        ,  0.        ,
        0.        ,  0.        ,  0.        ,  0.        ,  0.        ,
        0.        ,  0.        ,  0.        ,  0.        ,  0.        ,
        0.        ,  0.        , -0.03638285,  0.        ,  0.        ,
        0.        ,  0.        ,  0.        ,  0.        ,  0.        ,
        0.        ,  0.        ,  0.        ,  0.        ,  0.        ,
        0.        ,  0.        ,  0.        ,  0.        ,  0.        ,
        0.        , -0.01894365,  0.        ,  0.        ,  0.        ,
        0.        ,  0.        ,  0.        ,  0.        ,  0.        ,
        0.        ,  0.        ,  0.        ,  0.        ,  0.        ,
        0.        ,  0.        ,  0.        , -0.00159828,  0.        ,
        0.        , -0.03747434,  0.        , -0.01742998,  0.        ,
        0.        ,  0.        , -0.00236269,  0.        ,  0.        ,
        0.        ,  0.        ,  0.        ,  0.        ,  0.        ,
        0.        ,  0.        ])
[2026-09-19 05:02:23,503][shap][INFO] - num_full_subsets = 0
[2026-09-19 05:02:23,503][shap][INFO] - remaining_weight_vector = array([0.18337037, 0.09236434, 0.06203575, 0.04687664, 0.03778541,
       0.03172821, 0.0274048 , 0.02416509, 0.02164789, 0.01963651,
       0.01799305, 0.01662558, 0.01547045, 0.01448221, 0.01362753,
       0.01288139, 0.01222469, 0.01164256, 0.01112327, 0.01065742,
       0.01023743, 0.00985706, 0.0095112 , 0.00919556, 0.00890656,
       0.00864115, 0.00839676, 0.00817116, 0.00796244, 0.00776896,
       0.00758928, 0.00742213, 0.00726643, 0.00712118, 0.00698554,
       0.00685874, 0.0067401 , 0.00662902, 0.00652495, 0.00642742,
       0.00633597, 0.00625022, 0.00616981, 0.00609442, 0.00602376,
       0.00595757, 0.0058956 , 0.00583763, 0.00578348, 0.00573296,
       0.0056859 , 0.00564217, 0.00560161, 0.00556412, 0.00552957,
       0.00549788, 0.00546894, 0.00544268, 0.00541903, 0.00539792,
       0.00537929, 0.00536309, 0.00534929, 0.00533784, 0.00532871,
       0.00532189, 0.00531735, 0.00531508])
[2026-09-19 05:02:23,503][shap][INFO] - num_paired_subset_sizes = 68
[2026-09-19 05:02:23,506][shap][INFO] - weight_left = np.float64(0.9999999999999998)
[2026-09-19 05:02:23,508][shap][INFO] - np.sum(w_aug) = np.float64(136.99999999999997)
[2026-09-19 05:02:23,508][shap][INFO] - np.sum(self.kernelWeights) = np.float64(0.9999999999999997)
[2026-09-19 05:02:23,512][shap][INFO] - phi = array([ 0.        ,  0.        , -0.02254627,  0.        , -0.00206779,
        0.        ,  0.        ,  0.        ,  0.        , -0.03136797,
        0.        ,  0.        ,  0.        ,  0.        ,  0.        ,
       -0.01277807,  0.        ,  0.        ,  0.        , -0.02088043,
        0.        ,  0.        ,  0.        ,  0.        ,  0.        ,
        0.        ,  0.        ,  0.        , -0.01075649,  0.        ,
        0.        ,  0.        ,  0.        ,  0.        ,  0.        ,
       -0.00520176,  0.        ,  0.        ,  0.        ,  0.        ,
        0.        ,  0.        , -0.02754915,  0.        ,  0.        ,
        0.        ,  0.        ,  0.        ,  0.        ,  0.        ,
        0.        ,  0.        ,  0.        ,  0.        ,  0.        ,
        0.        ,  0.        ,  0.        ,  0.        ,  0.        ,
        0.        ,  0.        ,  0.        ,  0.        ,  0.        ,
        0.        ,  0.        ,  0.        ,  0.        ,  0.        ,
        0.        ,  0.        ,  0.        ,  0.        ,  0.        ,
        0.        ,  0.        ,  0.        ,  0.        ,  0.        ,
        0.        ,  0.        ,  0.        ,  0.        ,  0.        ,
        0.        ,  0.        ,  0.        ,  0.        ,  0.        ,
        0.        ,  0.        ,  0.        ,  0.        ,  0.        ,
        0.        ,  0.        ,  0.        ,  0.        ,  0.        ,
        0.        ,  0.        ,  0.        ,  0.        ,  0.        ,
       -0.01906294,  0.        ,  0.        ,  0.        ,  0.        ,
        0.        ,  0.        ,  0.        ,  0.        ,  0.        ,
        0.        ,  0.        ,  0.        ,  0.        ,  0.        ,
        0.        ,  0.        ,  0.        ,  0.        ,  0.        ,
        0.        ,  0.        , -0.01714862,  0.        ,  0.        ,
        0.        ,  0.        ,  0.        ,  0.        ,  0.        ,
        0.        ,  0.        ])
[2026-09-19 05:02:23,512][shap][INFO] - np.sum(w_aug) = np.float64(136.99999999999997)
[2026-09-19 05:02:23,512][shap][INFO] - np.sum(self.kernelWeights) = np.float64(0.9999999999999997)
[2026-09-19 05:02:23,515][shap][INFO] - phi = array([ 0.        ,  0.        ,  0.        ,  0.        ,  0.        ,
        0.        , -0.00751675,  0.        ,  0.        ,  0.        ,
        0.        ,  0.        ,  0.        ,  0.        ,  0.        ,
        0.        ,  0.        ,  0.        ,  0.        ,  0.        ,
        0.        ,  0.        ,  0.        ,  0.        ,  0.        ,
        0.        ,  0.        ,  0.        ,  0.        ,  0.        ,
        0.        ,  0.        ,  0.        ,  0.        ,  0.        ,
        0.        ,  0.        ,  0.        ,  0.        ,  0.        ,
       -0.00736019, -0.02980873,  0.        ,  0.        ,  0.        ,
        0.        ,  0.        ,  0.        ,  0.        ,  0.        ,
        0.        ,  0.        ,  0.        ,  0.        , -0.01638353,
        0.        ,  0.        ,  0.        ,  0.        ,  0.        ,
        0.        ,  0.        ,  0.        , -0.00324795,  0.        ,
        0.        ,  0.        ,  0.        ,  0.        ,  0.        ,
        0.        ,  0.        ,  0.        ,  0.        ,  0.        ,
        0.        ,  0.        ,  0.        ,  0.        ,  0.        ,
        0.        ,  0.        ,  0.        ,  0.        ,  0.        ,
        0.        ,  0.        ,  0.        ,  0.        ,  0.        ,
        0.        ,  0.        ,  0.        ,  0.        ,  0.        ,
        0.        ,  0.        ,  0.        ,  0.        ,  0.        ,
        0.        ,  0.        ,  0.        ,  0.        ,  0.        ,
        0.        ,  0.        ,  0.        ,  0.        ,  0.        ,
        0.        , -0.0279668 ,  0.        ,  0.        ,  0.        ,
        0.        ,  0.        , -0.00134541,  0.        , -0.0346916 ,
        0.        ,  0.        ,  0.        ,  0.        ,  0.        ,
        0.        ,  0.        , -0.01515799,  0.        ,  0.        ,
        0.        , -0.01401343,  0.        ,  0.        ,  0.        ,
        0.        ,  0.        ])
[2026-09-19 05:02:23,515][shap][INFO] - np.sum(w_aug) = np.float64(136.99999999999997)
[2026-09-19 05:02:23,516][shap][INFO] - np.sum(self.kernelWeights) = np.float64(0.9999999999999997)
[2026-09-19 05:02:23,519][shap][INFO] - phi = array([ 0.        ,  0.        ,  0.        ,  0.        ,  0.        ,
        0.        ,  0.        ,  0.        ,  0.        ,  0.        ,
        0.        ,  0.        ,  0.        ,  0.        ,  0.        ,
        0.        ,  0.        , -0.04118848,  0.        ,  0.        ,
        0.        ,  0.        ,  0.        ,  0.        ,  0.        ,
        0.        ,  0.        ,  0.        ,  0.        ,  0.        ,
        0.        ,  0.        , -0.00834507,  0.        ,  0.        ,
        0.        ,  0.        ,  0.        , -0.05643516,  0.        ,
        0.        ,  0.        , -0.01860046,  0.        , -0.02699176,
        0.        , -0.03035269,  0.        ,  0.        ,  0.        ,
        0.        ,  0.        ,  0.        ,  0.        ,  0.        ,
        0.        , -0.02052782,  0.        ,  0.        ,  0.        ,
        0.        ,  0.        , -0.0212587 ,  0.        ,  0.        ,
        0.        ,  0.        ,  0.        ,  0.        ,  0.        ,
        0.        ,  0.        ,  0.        ,  0.        ,  0.        ,
        0.        ,  0.        ,  0.        ,  0.        ,  0.        ,
        0.        ,  0.        ,  0.        ,  0.        ,  0.        ,
        0.        ,  0.        ,  0.        ,  0.        ,  0.        ,
       -0.0158335 ,  0.        ,  0.        ,  0.        ,  0.        ,
        0.        ,  0.        ,  0.        ,  0.        ,  0.        ,
        0.        , -0.00674216,  0.        ,  0.        ,  0.        ,
        0.        ,  0.        ,  0.        ,  0.        ,  0.        ,
        0.        ,  0.        ,  0.        ,  0.        ,  0.        ,
        0.        ,  0.        ,  0.        ,  0.        ,  0.        ,
        0.        ,  0.        ,  0.        ,  0.        ,  0.        ,
        0.        ,  0.        ,  0.        ,  0.        ,  0.        ,
        0.        ,  0.        ,  0.        ,  0.        ,  0.        ,
        0.        ,  0.        ])
[2026-09-19 05:02:23,519][shap][INFO] - np.sum(w_aug) = np.float64(136.99999999999997)
[2026-09-19 05:02:23,520][shap][INFO] - np.sum(self.kernelWeights) = np.float64(0.9999999999999997)
[2026-09-19 05:02:23,523][shap][INFO] - phi = array([ 0.03162204,  0.        ,  0.        ,  0.        ,  0.        ,
        0.        ,  0.        ,  0.        ,  0.        ,  0.03832767,
        0.        ,  0.        ,  0.        ,  0.        ,  0.        ,
        0.        ,  0.        ,  0.06594265,  0.        ,  0.        ,
        0.        ,  0.        ,  0.        ,  0.        ,  0.        ,
        0.        ,  0.        ,  0.        ,  0.        ,  0.        ,
        0.        ,  0.        ,  0.        ,  0.        ,  0.        ,
        0.        ,  0.        ,  0.        ,  0.        ,  0.05216718,
        0.        ,  0.        ,  0.10420984,  0.        ,  0.        ,
        0.        ,  0.        ,  0.        ,  0.        ,  0.        ,
        0.        ,  0.        ,  0.        ,  0.        ,  0.12212971,
        0.        ,  0.        ,  0.        ,  0.        ,  0.        ,
        0.        ,  0.        ,  0.10302619,  0.00772301,  0.        ,
        0.        ,  0.        ,  0.        ,  0.        ,  0.        ,
        0.        ,  0.        ,  0.        ,  0.        ,  0.        ,
        0.        ,  0.        ,  0.        ,  0.        ,  0.        ,
        0.        ,  0.        ,  0.        ,  0.        ,  0.        ,
        0.        ,  0.        ,  0.        ,  0.        ,  0.        ,
        0.        ,  0.        ,  0.        ,  0.        ,  0.        ,
        0.        ,  0.        ,  0.        ,  0.        ,  0.        ,
        0.        ,  0.        ,  0.        ,  0.        ,  0.        ,
        0.04884176,  0.        ,  0.        ,  0.        ,  0.        ,
        0.        ,  0.        ,  0.        ,  0.        ,  0.        ,
        0.        ,  0.        ,  0.        ,  0.        ,  0.        ,
        0.        ,  0.        ,  0.        ,  0.        ,  0.        ,
        0.        ,  0.        , -0.00086231,  0.        ,  0.        ,
        0.        ,  0.        ,  0.        ,  0.        ,  0.        ,
        0.        ,  0.        ])
[2026-09-19 05:02:23,532][shap][INFO] - num_full_subsets = 0
[2026-09-19 05:02:23,532][shap][INFO] - remaining_weight_vector = array([0.18337037, 0.09236434, 0.06203575, 0.04687664, 0.03778541,
       0.03172821, 0.0274048 , 0.02416509, 0.02164789, 0.01963651,
       0.01799305, 0.01662558, 0.01547045, 0.01448221, 0.01362753,
       0.01288139, 0.01222469, 0.01164256, 0.01112327, 0.01065742,
       0.01023743, 0.00985706, 0.0095112 , 0.00919556, 0.00890656,
       0.00864115, 0.00839676, 0.00817116, 0.00796244, 0.00776896,
       0.00758928, 0.00742213, 0.00726643, 0.00712118, 0.00698554,
       0.00685874, 0.0067401 , 0.00662902, 0.00652495, 0.00642742,
       0.00633597, 0.00625022, 0.00616981, 0.00609442, 0.00602376,
       0.00595757, 0.0058956 , 0.00583763, 0.00578348, 0.00573296,
       0.0056859 , 0.00564217, 0.00560161, 0.00556412, 0.00552957,
       0.00549788, 0.00546894, 0.00544268, 0.00541903, 0.00539792,
       0.00537929, 0.00536309, 0.00534929, 0.00533784, 0.00532871,
       0.00532189, 0.00531735, 0.00531508])
[2026-09-19 05:02:23,532][shap][INFO] - num_paired_subset_sizes = 68
[2026-09-19 05:02:23,535][shap][INFO] - weight_left = np.float64(0.9999999999999998)
[2026-09-19 05:02:23,537][shap][INFO] - np.sum(w_aug) = np.float64(137.0)
[2026-09-19 05:02:23,537][shap][INFO] - np.sum(self.kernelWeights) = np.float64(0.9999999999999997)
[2026-09-19 05:02:23,540][shap][INFO] - phi = array([ 0.08632621,  0.        ,  0.        ,  0.        ,  0.        ,
        0.        ,  0.        ,  0.        ,  0.        ,  0.        ,
        0.        ,  0.        ,  0.        ,  0.        ,  0.        ,
        0.        ,  0.        ,  0.        ,  0.        ,  0.00702294,
        0.        ,  0.        ,  0.        ,  0.        ,  0.        ,
        0.        ,  0.04362793,  0.        ,  0.        ,  0.        ,
        0.        ,  0.        ,  0.        ,  0.        ,  0.        ,
        0.        ,  0.        ,  0.        ,  0.03632739,  0.0712279 ,
        0.        ,  0.        ,  0.        ,  0.        ,  0.        ,
        0.        ,  0.        ,  0.        ,  0.        ,  0.13917933,
        0.        , -0.03531709,  0.        ,  0.        ,  0.        ,
        0.        ,  0.        ,  0.        ,  0.        ,  0.        ,
        0.        ,  0.        ,  0.14307678,  0.        ,  0.        ,
        0.        ,  0.        ,  0.        ,  0.11769359,  0.        ,
        0.        ,  0.        ,  0.        ,  0.        ,  0.        ,
        0.        ,  0.        ,  0.        ,  0.        ,  0.        ,
        0.        ,  0.        ,  0.        ,  0.        ,  0.        ,
        0.        ,  0.        ,  0.        ,  0.        ,  0.        ,
        0.        ,  0.        ,  0.        ,  0.        ,  0.        ,
        0.        ,  0.        ,  0.        ,  0.        ,  0.        ,
        0.        ,  0.        ,  0.        ,  0.        ,  0.        ,
        0.        ,  0.        ,  0.        ,  0.        ,  0.        ,
        0.        ,  0.        ,  0.        ,  0.        ,  0.        ,
        0.        ,  0.        ,  0.        ,  0.        ,  0.        ,
        0.        ,  0.        ,  0.        ,  0.        ,  0.        ,
        0.        ,  0.        ,  0.        ,  0.        ,  0.        ,
        0.        ,  0.        ,  0.        ,  0.        ,  0.        ,
        0.        ,  0.        ])
[2026-09-19 05:02:23,541][shap][INFO] - np.sum(w_aug) = np.float64(137.0)
[2026-09-19 05:02:23,541][shap][INFO] - np.sum(self.kernelWeights) = np.float64(0.9999999999999997)
[2026-09-19 05:02:23,544][shap][INFO] - phi = array([ 0.        ,  0.        ,  0.        ,  0.        ,  0.        ,
        0.        ,  0.        , -0.00852867,  0.        ,  0.        ,
        0.        ,  0.        , -0.02130472,  0.        ,  0.        ,
        0.        , -0.01194897,  0.        ,  0.        ,  0.        ,
        0.        , -0.04028968,  0.        ,  0.        ,  0.        ,
        0.        ,  0.        ,  0.        ,  0.        ,  0.        ,
        0.        ,  0.        ,  0.        ,  0.        ,  0.        ,
        0.        ,  0.        ,  0.        ,  0.        ,  0.        ,
        0.        , -0.02352802,  0.        ,  0.        ,  0.        ,
        0.        ,  0.        ,  0.        ,  0.        ,  0.        ,
        0.        , -0.0149627 ,  0.        ,  0.        ,  0.        ,
        0.        ,  0.        ,  0.        ,  0.        ,  0.        ,
       -0.00640926,  0.        ,  0.        ,  0.        ,  0.        ,
        0.        ,  0.        ,  0.        ,  0.        ,  0.        ,
        0.        ,  0.        ,  0.        ,  0.        ,  0.        ,
        0.        ,  0.        ,  0.        ,  0.        ,  0.        ,
        0.        ,  0.        ,  0.        ,  0.        , -0.00034686,
        0.        ,  0.        ,  0.        ,  0.        ,  0.        ,
        0.        ,  0.        ,  0.        ,  0.        ,  0.        ,
        0.        ,  0.        ,  0.        ,  0.        ,  0.        ,
        0.        ,  0.        ,  0.        ,  0.        ,  0.        ,
        0.        ,  0.        ,  0.        ,  0.        ,  0.        ,
        0.        , -0.00128536,  0.        ,  0.        ,  0.        ,
        0.        ,  0.        ,  0.        ,  0.        ,  0.        ,
        0.        , -0.00432335,  0.        ,  0.        ,  0.        ,
        0.        ,  0.        ,  0.        ,  0.        ,  0.        ,
        0.        ,  0.        ,  0.        ,  0.        ,  0.        ,
        0.        ,  0.        ])
[2026-09-19 05:02:23,544][shap][INFO] - np.sum(w_aug) = np.float64(137.0)
[2026-09-19 05:02:23,544][shap][INFO] - np.sum(self.kernelWeights) = np.float64(0.9999999999999997)
[2026-09-19 05:02:23,548][shap][INFO] - phi = array([-0.02121602,  0.        ,  0.        ,  0.        ,  0.        ,
        0.        ,  0.        ,  0.        ,  0.        ,  0.        ,
       -0.03692456,  0.        ,  0.        ,  0.        ,  0.        ,
        0.        ,  0.        ,  0.        ,  0.        , -0.00448472,
        0.        ,  0.        ,  0.        ,  0.        ,  0.        ,
        0.        ,  0.        , -0.00925864,  0.        ,  0.        ,
        0.        ,  0.        ,  0.        ,  0.        ,  0.        ,
        0.        ,  0.        ,  0.        , -0.07490408, -0.00075742,
        0.        ,  0.        ,  0.        ,  0.        ,  0.        ,
        0.        , -0.03041632,  0.        ,  0.        ,  0.        ,
        0.        ,  0.        ,  0.        ,  0.        ,  0.        ,
        0.        , -0.02130712,  0.        ,  0.        ,  0.        ,
        0.        ,  0.        , -0.02519698,  0.        ,  0.        ,
        0.        ,  0.        ,  0.        ,  0.        ,  0.        ,
        0.        ,  0.        ,  0.        ,  0.        ,  0.        ,
        0.        ,  0.        ,  0.        ,  0.        ,  0.        ,
        0.        ,  0.        ,  0.        ,  0.        ,  0.        ,
        0.        ,  0.        ,  0.        ,  0.        ,  0.        ,
        0.        ,  0.        ,  0.        ,  0.        ,  0.        ,
        0.        ,  0.        ,  0.        ,  0.        ,  0.        ,
        0.        ,  0.        ,  0.        ,  0.        ,  0.        ,
        0.        ,  0.        ,  0.        ,  0.        ,  0.        ,
        0.        ,  0.        ,  0.        , -0.01765384,  0.        ,
        0.        ,  0.        ,  0.        ,  0.        ,  0.        ,
        0.        ,  0.        ,  0.        ,  0.        ,  0.        ,
        0.        ,  0.        ,  0.        ,  0.        ,  0.        ,
        0.        ,  0.        ,  0.        ,  0.        ,  0.        ,
        0.        ,  0.        ])
[2026-09-19 05:02:23,548][shap][INFO] - np.sum(w_aug) = np.float64(137.0)
[2026-09-19 05:02:23,548][shap][INFO] - np.sum(self.kernelWeights) = np.float64(0.9999999999999997)
[2026-09-19 05:02:23,551][shap][INFO] - phi = array([ 0.        ,  0.        ,  0.        , -0.04514953, -0.01679876,
        0.        ,  0.        ,  0.        ,  0.        ,  0.        ,
        0.        ,  0.        ,  0.        ,  0.        ,  0.        ,
       -0.03246528,  0.        ,  0.        , -0.03902299,  0.        ,
        0.        ,  0.        ,  0.        ,  0.        ,  0.        ,
        0.        ,  0.        ,  0.        ,  0.        ,  0.        ,
        0.        ,  0.        ,  0.        ,  0.        ,  0.        ,
        0.        ,  0.        ,  0.        ,  0.        , -0.02145288,
        0.        ,  0.        ,  0.        , -0.01332563,  0.        ,
        0.        ,  0.        ,  0.        ,  0.        ,  0.        ,
        0.        ,  0.        , -0.0267152 ,  0.        ,  0.        ,
        0.        ,  0.        ,  0.        ,  0.        ,  0.        ,
        0.        ,  0.00123649,  0.        , -0.01018659,  0.        ,
        0.        ,  0.        ,  0.        ,  0.        ,  0.        ,
        0.        ,  0.        ,  0.        ,  0.        ,  0.        ,
        0.        ,  0.        ,  0.        ,  0.        ,  0.        ,
        0.        ,  0.        ,  0.        ,  0.        ,  0.        ,
        0.        ,  0.        ,  0.        ,  0.        ,  0.        ,
        0.        ,  0.        ,  0.        ,  0.        ,  0.        ,
        0.        ,  0.        ,  0.        ,  0.        , -0.03023732,
        0.        ,  0.        ,  0.        ,  0.        ,  0.        ,
        0.        ,  0.        ,  0.        ,  0.        ,  0.        ,
        0.        ,  0.        ,  0.        ,  0.        ,  0.        ,
        0.        ,  0.        ,  0.        ,  0.        ,  0.        ,
        0.        ,  0.        ,  0.        ,  0.        ,  0.        ,
        0.        ,  0.        ,  0.        ,  0.        ,  0.        ,
        0.        ,  0.        ,  0.        ,  0.        ,  0.        ,
        0.        ,  0.        ])
[2026-09-19 05:02:23,561][shap][INFO] - num_full_subsets = 0
[2026-09-19 05:02:23,561][shap][INFO] - remaining_weight_vector = array([0.18337037, 0.09236434, 0.06203575, 0.04687664, 0.03778541,
       0.03172821, 0.0274048 , 0.02416509, 0.02164789, 0.01963651,
       0.01799305, 0.01662558, 0.01547045, 0.01448221, 0.01362753,
       0.01288139, 0.01222469, 0.01164256, 0.01112327, 0.01065742,
       0.01023743, 0.00985706, 0.0095112 , 0.00919556, 0.00890656,
       0.00864115, 0.00839676, 0.00817116, 0.00796244, 0.00776896,
       0.00758928, 0.00742213, 0.00726643, 0.00712118, 0.00698554,
       0.00685874, 0.0067401 , 0.00662902, 0.00652495, 0.00642742,
       0.00633597, 0.00625022, 0.00616981, 0.00609442, 0.00602376,
       0.00595757, 0.0058956 , 0.00583763, 0.00578348, 0.00573296,
       0.0056859 , 0.00564217, 0.00560161, 0.00556412, 0.00552957,
       0.00549788, 0.00546894, 0.00544268, 0.00541903, 0.00539792,
       0.00537929, 0.00536309, 0.00534929, 0.00533784, 0.00532871,
       0.00532189, 0.00531735, 0.00531508])
[2026-09-19 05:02:23,561][shap][INFO] - num_paired_subset_sizes = 68
[2026-09-19 05:02:23,564][shap][INFO] - weight_left = np.float64(0.9999999999999998)
[2026-09-19 05:02:23,566][shap][INFO] - np.sum(w_aug) = np.float64(136.99999999999994)
[2026-09-19 05:02:23,566][shap][INFO] - np.sum(self.kernelWeights) = np.float64(0.9999999999999993)
[2026-09-19 05:02:23,569][shap][INFO] - phi = array([ 0.        ,  0.        ,  0.        ,  0.        ,  0.        ,
        0.        ,  0.        ,  0.        ,  0.        ,  0.        ,
        0.        ,  0.        ,  0.        ,  0.        ,  0.        ,
        0.        ,  0.        ,  0.        ,  0.        ,  0.        ,
        0.        ,  0.        ,  0.        ,  0.        ,  0.        ,
        0.        ,  0.        ,  0.        ,  0.        ,  0.        ,
        0.        ,  0.        ,  0.        ,  0.        ,  0.        ,
        0.        ,  0.        ,  0.        ,  0.11605448,  0.        ,
        0.        ,  0.        ,  0.        ,  0.        ,  0.        ,
        0.        ,  0.        ,  0.        ,  0.        ,  0.        ,
        0.        ,  0.        , -0.00797289,  0.        ,  0.        ,
        0.        ,  0.        ,  0.        ,  0.        ,  0.        ,
        0.14312294,  0.        ,  0.0219065 ,  0.        ,  0.        ,
        0.        ,  0.        ,  0.        ,  0.        ,  0.        ,
        0.        ,  0.        ,  0.        ,  0.        ,  0.        ,
        0.07368454,  0.        ,  0.        ,  0.        ,  0.        ,
        0.        ,  0.        ,  0.        ,  0.        ,  0.        ,
        0.        ,  0.        ,  0.        ,  0.        ,  0.        ,
        0.        ,  0.        ,  0.02892148,  0.        ,  0.        ,
        0.        ,  0.        ,  0.        ,  0.        ,  0.        ,
        0.        ,  0.        ,  0.        ,  0.        ,  0.        ,
        0.        ,  0.06505219,  0.        ,  0.07975957,  0.        ,
        0.        ,  0.        ,  0.        ,  0.        ,  0.        ,
        0.        ,  0.        ,  0.        ,  0.        ,  0.        ,
        0.        ,  0.        ,  0.        ,  0.        ,  0.        ,
        0.        ,  0.        ,  0.        ,  0.        ,  0.        ,
        0.        ,  0.        ,  0.        ,  0.08518491,  0.        ,
        0.10830626,  0.        ])
[2026-09-19 05:02:23,570][shap][INFO] - np.sum(w_aug) = np.float64(136.99999999999994)
[2026-09-19 05:02:23,570][shap][INFO] - np.sum(self.kernelWeights) = np.float64(0.9999999999999993)
[2026-09-19 05:02:23,572][shap][INFO] - phi = array([ 0.        ,  0.        ,  0.        ,  0.        ,  0.        ,
        0.        ,  0.        ,  0.        ,  0.        ,  0.        ,
        0.        ,  0.        ,  0.        ,  0.        ,  0.        ,
        0.        ,  0.        ,  0.        ,  0.        ,  0.        ,
        0.        ,  0.        ,  0.        ,  0.        , -0.01212491,
        0.        ,  0.        ,  0.        , -0.01102739,  0.        ,
        0.        ,  0.        ,  0.        ,  0.        ,  0.        ,
        0.        ,  0.        ,  0.        ,  0.        ,  0.        ,
        0.        ,  0.        ,  0.        ,  0.        ,  0.        ,
        0.        ,  0.        ,  0.        ,  0.        ,  0.        ,
       -0.01267626,  0.        ,  0.        ,  0.        ,  0.        ,
        0.        ,  0.        ,  0.        ,  0.        ,  0.        ,
        0.        ,  0.        , -0.04477618,  0.        ,  0.        ,
        0.        ,  0.        ,  0.        ,  0.        , -0.00527078,
        0.        ,  0.        ,  0.        ,  0.        ,  0.        ,
       -0.01477389,  0.        ,  0.        ,  0.        , -0.02501895,
        0.        ,  0.        ,  0.        ,  0.        ,  0.        ,
        0.        ,  0.        ,  0.        ,  0.        ,  0.        ,
        0.        ,  0.        ,  0.        ,  0.        ,  0.        ,
        0.        ,  0.        ,  0.        ,  0.        ,  0.        ,
        0.        ,  0.        ,  0.        ,  0.        , -0.00609528,
        0.        ,  0.        ,  0.        ,  0.        ,  0.        ,
        0.        ,  0.        ,  0.        ,  0.        ,  0.        ,
        0.        ,  0.        ,  0.        ,  0.        ,  0.        ,
        0.        ,  0.        ,  0.        ,  0.        ,  0.        ,
        0.        ,  0.        , -0.00460698,  0.        ,  0.        ,
        0.        ,  0.        ,  0.        ,  0.        ,  0.        ,
       -0.02031106,  0.        ])
[2026-09-19 05:02:23,573][shap][INFO] - np.sum(w_aug) = np.float64(136.99999999999994)
[2026-09-19 05:02:23,573][shap][INFO] - np.sum(self.kernelWeights) = np.float64(0.9999999999999993)
[2026-09-19 05:02:23,576][shap][INFO] - phi = array([ 0.        ,  0.        ,  0.        ,  0.        ,  0.        ,
       -0.0437306 ,  0.        ,  0.        ,  0.        ,  0.        ,
       -0.02360309,  0.        ,  0.        ,  0.        ,  0.        ,
       -0.03970098,  0.        ,  0.        ,  0.        ,  0.        ,
        0.        ,  0.        ,  0.        ,  0.        ,  0.        ,
        0.        ,  0.        ,  0.        ,  0.        ,  0.        ,
        0.        ,  0.        ,  0.        ,  0.        ,  0.        ,
        0.        ,  0.        ,  0.        , -0.03651078,  0.        ,
        0.        , -0.00112733,  0.        ,  0.        ,  0.        ,
        0.        ,  0.        ,  0.        ,  0.        ,  0.        ,
        0.        ,  0.        , -0.00296014,  0.        ,  0.        ,
        0.        ,  0.        ,  0.        ,  0.        ,  0.        ,
        0.        ,  0.        , -0.02259527,  0.        ,  0.        ,
        0.        ,  0.        ,  0.        ,  0.        ,  0.        ,
        0.        ,  0.        ,  0.        ,  0.        ,  0.        ,
        0.        ,  0.        ,  0.        ,  0.        ,  0.        ,
        0.        ,  0.        ,  0.        ,  0.        ,  0.        ,
        0.        ,  0.        ,  0.        ,  0.        , -0.02686662,
        0.        ,  0.        ,  0.        ,  0.        ,  0.        ,
        0.        ,  0.        ,  0.        ,  0.        ,  0.        ,
        0.        ,  0.        ,  0.        ,  0.        ,  0.        ,
        0.        ,  0.        ,  0.        ,  0.        ,  0.        ,
        0.        ,  0.        ,  0.        ,  0.        ,  0.        ,
        0.        ,  0.        ,  0.        ,  0.        ,  0.        ,
        0.        ,  0.        ,  0.        ,  0.        ,  0.        ,
        0.        ,  0.        ,  0.        ,  0.        ,  0.        ,
        0.        ,  0.        ,  0.        , -0.0294148 ,  0.        ,
       -0.04914063,  0.        ])
[2026-09-19 05:02:23,576][shap][INFO] - np.sum(w_aug) = np.float64(136.99999999999994)
[2026-09-19 05:02:23,576][shap][INFO] - np.sum(self.kernelWeights) = np.float64(0.9999999999999993)
[2026-09-19 05:02:23,579][shap][INFO] - phi = array([ 0.        ,  0.        ,  0.        ,  0.        , -0.01458476,
        0.        ,  0.        ,  0.        ,  0.        ,  0.        ,
        0.        ,  0.        , -0.00065915,  0.        ,  0.        ,
        0.        ,  0.        ,  0.        ,  0.        ,  0.        ,
        0.        ,  0.        ,  0.        ,  0.        ,  0.        ,
        0.        ,  0.        ,  0.        ,  0.        ,  0.        ,
       -0.03148974,  0.        ,  0.        ,  0.        ,  0.        ,
        0.        ,  0.01116518,  0.        ,  0.        ,  0.        ,
        0.        ,  0.        , -0.05835951, -0.07940847,  0.        ,
        0.        ,  0.        ,  0.        ,  0.        ,  0.        ,
        0.        ,  0.        ,  0.        ,  0.        ,  0.        ,
       -0.04349911,  0.        ,  0.        ,  0.        ,  0.        ,
       -0.04433517,  0.        ,  0.        ,  0.        ,  0.        ,
        0.        ,  0.        ,  0.        ,  0.        ,  0.        ,
        0.        ,  0.        ,  0.        ,  0.        ,  0.        ,
        0.        ,  0.        ,  0.        ,  0.        ,  0.        ,
        0.        ,  0.        ,  0.        ,  0.        ,  0.        ,
        0.        ,  0.        ,  0.        ,  0.        ,  0.        ,
        0.        ,  0.        ,  0.        ,  0.        ,  0.        ,
        0.        ,  0.        ,  0.        ,  0.        ,  0.        ,
        0.        ,  0.        ,  0.        ,  0.        ,  0.        ,
        0.        ,  0.        ,  0.        ,  0.        ,  0.00044233,
        0.        ,  0.        ,  0.        ,  0.        ,  0.        ,
        0.        ,  0.        ,  0.        ,  0.        ,  0.        ,
       -0.02095966,  0.        ,  0.        ,  0.        ,  0.        ,
        0.        ,  0.        ,  0.        ,  0.        ,  0.        ,
        0.        ,  0.        ,  0.        ,  0.        ,  0.        ,
        0.        ,  0.        ])
[2026-09-19 05:02:23,588][shap][INFO] - num_full_subsets = 0
[2026-09-19 05:02:23,589][shap][INFO] - remaining_weight_vector = array([0.18337037, 0.09236434, 0.06203575, 0.04687664, 0.03778541,
       0.03172821, 0.0274048 , 0.02416509, 0.02164789, 0.01963651,
       0.01799305, 0.01662558, 0.01547045, 0.01448221, 0.01362753,
       0.01288139, 0.01222469, 0.01164256, 0.01112327, 0.01065742,
       0.01023743, 0.00985706, 0.0095112 , 0.00919556, 0.00890656,
       0.00864115, 0.00839676, 0.00817116, 0.00796244, 0.00776896,
       0.00758928, 0.00742213, 0.00726643, 0.00712118, 0.00698554,
       0.00685874, 0.0067401 , 0.00662902, 0.00652495, 0.00642742,
       0.00633597, 0.00625022, 0.00616981, 0.00609442, 0.00602376,
       0.00595757, 0.0058956 , 0.00583763, 0.00578348, 0.00573296,
       0.0056859 , 0.00564217, 0.00560161, 0.00556412, 0.00552957,
       0.00549788, 0.00546894, 0.00544268, 0.00541903, 0.00539792,
       0.00537929, 0.00536309, 0.00534929, 0.00533784, 0.00532871,
       0.00532189, 0.00531735, 0.00531508])
[2026-09-19 05:02:23,589][shap][INFO] - num_paired_subset_sizes = 68
[2026-09-19 05:02:23,592][shap][INFO] - weight_left = np.float64(0.9999999999999998)
[2026-09-19 05:02:23,594][shap][INFO] - np.sum(w_aug) = np.float64(137.0)
[2026-09-19 05:02:23,594][shap][INFO] - np.sum(self.kernelWeights) = np.float64(0.9999999999999997)
[2026-09-19 05:02:23,597][shap][INFO] - phi = array([-0.02636891,  0.        ,  0.        ,  0.        , -0.01767998,
        0.        ,  0.        ,  0.        ,  0.        ,  0.        ,
        0.        ,  0.        ,  0.        , -0.00634759,  0.        ,
        0.        ,  0.        ,  0.        ,  0.        ,  0.        ,
        0.        , -0.00413759,  0.        ,  0.        ,  0.        ,
        0.        ,  0.        ,  0.        ,  0.        ,  0.        ,
        0.        ,  0.        ,  0.        , -0.02443135,  0.        ,
        0.        , -0.02828862,  0.        ,  0.        ,  0.        ,
        0.        ,  0.        ,  0.        ,  0.        ,  0.        ,
        0.        ,  0.        ,  0.        ,  0.        ,  0.        ,
        0.        ,  0.        ,  0.        ,  0.        , -0.01755249,
        0.        ,  0.        ,  0.        ,  0.        ,  0.        ,
        0.        ,  0.        ,  0.        ,  0.        , -0.01327082,
        0.        ,  0.        ,  0.        ,  0.        ,  0.        ,
        0.        ,  0.        ,  0.        ,  0.        ,  0.        ,
        0.        ,  0.        ,  0.        ,  0.        ,  0.        ,
        0.        ,  0.        ,  0.        ,  0.        ,  0.        ,
        0.        ,  0.        ,  0.        ,  0.        ,  0.        ,
        0.        ,  0.        ,  0.        ,  0.        ,  0.        ,
        0.        , -0.02110476,  0.        ,  0.        ,  0.        ,
        0.        ,  0.        ,  0.        ,  0.        ,  0.        ,
        0.        ,  0.        ,  0.        ,  0.        ,  0.        ,
        0.        ,  0.        ,  0.        ,  0.        ,  0.        ,
        0.        ,  0.        ,  0.        ,  0.        , -0.03283063,
        0.        ,  0.        ,  0.        ,  0.        ,  0.        ,
        0.        ,  0.        ,  0.        ,  0.        ,  0.        ,
        0.        ,  0.        ,  0.        ,  0.        ,  0.        ,
        0.        ,  0.        ])
[2026-09-19 05:02:23,598][shap][INFO] - np.sum(w_aug) = np.float64(137.0)
[2026-09-19 05:02:23,598][shap][INFO] - np.sum(self.kernelWeights) = np.float64(0.9999999999999997)
[2026-09-19 05:02:23,601][shap][INFO] - phi = array([-0.00254806,  0.        ,  0.        ,  0.        ,  0.        ,
        0.        ,  0.        ,  0.        ,  0.        ,  0.        ,
        0.        ,  0.        ,  0.        ,  0.00525139,  0.        ,
        0.        ,  0.        ,  0.        ,  0.        ,  0.        ,
        0.        ,  0.        ,  0.        ,  0.        ,  0.        ,
        0.        ,  0.        ,  0.        ,  0.        ,  0.        ,
        0.        ,  0.        ,  0.        , -0.03496142,  0.        ,
       -0.02437707,  0.        , -0.03150451,  0.        ,  0.        ,
        0.        , -0.02770965,  0.        ,  0.        , -0.03135276,
        0.        ,  0.        ,  0.        ,  0.        ,  0.        ,
        0.        ,  0.        ,  0.        ,  0.        , -0.01145199,
        0.        ,  0.        ,  0.        ,  0.        ,  0.        ,
        0.        ,  0.        ,  0.        ,  0.        ,  0.        ,
        0.        ,  0.        ,  0.        ,  0.        ,  0.        ,
        0.        ,  0.        ,  0.        ,  0.        ,  0.        ,
        0.        ,  0.        ,  0.        ,  0.        ,  0.        ,
        0.        ,  0.        ,  0.        ,  0.        ,  0.        ,
        0.        ,  0.        ,  0.        ,  0.        ,  0.        ,
        0.        ,  0.        ,  0.        ,  0.        ,  0.        ,
        0.        , -0.01852004,  0.        ,  0.        ,  0.        ,
        0.        ,  0.        ,  0.        ,  0.        ,  0.        ,
       -0.02093263,  0.        ,  0.        ,  0.        ,  0.        ,
        0.        ,  0.        ,  0.        ,  0.        ,  0.        ,
        0.        ,  0.        ,  0.        ,  0.        ,  0.        ,
        0.        ,  0.        ,  0.        ,  0.        ,  0.        ,
        0.        ,  0.        ,  0.        ,  0.        ,  0.        ,
        0.        ,  0.        ,  0.        ,  0.        ,  0.        ,
        0.        ,  0.        ])
[2026-09-19 05:02:23,601][shap][INFO] - np.sum(w_aug) = np.float64(137.0)
[2026-09-19 05:02:23,601][shap][INFO] - np.sum(self.kernelWeights) = np.float64(0.9999999999999997)
[2026-09-19 05:02:23,604][shap][INFO] - phi = array([-0.02096078,  0.        ,  0.        ,  0.        ,  0.        ,
        0.        , -0.00799641,  0.        ,  0.        , -0.03414927,
        0.        ,  0.        ,  0.        ,  0.        , -0.0349644 ,
        0.        ,  0.        ,  0.        ,  0.        ,  0.        ,
        0.        ,  0.        ,  0.        ,  0.        ,  0.        ,
        0.        ,  0.        ,  0.        ,  0.        ,  0.        ,
        0.        ,  0.        ,  0.        ,  0.        ,  0.        ,
        0.        ,  0.        ,  0.        , -0.05082   ,  0.        ,
        0.        , -0.02002433,  0.        ,  0.        ,  0.        ,
        0.        , -0.04426666,  0.        ,  0.        ,  0.        ,
        0.        ,  0.        , -0.00137587,  0.        ,  0.        ,
        0.        , -0.03006011,  0.        ,  0.        ,  0.        ,
        0.        ,  0.        ,  0.        ,  0.        ,  0.        ,
        0.        ,  0.        ,  0.        ,  0.        ,  0.        ,
        0.        ,  0.        , -0.02132054,  0.        ,  0.        ,
        0.        ,  0.        ,  0.        ,  0.        ,  0.        ,
        0.        ,  0.        ,  0.        ,  0.        ,  0.        ,
        0.        ,  0.        ,  0.        ,  0.        ,  0.        ,
        0.        ,  0.        ,  0.        ,  0.        ,  0.        ,
        0.        ,  0.        ,  0.        ,  0.        ,  0.        ,
        0.        ,  0.        ,  0.        ,  0.        ,  0.        ,
        0.        ,  0.        ,  0.        ,  0.        ,  0.        ,
        0.        ,  0.        ,  0.        ,  0.        ,  0.        ,
        0.        ,  0.        ,  0.        ,  0.        ,  0.        ,
        0.        ,  0.        ,  0.        ,  0.        ,  0.        ,
        0.        ,  0.        ,  0.        ,  0.        ,  0.        ,
        0.        ,  0.        ,  0.        ,  0.        ,  0.        ,
        0.        ,  0.        ])
[2026-09-19 05:02:23,605][shap][INFO] - np.sum(w_aug) = np.float64(137.0)
[2026-09-19 05:02:23,605][shap][INFO] - np.sum(self.kernelWeights) = np.float64(0.9999999999999997)
[2026-09-19 05:02:23,608][shap][INFO] - phi = array([ 0.08016374,  0.        ,  0.        ,  0.        ,  0.0966667 ,
        0.        ,  0.        ,  0.        ,  0.        ,  0.        ,
        0.        ,  0.        ,  0.        ,  0.        ,  0.        ,
        0.        ,  0.        ,  0.        ,  0.        ,  0.        ,
        0.        , -0.00895065,  0.        ,  0.        ,  0.        ,
        0.        ,  0.        ,  0.        ,  0.        ,  0.        ,
        0.        ,  0.        ,  0.        ,  0.        ,  0.        ,
        0.        ,  0.        ,  0.04672638,  0.        ,  0.        ,
        0.        ,  0.05186777,  0.        ,  0.        ,  0.10705283,
        0.        ,  0.09756669,  0.        ,  0.        ,  0.        ,
        0.        ,  0.        ,  0.        ,  0.        ,  0.03244642,
        0.        ,  0.        ,  0.        ,  0.        ,  0.        ,
        0.        ,  0.        ,  0.        ,  0.        ,  0.        ,
        0.        ,  0.        ,  0.        ,  0.        ,  0.        ,
        0.        ,  0.        ,  0.        ,  0.        ,  0.        ,
        0.        ,  0.1482542 ,  0.        ,  0.        ,  0.        ,
        0.        ,  0.        ,  0.        ,  0.        ,  0.        ,
        0.        ,  0.        ,  0.        ,  0.        ,  0.        ,
        0.        ,  0.        ,  0.        ,  0.        ,  0.        ,
        0.        ,  0.        ,  0.        ,  0.        ,  0.        ,
        0.        ,  0.        ,  0.        ,  0.        ,  0.        ,
        0.        ,  0.        ,  0.        ,  0.        ,  0.        ,
        0.        ,  0.        ,  0.        ,  0.        ,  0.        ,
        0.        ,  0.        ,  0.        ,  0.        ,  0.00426366,
        0.        ,  0.        ,  0.        ,  0.        ,  0.        ,
        0.        ,  0.        ,  0.        ,  0.        ,  0.        ,
        0.        ,  0.        ,  0.        ,  0.        ,  0.        ,
        0.        ,  0.        ])
[2026-09-19 05:02:23,617][shap][INFO] - num_full_subsets = 0
[2026-09-19 05:02:23,618][shap][INFO] - remaining_weight_vector = array([0.18337037, 0.09236434, 0.06203575, 0.04687664, 0.03778541,
       0.03172821, 0.0274048 , 0.02416509, 0.02164789, 0.01963651,
       0.01799305, 0.01662558, 0.01547045, 0.01448221, 0.01362753,
       0.01288139, 0.01222469, 0.01164256, 0.01112327, 0.01065742,
       0.01023743, 0.00985706, 0.0095112 , 0.00919556, 0.00890656,
       0.00864115, 0.00839676, 0.00817116, 0.00796244, 0.00776896,
       0.00758928, 0.00742213, 0.00726643, 0.00712118, 0.00698554,
       0.00685874, 0.0067401 , 0.00662902, 0.00652495, 0.00642742,
       0.00633597, 0.00625022, 0.00616981, 0.00609442, 0.00602376,
       0.00595757, 0.0058956 , 0.00583763, 0.00578348, 0.00573296,
       0.0056859 , 0.00564217, 0.00560161, 0.00556412, 0.00552957,
       0.00549788, 0.00546894, 0.00544268, 0.00541903, 0.00539792,
       0.00537929, 0.00536309, 0.00534929, 0.00533784, 0.00532871,
       0.00532189, 0.00531735, 0.00531508])
[2026-09-19 05:02:23,618][shap][INFO] - num_paired_subset_sizes = 68
[2026-09-19 05:02:23,621][shap][INFO] - weight_left = np.float64(0.9999999999999998)
[2026-09-19 05:02:23,623][shap][INFO] - np.sum(w_aug) = np.float64(136.99999999999997)
[2026-09-19 05:02:23,623][shap][INFO] - np.sum(self.kernelWeights) = np.float64(0.9999999999999997)
[2026-09-19 05:02:23,627][shap][INFO] - phi = array([ 0.        , -0.01093402,  0.        ,  0.        ,  0.        ,
        0.        ,  0.        ,  0.        ,  0.        ,  0.        ,
        0.        ,  0.        ,  0.        ,  0.        ,  0.        ,
        0.        ,  0.        ,  0.        ,  0.        ,  0.        ,
        0.        ,  0.        ,  0.        ,  0.        ,  0.        ,
        0.        ,  0.        ,  0.        ,  0.        ,  0.        ,
        0.        ,  0.        ,  0.        ,  0.        ,  0.        ,
        0.        , -0.02537858,  0.        , -0.02160892,  0.        ,
        0.        ,  0.        ,  0.        ,  0.        ,  0.        ,
       -0.0159269 , -0.00404738,  0.        ,  0.        ,  0.        ,
        0.        ,  0.        ,  0.        ,  0.        ,  0.        ,
        0.        ,  0.        ,  0.        ,  0.        ,  0.        ,
        0.        ,  0.        , -0.02233402,  0.        ,  0.        ,
        0.        ,  0.        ,  0.        ,  0.        ,  0.        ,
        0.        , -0.01427393,  0.        ,  0.        ,  0.        ,
        0.        , -0.02939656,  0.        ,  0.        ,  0.        ,
        0.        ,  0.        ,  0.        ,  0.        ,  0.        ,
        0.        ,  0.        ,  0.        ,  0.        ,  0.        ,
       -0.01200122,  0.        ,  0.        ,  0.        ,  0.        ,
        0.        ,  0.        ,  0.        ,  0.        ,  0.        ,
        0.        ,  0.        ,  0.        ,  0.        ,  0.        ,
        0.        ,  0.        ,  0.        ,  0.        ,  0.        ,
        0.        ,  0.        ,  0.        ,  0.        ,  0.        ,
       -0.00948454,  0.        ,  0.        ,  0.        ,  0.        ,
        0.        ,  0.        ,  0.        ,  0.        ,  0.        ,
        0.        ,  0.        ,  0.        ,  0.        ,  0.        ,
        0.        ,  0.        ,  0.        ,  0.        ,  0.        ,
        0.        ,  0.        ])
[2026-09-19 05:02:23,627][shap][INFO] - np.sum(w_aug) = np.float64(136.99999999999997)
[2026-09-19 05:02:23,627][shap][INFO] - np.sum(self.kernelWeights) = np.float64(0.9999999999999997)
[2026-09-19 05:02:23,630][shap][INFO] - phi = array([ 0.        ,  0.        ,  0.        ,  0.        ,  0.        ,
        0.        ,  0.        ,  0.        ,  0.        ,  0.        ,
       -0.00616105,  0.        ,  0.        ,  0.        , -0.01411206,
        0.        ,  0.        , -0.01581725,  0.        , -0.01976955,
        0.        ,  0.        , -0.00681667,  0.        ,  0.        ,
        0.        , -0.01628642,  0.        ,  0.        ,  0.        ,
        0.        ,  0.        ,  0.        ,  0.        ,  0.        ,
        0.        ,  0.        ,  0.        ,  0.        ,  0.        ,
        0.        ,  0.        ,  0.        ,  0.        ,  0.        ,
        0.        , -0.01004026,  0.        ,  0.        ,  0.        ,
        0.        ,  0.        ,  0.        ,  0.        ,  0.        ,
        0.        , -0.04140756,  0.        ,  0.        ,  0.        ,
        0.        ,  0.        ,  0.        ,  0.        ,  0.        ,
        0.        ,  0.        ,  0.        ,  0.        ,  0.        ,
        0.        ,  0.        ,  0.        ,  0.        ,  0.        ,
        0.        ,  0.        ,  0.        ,  0.        ,  0.        ,
        0.        ,  0.        ,  0.        ,  0.        ,  0.        ,
        0.        ,  0.        ,  0.        ,  0.        ,  0.        ,
        0.        ,  0.        ,  0.        ,  0.        ,  0.        ,
        0.        ,  0.        ,  0.        ,  0.        ,  0.        ,
        0.        ,  0.        ,  0.        ,  0.        ,  0.        ,
        0.        , -0.00315815,  0.        ,  0.        ,  0.        ,
        0.        ,  0.        ,  0.        ,  0.        ,  0.        ,
        0.        ,  0.        ,  0.        ,  0.        ,  0.        ,
        0.        ,  0.        ,  0.        ,  0.        ,  0.        ,
        0.        ,  0.        ,  0.        ,  0.        ,  0.        ,
       -0.01604921,  0.        ,  0.        ,  0.        ,  0.        ,
        0.        ,  0.        ])
[2026-09-19 05:02:23,631][shap][INFO] - np.sum(w_aug) = np.float64(136.99999999999997)
[2026-09-19 05:02:23,631][shap][INFO] - np.sum(self.kernelWeights) = np.float64(0.9999999999999997)
[2026-09-19 05:02:23,634][shap][INFO] - phi = array([0.        , 0.        , 0.        , 0.        , 0.        ,
       0.        , 0.        , 0.        , 0.        , 0.        ,
       0.        , 0.        , 0.        , 0.        , 0.03804213,
       0.        , 0.        , 0.11070654, 0.        , 0.        ,
       0.        , 0.        , 0.        , 0.        , 0.        ,
       0.        , 0.        , 0.        , 0.        , 0.        ,
       0.        , 0.        , 0.        , 0.        , 0.        ,
       0.        , 0.        , 0.        , 0.10028202, 0.        ,
       0.        , 0.05269843, 0.        , 0.        , 0.        ,
       0.        , 0.07413347, 0.        , 0.        , 0.        ,
       0.        , 0.        , 0.        , 0.        , 0.        ,
       0.        , 0.03348381, 0.        , 0.        , 0.        ,
       0.        , 0.        , 0.        , 0.        , 0.        ,
       0.        , 0.        , 0.        , 0.        , 0.03378867,
       0.        , 0.        , 0.        , 0.        , 0.        ,
       0.        , 0.        , 0.03944791, 0.        , 0.        ,
       0.        , 0.        , 0.        , 0.        , 0.        ,
       0.        , 0.        , 0.        , 0.        , 0.        ,
       0.        , 0.        , 0.        , 0.        , 0.        ,
       0.        , 0.        , 0.        , 0.        , 0.        ,
       0.        , 0.        , 0.        , 0.        , 0.        ,
       0.        , 0.        , 0.        , 0.        , 0.04411241,
       0.        , 0.        , 0.        , 0.        , 0.        ,
       0.04161564, 0.        , 0.        , 0.        , 0.        ,
       0.        , 0.        , 0.        , 0.        , 0.        ,
       0.        , 0.        , 0.        , 0.        , 0.        ,
       0.        , 0.        , 0.        , 0.        , 0.        ,
       0.        , 0.        ])
[2026-09-19 05:02:23,634][shap][INFO] - np.sum(w_aug) = np.float64(136.99999999999997)
[2026-09-19 05:02:23,634][shap][INFO] - np.sum(self.kernelWeights) = np.float64(0.9999999999999997)
[2026-09-19 05:02:23,637][shap][INFO] - phi = array([ 0.        ,  0.        ,  0.        ,  0.        , -0.04232927,
        0.        ,  0.        ,  0.        ,  0.        ,  0.        ,
        0.        ,  0.        ,  0.        ,  0.        ,  0.        ,
        0.        ,  0.        , -0.04922227, -0.02258862,  0.        ,
        0.        ,  0.        ,  0.        ,  0.        ,  0.        ,
        0.        ,  0.        ,  0.        ,  0.        ,  0.        ,
        0.        ,  0.        , -0.01058474,  0.        ,  0.        ,
        0.        ,  0.        ,  0.        , -0.02907194,  0.        ,
        0.        ,  0.        ,  0.        ,  0.        ,  0.        ,
        0.        ,  0.        ,  0.        ,  0.        ,  0.        ,
        0.        ,  0.        ,  0.        ,  0.        ,  0.        ,
        0.        , -0.01313935,  0.        ,  0.        ,  0.        ,
        0.        ,  0.        ,  0.        ,  0.        ,  0.        ,
        0.        ,  0.        ,  0.        ,  0.        ,  0.        ,
        0.        ,  0.        ,  0.        ,  0.        ,  0.        ,
        0.        ,  0.        ,  0.        ,  0.        ,  0.        ,
        0.        ,  0.        ,  0.        ,  0.        ,  0.        ,
        0.        ,  0.        ,  0.        ,  0.        ,  0.        ,
        0.        ,  0.        ,  0.        ,  0.        ,  0.        ,
        0.        ,  0.        ,  0.        ,  0.        ,  0.        ,
        0.        ,  0.        ,  0.        ,  0.        ,  0.        ,
        0.        ,  0.        ,  0.        ,  0.        , -0.03672854,
        0.        ,  0.        ,  0.        ,  0.        ,  0.        ,
       -0.01602162,  0.        ,  0.        ,  0.        ,  0.        ,
        0.        ,  0.        , -0.01096227,  0.        ,  0.        ,
        0.        ,  0.        ,  0.        ,  0.        ,  0.        ,
        0.        ,  0.        ,  0.        , -0.02265818,  0.        ,
        0.        ,  0.        ])
[2026-09-19 05:02:23,646][shap][INFO] - num_full_subsets = 0
[2026-09-19 05:02:23,646][shap][INFO] - remaining_weight_vector = array([0.18337037, 0.09236434, 0.06203575, 0.04687664, 0.03778541,
       0.03172821, 0.0274048 , 0.02416509, 0.02164789, 0.01963651,
       0.01799305, 0.01662558, 0.01547045, 0.01448221, 0.01362753,
       0.01288139, 0.01222469, 0.01164256, 0.01112327, 0.01065742,
       0.01023743, 0.00985706, 0.0095112 , 0.00919556, 0.00890656,
       0.00864115, 0.00839676, 0.00817116, 0.00796244, 0.00776896,
       0.00758928, 0.00742213, 0.00726643, 0.00712118, 0.00698554,
       0.00685874, 0.0067401 , 0.00662902, 0.00652495, 0.00642742,
       0.00633597, 0.00625022, 0.00616981, 0.00609442, 0.00602376,
       0.00595757, 0.0058956 , 0.00583763, 0.00578348, 0.00573296,
       0.0056859 , 0.00564217, 0.00560161, 0.00556412, 0.00552957,
       0.00549788, 0.00546894, 0.00544268, 0.00541903, 0.00539792,
       0.00537929, 0.00536309, 0.00534929, 0.00533784, 0.00532871,
       0.00532189, 0.00531735, 0.00531508])
[2026-09-19 05:02:23,646][shap][INFO] - num_paired_subset_sizes = 68
[2026-09-19 05:02:23,649][shap][INFO] - weight_left = np.float64(0.9999999999999998)
[2026-09-19 05:02:23,651][shap][INFO] - np.sum(w_aug) = np.float64(136.99999999999997)
[2026-09-19 05:02:23,651][shap][INFO] - np.sum(self.kernelWeights) = np.float64(0.9999999999999997)
[2026-09-19 05:02:23,654][shap][INFO] - phi = array([ 0.        ,  0.        ,  0.        ,  0.        ,  0.        ,
        0.        ,  0.        ,  0.        ,  0.        ,  0.        ,
        0.        ,  0.        ,  0.        ,  0.        ,  0.        ,
        0.        ,  0.        ,  0.        ,  0.        ,  0.        ,
        0.        ,  0.        ,  0.        ,  0.        ,  0.        ,
        0.        ,  0.        ,  0.        ,  0.        ,  0.        ,
        0.        ,  0.        ,  0.        ,  0.        ,  0.        ,
        0.        ,  0.        ,  0.        , -0.0423752 ,  0.        ,
        0.        , -0.02185367,  0.        ,  0.        ,  0.        ,
        0.        ,  0.        ,  0.        ,  0.        ,  0.        ,
        0.        ,  0.        , -0.00571238,  0.        ,  0.        ,
        0.        , -0.03496881,  0.        ,  0.        ,  0.        ,
        0.01057511,  0.        ,  0.00163331,  0.        ,  0.        ,
        0.        ,  0.        ,  0.        ,  0.        ,  0.        ,
        0.        ,  0.        ,  0.        ,  0.        ,  0.        ,
        0.        ,  0.        ,  0.        ,  0.        ,  0.        ,
        0.        ,  0.        ,  0.        ,  0.        ,  0.        ,
        0.        ,  0.        ,  0.        ,  0.        ,  0.        ,
        0.        ,  0.        ,  0.        ,  0.        ,  0.        ,
        0.        ,  0.        ,  0.        ,  0.        ,  0.        ,
        0.        ,  0.        ,  0.        ,  0.        ,  0.        ,
        0.        ,  0.        , -0.04825215,  0.        ,  0.        ,
        0.        ,  0.        ,  0.        ,  0.        ,  0.        ,
        0.        ,  0.        ,  0.        ,  0.        ,  0.        ,
        0.        ,  0.        ,  0.        ,  0.        , -0.01518146,
        0.        ,  0.        ,  0.        ,  0.        ,  0.        ,
        0.        ,  0.        ,  0.        ,  0.        ,  0.        ,
        0.        , -0.0298968 ])
[2026-09-19 05:02:23,654][shap][INFO] - np.sum(w_aug) = np.float64(136.99999999999997)
[2026-09-19 05:02:23,654][shap][INFO] - np.sum(self.kernelWeights) = np.float64(0.9999999999999997)
[2026-09-19 05:02:23,657][shap][INFO] - phi = array([ 0.        ,  0.        ,  0.        ,  0.        ,  0.        ,
        0.        ,  0.        ,  0.        ,  0.        ,  0.        ,
       -0.03715882,  0.        ,  0.        ,  0.        , -0.03374892,
        0.        ,  0.        ,  0.        ,  0.        ,  0.        ,
        0.        ,  0.        ,  0.        ,  0.        ,  0.        ,
        0.        ,  0.        ,  0.        ,  0.        ,  0.        ,
        0.        ,  0.        ,  0.        ,  0.        ,  0.        ,
        0.        ,  0.        ,  0.        , -0.02514421,  0.        ,
        0.        ,  0.03377041,  0.        ,  0.        ,  0.        ,
        0.        , -0.03818712,  0.        ,  0.        ,  0.        ,
        0.        ,  0.        ,  0.        ,  0.        ,  0.        ,
        0.        ,  0.        ,  0.        ,  0.        ,  0.        ,
        0.        ,  0.        ,  0.        ,  0.        ,  0.        ,
        0.        ,  0.        ,  0.        ,  0.        ,  0.        ,
        0.        ,  0.        ,  0.        ,  0.        ,  0.        ,
        0.        ,  0.        ,  0.        ,  0.00032072,  0.        ,
        0.        ,  0.        ,  0.        ,  0.        ,  0.        ,
        0.        ,  0.        ,  0.        ,  0.        ,  0.        ,
        0.        ,  0.        ,  0.        ,  0.        ,  0.        ,
        0.        ,  0.        ,  0.        ,  0.        ,  0.        ,
        0.        ,  0.        ,  0.        ,  0.        ,  0.        ,
        0.        ,  0.        ,  0.        , -0.00761102,  0.        ,
        0.        ,  0.        ,  0.        ,  0.        ,  0.        ,
        0.        ,  0.        ,  0.        , -0.02667895,  0.        ,
        0.        ,  0.        ,  0.        ,  0.        ,  0.        ,
        0.        ,  0.        ,  0.        ,  0.        , -0.03120969,
        0.        ,  0.        ,  0.        ,  0.        ,  0.        ,
        0.        , -0.00832718])
[2026-09-19 05:02:23,658][shap][INFO] - np.sum(w_aug) = np.float64(136.99999999999997)
[2026-09-19 05:02:23,658][shap][INFO] - np.sum(self.kernelWeights) = np.float64(0.9999999999999997)
[2026-09-19 05:02:23,661][shap][INFO] - phi = array([0.        , 0.        , 0.        , 0.        , 0.        ,
       0.        , 0.        , 0.        , 0.        , 0.        ,
       0.21691045, 0.        , 0.        , 0.        , 0.        ,
       0.        , 0.        , 0.        , 0.        , 0.        ,
       0.        , 0.        , 0.        , 0.        , 0.        ,
       0.        , 0.        , 0.        , 0.        , 0.        ,
       0.        , 0.        , 0.        , 0.        , 0.        ,
       0.        , 0.        , 0.        , 0.02120848, 0.        ,
       0.        , 0.        , 0.        , 0.        , 0.02475973,
       0.        , 0.11931187, 0.        , 0.        , 0.        ,
       0.        , 0.        , 0.        , 0.        , 0.        ,
       0.        , 0.        , 0.07870657, 0.        , 0.        ,
       0.        , 0.        , 0.        , 0.        , 0.        ,
       0.        , 0.        , 0.        , 0.09598938, 0.        ,
       0.        , 0.        , 0.        , 0.        , 0.        ,
       0.        , 0.        , 0.        , 0.02146514, 0.        ,
       0.        , 0.        , 0.        , 0.        , 0.        ,
       0.        , 0.        , 0.        , 0.        , 0.        ,
       0.        , 0.        , 0.        , 0.        , 0.        ,
       0.        , 0.        , 0.        , 0.        , 0.        ,
       0.        , 0.        , 0.        , 0.        , 0.        ,
       0.        , 0.        , 0.        , 0.        , 0.        ,
       0.        , 0.03041262, 0.        , 0.        , 0.        ,
       0.        , 0.        , 0.        , 0.00070549, 0.        ,
       0.        , 0.        , 0.        , 0.        , 0.        ,
       0.        , 0.        , 0.        , 0.        , 0.        ,
       0.        , 0.        , 0.        , 0.        , 0.        ,
       0.        , 0.03027145])
[2026-09-19 05:02:23,661][shap][INFO] - np.sum(w_aug) = np.float64(136.99999999999997)
[2026-09-19 05:02:23,661][shap][INFO] - np.sum(self.kernelWeights) = np.float64(0.9999999999999997)
[2026-09-19 05:02:23,664][shap][INFO] - phi = array([ 0.        ,  0.        ,  0.        ,  0.        ,  0.        ,
        0.        ,  0.        ,  0.        ,  0.        ,  0.        ,
       -0.09920296,  0.        ,  0.        ,  0.        ,  0.        ,
        0.        ,  0.        ,  0.        ,  0.        ,  0.        ,
        0.        ,  0.        ,  0.        ,  0.        ,  0.        ,
        0.        ,  0.        ,  0.        ,  0.        ,  0.        ,
        0.        ,  0.        ,  0.        ,  0.        ,  0.        ,
        0.        ,  0.        , -0.03361435,  0.03033946,  0.        ,
        0.        ,  0.        ,  0.        ,  0.        , -0.02227651,
        0.        ,  0.        ,  0.        ,  0.        ,  0.        ,
        0.        ,  0.        ,  0.        ,  0.        ,  0.        ,
        0.        ,  0.        , -0.0497444 ,  0.        ,  0.        ,
        0.        ,  0.        ,  0.        ,  0.        ,  0.        ,
        0.        ,  0.        ,  0.        , -0.09937054,  0.        ,
        0.        ,  0.        ,  0.        ,  0.        ,  0.        ,
        0.        ,  0.        ,  0.        , -0.00010921,  0.        ,
        0.        ,  0.        ,  0.        ,  0.        ,  0.        ,
        0.        ,  0.        ,  0.        ,  0.        ,  0.        ,
        0.        ,  0.        ,  0.        ,  0.        ,  0.        ,
        0.        ,  0.        ,  0.        ,  0.        ,  0.        ,
        0.        , -0.00575579,  0.        ,  0.        ,  0.        ,
        0.        ,  0.        ,  0.        ,  0.        ,  0.        ,
        0.        ,  0.        ,  0.        ,  0.        ,  0.        ,
        0.        ,  0.        ,  0.        ,  0.        ,  0.        ,
        0.        ,  0.        ,  0.        ,  0.        ,  0.        ,
        0.        ,  0.        ,  0.        ,  0.        ,  0.        ,
        0.        ,  0.        ,  0.        ,  0.        ,  0.        ,
        0.        ,  0.        ])
[2026-09-19 05:02:23,673][shap][INFO] - num_full_subsets = 0
[2026-09-19 05:02:23,674][shap][INFO] - remaining_weight_vector = array([0.18337037, 0.09236434, 0.06203575, 0.04687664, 0.03778541,
       0.03172821, 0.0274048 , 0.02416509, 0.02164789, 0.01963651,
       0.01799305, 0.01662558, 0.01547045, 0.01448221, 0.01362753,
       0.01288139, 0.01222469, 0.01164256, 0.01112327, 0.01065742,
       0.01023743, 0.00985706, 0.0095112 , 0.00919556, 0.00890656,
       0.00864115, 0.00839676, 0.00817116, 0.00796244, 0.00776896,
       0.00758928, 0.00742213, 0.00726643, 0.00712118, 0.00698554,
       0.00685874, 0.0067401 , 0.00662902, 0.00652495, 0.00642742,
       0.00633597, 0.00625022, 0.00616981, 0.00609442, 0.00602376,
       0.00595757, 0.0058956 , 0.00583763, 0.00578348, 0.00573296,
       0.0056859 , 0.00564217, 0.00560161, 0.00556412, 0.00552957,
       0.00549788, 0.00546894, 0.00544268, 0.00541903, 0.00539792,
       0.00537929, 0.00536309, 0.00534929, 0.00533784, 0.00532871,
       0.00532189, 0.00531735, 0.00531508])
[2026-09-19 05:02:23,674][shap][INFO] - num_paired_subset_sizes = 68
[2026-09-19 05:02:23,677][shap][INFO] - weight_left = np.float64(0.9999999999999998)
[2026-09-19 05:02:23,679][shap][INFO] - np.sum(w_aug) = np.float64(137.0)
[2026-09-19 05:02:23,679][shap][INFO] - np.sum(self.kernelWeights) = np.float64(0.9999999999999996)
[2026-09-19 05:02:23,682][shap][INFO] - phi = array([ 0.        ,  0.        , -0.01126892,  0.        ,  0.        ,
        0.        ,  0.        , -0.02127412,  0.        ,  0.        ,
        0.        ,  0.        ,  0.        ,  0.        ,  0.        ,
        0.        ,  0.        , -0.02265631,  0.        ,  0.        ,
        0.        ,  0.        ,  0.        ,  0.        , -0.01968085,
        0.        ,  0.        ,  0.        ,  0.        ,  0.        ,
        0.        ,  0.        ,  0.        ,  0.        ,  0.        ,
        0.        ,  0.        ,  0.        ,  0.        ,  0.        ,
       -0.02310251, -0.00695219,  0.        ,  0.        ,  0.        ,
        0.        ,  0.        ,  0.        ,  0.        ,  0.        ,
        0.        ,  0.        ,  0.        ,  0.        ,  0.        ,
        0.        ,  0.        ,  0.        ,  0.        ,  0.        ,
       -0.0400589 ,  0.        ,  0.        ,  0.        ,  0.        ,
        0.        ,  0.        ,  0.        ,  0.        , -0.01440585,
       -0.01645513,  0.        ,  0.        ,  0.        ,  0.        ,
        0.        ,  0.        ,  0.        ,  0.        ,  0.        ,
        0.        ,  0.        ,  0.        ,  0.        ,  0.        ,
        0.        ,  0.        ,  0.        ,  0.        ,  0.        ,
       -0.02080967,  0.        ,  0.        ,  0.        ,  0.        ,
        0.        ,  0.        ,  0.        ,  0.        ,  0.        ,
        0.        ,  0.        ,  0.        ,  0.        ,  0.        ,
        0.        ,  0.        ,  0.        ,  0.        ,  0.        ,
        0.        ,  0.        ,  0.        ,  0.        ,  0.        ,
        0.        ,  0.        ,  0.        ,  0.        ,  0.        ,
        0.        ,  0.        ,  0.        ,  0.        ,  0.        ,
        0.        ,  0.        ,  0.        ,  0.        ,  0.        ,
        0.        ,  0.        ,  0.        ,  0.        ,  0.        ,
        0.        ,  0.        ])
[2026-09-19 05:02:23,682][shap][INFO] - np.sum(w_aug) = np.float64(137.0)
[2026-09-19 05:02:23,683][shap][INFO] - np.sum(self.kernelWeights) = np.float64(0.9999999999999996)
[2026-09-19 05:02:23,685][shap][INFO] - phi = array([0.        , 0.        , 0.09456285, 0.        , 0.        ,
       0.        , 0.06718274, 0.0764546 , 0.04478112, 0.        ,
       0.        , 0.        , 0.        , 0.        , 0.        ,
       0.        , 0.        , 0.05133634, 0.        , 0.        ,
       0.        , 0.        , 0.        , 0.        , 0.        ,
       0.0580244 , 0.        , 0.        , 0.        , 0.        ,
       0.        , 0.        , 0.        , 0.        , 0.        ,
       0.        , 0.        , 0.        , 0.        , 0.        ,
       0.        , 0.        , 0.        , 0.        , 0.        ,
       0.        , 0.10952128, 0.        , 0.        , 0.        ,
       0.        , 0.        , 0.        , 0.        , 0.        ,
       0.        , 0.        , 0.        , 0.        , 0.        ,
       0.1538588 , 0.        , 0.        , 0.        , 0.        ,
       0.        , 0.        , 0.        , 0.        , 0.        ,
       0.        , 0.        , 0.        , 0.        , 0.        ,
       0.        , 0.        , 0.        , 0.        , 0.        ,
       0.        , 0.        , 0.        , 0.        , 0.        ,
       0.        , 0.        , 0.        , 0.        , 0.        ,
       0.        , 0.04418672, 0.        , 0.        , 0.        ,
       0.        , 0.        , 0.        , 0.        , 0.        ,
       0.        , 0.        , 0.        , 0.        , 0.        ,
       0.        , 0.        , 0.        , 0.        , 0.        ,
       0.        , 0.        , 0.        , 0.        , 0.        ,
       0.        , 0.        , 0.        , 0.05747917, 0.        ,
       0.        , 0.        , 0.        , 0.        , 0.        ,
       0.        , 0.        , 0.        , 0.        , 0.        ,
       0.        , 0.        , 0.        , 0.        , 0.        ,
       0.        , 0.        ])
[2026-09-19 05:02:23,686][shap][INFO] - np.sum(w_aug) = np.float64(137.0)
[2026-09-19 05:02:23,686][shap][INFO] - np.sum(self.kernelWeights) = np.float64(0.9999999999999996)
[2026-09-19 05:02:23,689][shap][INFO] - phi = array([ 0.        ,  0.        , -0.03704941,  0.        ,  0.        ,
        0.        , -0.03457595,  0.        ,  0.        ,  0.        ,
        0.        ,  0.        ,  0.        ,  0.        ,  0.        ,
        0.        ,  0.        ,  0.        ,  0.        ,  0.        ,
        0.        ,  0.        ,  0.        ,  0.        ,  0.        ,
       -0.00889342,  0.        ,  0.        ,  0.        ,  0.        ,
        0.        ,  0.        ,  0.        ,  0.        ,  0.        ,
        0.        ,  0.        ,  0.        ,  0.        , -0.03627025,
        0.        ,  0.        ,  0.        ,  0.        ,  0.        ,
        0.        , -0.04859668,  0.        ,  0.        ,  0.        ,
        0.        ,  0.        ,  0.        ,  0.        ,  0.        ,
        0.        , -0.04908116,  0.        ,  0.        ,  0.        ,
        0.        ,  0.        ,  0.        , -0.0257831 ,  0.        ,
        0.        ,  0.        ,  0.        ,  0.        , -0.01297292,
        0.        ,  0.        ,  0.        ,  0.        , -0.0070219 ,
        0.        ,  0.        ,  0.        ,  0.        ,  0.        ,
        0.        ,  0.        ,  0.        ,  0.        ,  0.        ,
        0.        ,  0.        ,  0.        ,  0.        ,  0.        ,
        0.        ,  0.        ,  0.        ,  0.        ,  0.        ,
        0.        ,  0.        ,  0.        ,  0.        ,  0.        ,
        0.        ,  0.        ,  0.        ,  0.        ,  0.        ,
        0.        ,  0.        , -0.00880918,  0.        ,  0.        ,
        0.        ,  0.        ,  0.        ,  0.        ,  0.        ,
        0.        ,  0.        ,  0.        ,  0.        ,  0.        ,
        0.        ,  0.        ,  0.        ,  0.        ,  0.        ,
        0.        ,  0.        ,  0.        ,  0.        ,  0.        ,
        0.        ,  0.        ,  0.        ,  0.        ,  0.        ,
        0.        ,  0.        ])
[2026-09-19 05:02:23,690][shap][INFO] - np.sum(w_aug) = np.float64(137.0)
[2026-09-19 05:02:23,690][shap][INFO] - np.sum(self.kernelWeights) = np.float64(0.9999999999999996)
[2026-09-19 05:02:23,693][shap][INFO] - phi = array([ 0.        ,  0.        , -0.03822318,  0.        , -0.04036492,
        0.        , -0.02789446, -0.01886593,  0.        ,  0.        ,
        0.        ,  0.        ,  0.        ,  0.        ,  0.        ,
        0.        ,  0.        ,  0.        ,  0.        ,  0.        ,
        0.        ,  0.        ,  0.        ,  0.        ,  0.        ,
        0.        ,  0.        ,  0.        ,  0.        ,  0.        ,
        0.        ,  0.        ,  0.        ,  0.        ,  0.        ,
        0.        ,  0.        ,  0.        ,  0.        ,  0.        ,
        0.        , -0.00821335,  0.        ,  0.        ,  0.        ,
        0.        ,  0.        ,  0.        ,  0.        ,  0.        ,
        0.        ,  0.        ,  0.        ,  0.        ,  0.        ,
        0.        ,  0.        ,  0.        ,  0.        ,  0.        ,
       -0.0815104 ,  0.        ,  0.        ,  0.        ,  0.        ,
        0.        ,  0.        ,  0.        ,  0.        ,  0.        ,
        0.        ,  0.        ,  0.        ,  0.        ,  0.        ,
        0.        ,  0.        ,  0.        ,  0.        ,  0.        ,
       -0.02599321,  0.        ,  0.        ,  0.        ,  0.        ,
        0.        ,  0.        ,  0.        , -0.01451017,  0.        ,
        0.        ,  0.        ,  0.        ,  0.        ,  0.        ,
        0.        ,  0.        ,  0.        ,  0.        ,  0.        ,
        0.        ,  0.        ,  0.        ,  0.        ,  0.        ,
        0.        ,  0.        ,  0.        ,  0.        ,  0.        ,
        0.        ,  0.        ,  0.        ,  0.        ,  0.        ,
        0.        ,  0.        ,  0.        , -0.02215522,  0.        ,
        0.        ,  0.        ,  0.        ,  0.        ,  0.        ,
        0.        ,  0.        ,  0.        ,  0.        ,  0.        ,
        0.        , -0.01393873,  0.        ,  0.        ,  0.        ,
        0.        ,  0.        ])
[2026-09-19 05:02:23,702][shap][INFO] - num_full_subsets = 0
[2026-09-19 05:02:23,702][shap][INFO] - remaining_weight_vector = array([0.18337037, 0.09236434, 0.06203575, 0.04687664, 0.03778541,
       0.03172821, 0.0274048 , 0.02416509, 0.02164789, 0.01963651,
       0.01799305, 0.01662558, 0.01547045, 0.01448221, 0.01362753,
       0.01288139, 0.01222469, 0.01164256, 0.01112327, 0.01065742,
       0.01023743, 0.00985706, 0.0095112 , 0.00919556, 0.00890656,
       0.00864115, 0.00839676, 0.00817116, 0.00796244, 0.00776896,
       0.00758928, 0.00742213, 0.00726643, 0.00712118, 0.00698554,
       0.00685874, 0.0067401 , 0.00662902, 0.00652495, 0.00642742,
       0.00633597, 0.00625022, 0.00616981, 0.00609442, 0.00602376,
       0.00595757, 0.0058956 , 0.00583763, 0.00578348, 0.00573296,
       0.0056859 , 0.00564217, 0.00560161, 0.00556412, 0.00552957,
       0.00549788, 0.00546894, 0.00544268, 0.00541903, 0.00539792,
       0.00537929, 0.00536309, 0.00534929, 0.00533784, 0.00532871,
       0.00532189, 0.00531735, 0.00531508])
[2026-09-19 05:02:23,702][shap][INFO] - num_paired_subset_sizes = 68
[2026-09-19 05:02:23,705][shap][INFO] - weight_left = np.float64(0.9999999999999998)
[2026-09-19 05:02:23,707][shap][INFO] - np.sum(w_aug) = np.float64(136.99999999999997)
[2026-09-19 05:02:23,707][shap][INFO] - np.sum(self.kernelWeights) = np.float64(0.9999999999999997)
[2026-09-19 05:02:23,710][shap][INFO] - phi = array([0.        , 0.        , 0.        , 0.        , 0.        ,
       0.        , 0.        , 0.        , 0.        , 0.        ,
       0.        , 0.        , 0.        , 0.        , 0.        ,
       0.        , 0.        , 0.        , 0.        , 0.        ,
       0.01961166, 0.        , 0.        , 0.        , 0.        ,
       0.07373606, 0.        , 0.        , 0.        , 0.        ,
       0.        , 0.        , 0.        , 0.        , 0.        ,
       0.        , 0.        , 0.        , 0.01290591, 0.        ,
       0.04282236, 0.        , 0.        , 0.24427591, 0.        ,
       0.12297925, 0.04396598, 0.        , 0.        , 0.        ,
       0.        , 0.        , 0.        , 0.        , 0.        ,
       0.        , 0.        , 0.        , 0.        , 0.        ,
       0.        , 0.        , 0.06734189, 0.        , 0.        ,
       0.        , 0.        , 0.        , 0.        , 0.        ,
       0.        , 0.        , 0.        , 0.        , 0.        ,
       0.        , 0.        , 0.        , 0.        , 0.        ,
       0.        , 0.        , 0.        , 0.        , 0.        ,
       0.        , 0.        , 0.        , 0.        , 0.        ,
       0.        , 0.        , 0.        , 0.        , 0.        ,
       0.        , 0.        , 0.        , 0.        , 0.        ,
       0.        , 0.        , 0.        , 0.        , 0.        ,
       0.        , 0.        , 0.        , 0.        , 0.02187406,
       0.        , 0.        , 0.        , 0.        , 0.        ,
       0.        , 0.        , 0.        , 0.        , 0.        ,
       0.        , 0.        , 0.        , 0.        , 0.        ,
       0.        , 0.        , 0.        , 0.        , 0.        ,
       0.        , 0.        , 0.        , 0.        , 0.04872744,
       0.        , 0.        ])
[2026-09-19 05:02:23,710][shap][INFO] - np.sum(w_aug) = np.float64(136.99999999999997)
[2026-09-19 05:02:23,710][shap][INFO] - np.sum(self.kernelWeights) = np.float64(0.9999999999999997)
[2026-09-19 05:02:23,714][shap][INFO] - phi = array([ 0.        ,  0.        ,  0.        ,  0.        ,  0.        ,
        0.        ,  0.        ,  0.        ,  0.        ,  0.        ,
        0.        ,  0.        ,  0.        ,  0.        ,  0.        ,
        0.        ,  0.        ,  0.        ,  0.        ,  0.        ,
       -0.01466712,  0.        ,  0.        ,  0.        ,  0.        ,
        0.        ,  0.        ,  0.        ,  0.        ,  0.        ,
        0.        ,  0.        ,  0.        ,  0.        ,  0.        ,
       -0.02679922,  0.        ,  0.        ,  0.        ,  0.        ,
        0.        , -0.02068072, -0.02899155,  0.        ,  0.        ,
        0.        ,  0.        ,  0.        ,  0.        , -0.01893711,
        0.        ,  0.        ,  0.        ,  0.        , -0.01289546,
        0.        ,  0.        ,  0.        ,  0.        ,  0.        ,
        0.        ,  0.        , -0.018983  , -0.008008  ,  0.        ,
        0.        ,  0.        ,  0.        ,  0.        ,  0.        ,
        0.        ,  0.        ,  0.        ,  0.        ,  0.        ,
        0.        ,  0.        ,  0.        ,  0.        ,  0.        ,
        0.        ,  0.        ,  0.        ,  0.        ,  0.        ,
        0.        ,  0.        ,  0.        ,  0.        ,  0.        ,
        0.        ,  0.        ,  0.        ,  0.        ,  0.        ,
        0.        ,  0.        ,  0.        ,  0.        ,  0.        ,
        0.        ,  0.        ,  0.        ,  0.        ,  0.        ,
        0.        ,  0.        ,  0.00323184,  0.        ,  0.        ,
        0.        ,  0.        ,  0.        ,  0.        ,  0.        ,
        0.        ,  0.        ,  0.        ,  0.        ,  0.        ,
       -0.01512695,  0.        ,  0.        ,  0.        ,  0.        ,
        0.        ,  0.        ,  0.        ,  0.        ,  0.        ,
        0.        ,  0.        ,  0.        ,  0.        ,  0.        ,
        0.        ,  0.        ])
[2026-09-19 05:02:23,714][shap][INFO] - np.sum(w_aug) = np.float64(136.99999999999997)
[2026-09-19 05:02:23,714][shap][INFO] - np.sum(self.kernelWeights) = np.float64(0.9999999999999997)
[2026-09-19 05:02:23,717][shap][INFO] - phi = array([-0.0246585 ,  0.        ,  0.        ,  0.        ,  0.        ,
        0.        ,  0.        ,  0.        ,  0.        ,  0.        ,
        0.        ,  0.        ,  0.        ,  0.        , -0.01999182,
        0.        ,  0.        ,  0.        ,  0.        ,  0.        ,
        0.        ,  0.        ,  0.        ,  0.        ,  0.        ,
       -0.04728609,  0.        ,  0.        ,  0.        ,  0.        ,
        0.        ,  0.        ,  0.        ,  0.        ,  0.        ,
        0.        ,  0.        ,  0.        , -0.03125289,  0.        ,
        0.        ,  0.        ,  0.        ,  0.        ,  0.        ,
       -0.02100323, -0.03581689,  0.        ,  0.        ,  0.        ,
        0.        ,  0.        ,  0.        ,  0.        ,  0.        ,
        0.        ,  0.        ,  0.        ,  0.        ,  0.        ,
        0.        ,  0.        , -0.04063743,  0.        ,  0.        ,
        0.        ,  0.        ,  0.        ,  0.        ,  0.        ,
        0.        ,  0.        ,  0.        ,  0.        ,  0.        ,
        0.        ,  0.        ,  0.        ,  0.        ,  0.        ,
        0.        ,  0.        ,  0.        ,  0.        ,  0.        ,
        0.        ,  0.        ,  0.        ,  0.        ,  0.        ,
        0.        ,  0.        ,  0.        ,  0.        ,  0.        ,
        0.        ,  0.        ,  0.        ,  0.        , -0.011497  ,
        0.        ,  0.        ,  0.        ,  0.        ,  0.        ,
        0.        ,  0.        ,  0.        ,  0.        ,  0.        ,
        0.        ,  0.        ,  0.        ,  0.        ,  0.        ,
        0.        ,  0.        ,  0.        ,  0.        , -0.01813283,
        0.        ,  0.        ,  0.        ,  0.        ,  0.        ,
        0.        ,  0.        ,  0.        ,  0.        ,  0.        ,
        0.        ,  0.        ,  0.        ,  0.        , -0.0151116 ,
        0.        ,  0.        ])
[2026-09-19 05:02:23,718][shap][INFO] - np.sum(w_aug) = np.float64(136.99999999999997)
[2026-09-19 05:02:23,718][shap][INFO] - np.sum(self.kernelWeights) = np.float64(0.9999999999999997)
[2026-09-19 05:02:23,721][shap][INFO] - phi = array([-0.01794532,  0.        ,  0.        ,  0.        ,  0.        ,
        0.        ,  0.        ,  0.        ,  0.        ,  0.        ,
        0.        ,  0.        ,  0.        ,  0.        ,  0.        ,
        0.        ,  0.        ,  0.        , -0.01394761, -0.02934939,
        0.01058433,  0.        ,  0.        ,  0.        ,  0.        ,
       -0.04865593,  0.        ,  0.        ,  0.        ,  0.        ,
        0.        ,  0.        ,  0.        ,  0.        ,  0.        ,
        0.        ,  0.        ,  0.        ,  0.        , -0.01376748,
        0.        ,  0.        ,  0.        , -0.1361615 ,  0.        ,
        0.        ,  0.        ,  0.        ,  0.        ,  0.        ,
        0.        ,  0.        ,  0.        ,  0.        , -0.01236042,
        0.        ,  0.        ,  0.        ,  0.        ,  0.        ,
        0.        ,  0.        , -0.00496245,  0.        ,  0.        ,
        0.        ,  0.        ,  0.        ,  0.        ,  0.        ,
        0.        ,  0.        ,  0.        ,  0.        ,  0.        ,
        0.        ,  0.        ,  0.        ,  0.        ,  0.        ,
        0.        ,  0.        ,  0.        ,  0.        ,  0.        ,
        0.        ,  0.        ,  0.        ,  0.        ,  0.        ,
        0.        ,  0.        ,  0.        ,  0.        ,  0.        ,
        0.        ,  0.        ,  0.        ,  0.        ,  0.        ,
        0.        ,  0.        ,  0.        ,  0.        ,  0.        ,
        0.        ,  0.        , -0.00442917,  0.        ,  0.        ,
        0.        ,  0.        ,  0.        ,  0.        ,  0.        ,
        0.        ,  0.        ,  0.        ,  0.        ,  0.        ,
        0.        ,  0.        ,  0.        ,  0.        ,  0.        ,
        0.        ,  0.        ,  0.        ,  0.        ,  0.        ,
        0.        ,  0.        ,  0.        ,  0.        ,  0.        ,
        0.        ,  0.        ])
[2026-09-19 05:02:23,730][shap][INFO] - num_full_subsets = 0
[2026-09-19 05:02:23,730][shap][INFO] - remaining_weight_vector = array([0.18337037, 0.09236434, 0.06203575, 0.04687664, 0.03778541,
       0.03172821, 0.0274048 , 0.02416509, 0.02164789, 0.01963651,
       0.01799305, 0.01662558, 0.01547045, 0.01448221, 0.01362753,
       0.01288139, 0.01222469, 0.01164256, 0.01112327, 0.01065742,
       0.01023743, 0.00985706, 0.0095112 , 0.00919556, 0.00890656,
       0.00864115, 0.00839676, 0.00817116, 0.00796244, 0.00776896,
       0.00758928, 0.00742213, 0.00726643, 0.00712118, 0.00698554,
       0.00685874, 0.0067401 , 0.00662902, 0.00652495, 0.00642742,
       0.00633597, 0.00625022, 0.00616981, 0.00609442, 0.00602376,
       0.00595757, 0.0058956 , 0.00583763, 0.00578348, 0.00573296,
       0.0056859 , 0.00564217, 0.00560161, 0.00556412, 0.00552957,
       0.00549788, 0.00546894, 0.00544268, 0.00541903, 0.00539792,
       0.00537929, 0.00536309, 0.00534929, 0.00533784, 0.00532871,
       0.00532189, 0.00531735, 0.00531508])
[2026-09-19 05:02:23,731][shap][INFO] - num_paired_subset_sizes = 68
[2026-09-19 05:02:23,734][shap][INFO] - weight_left = np.float64(0.9999999999999998)
[2026-09-19 05:02:23,735][shap][INFO] - np.sum(w_aug) = np.float64(136.99999999999997)
[2026-09-19 05:02:23,736][shap][INFO] - np.sum(self.kernelWeights) = np.float64(0.9999999999999997)
[2026-09-19 05:02:23,739][shap][INFO] - phi = array([ 0.        ,  0.        ,  0.        ,  0.        ,  0.16145261,
        0.        ,  0.        , -0.0409571 ,  0.        ,  0.        ,
        0.0473933 ,  0.        ,  0.        ,  0.        ,  0.        ,
        0.        ,  0.        ,  0.        ,  0.        ,  0.        ,
        0.        ,  0.        ,  0.        ,  0.        ,  0.        ,
        0.07131752,  0.        ,  0.        ,  0.        ,  0.        ,
        0.        ,  0.        ,  0.        ,  0.        ,  0.        ,
        0.        ,  0.        ,  0.        ,  0.0412874 ,  0.        ,
        0.        ,  0.        ,  0.        ,  0.        ,  0.        ,
        0.05016374,  0.        ,  0.        ,  0.        ,  0.        ,
        0.        ,  0.        ,  0.        ,  0.        ,  0.        ,
        0.        ,  0.        ,  0.        ,  0.        ,  0.        ,
        0.        ,  0.        ,  0.07217356,  0.        ,  0.        ,
        0.        ,  0.        ,  0.        ,  0.        ,  0.        ,
        0.        ,  0.        ,  0.12714988,  0.        ,  0.        ,
        0.        ,  0.        ,  0.        ,  0.        ,  0.        ,
        0.        ,  0.        ,  0.        ,  0.        , -0.02769625,
        0.        ,  0.        ,  0.        ,  0.        ,  0.        ,
        0.        ,  0.        ,  0.        ,  0.        ,  0.        ,
        0.        ,  0.17157441,  0.        ,  0.        ,  0.        ,
        0.        ,  0.        ,  0.        ,  0.        ,  0.        ,
        0.        ,  0.        ,  0.        ,  0.        ,  0.        ,
        0.        ,  0.        ,  0.        ,  0.        ,  0.        ,
        0.        ,  0.        ,  0.        ,  0.        ,  0.        ,
        0.        ,  0.        ,  0.        ,  0.        ,  0.        ,
        0.        ,  0.        ,  0.        ,  0.        ,  0.        ,
        0.        ,  0.        ,  0.        ,  0.        ,  0.        ,
        0.        ,  0.        ])
[2026-09-19 05:02:23,739][shap][INFO] - np.sum(w_aug) = np.float64(136.99999999999997)
[2026-09-19 05:02:23,739][shap][INFO] - np.sum(self.kernelWeights) = np.float64(0.9999999999999997)
[2026-09-19 05:02:23,743][shap][INFO] - phi = array([ 0.        ,  0.        ,  0.        ,  0.        ,  0.        ,
        0.        , -0.01313959,  0.        ,  0.        ,  0.        ,
        0.        ,  0.        ,  0.        ,  0.        ,  0.        ,
        0.        , -0.00757506, -0.0170253 ,  0.        ,  0.        ,
        0.        ,  0.        ,  0.        ,  0.        ,  0.        ,
       -0.01168798,  0.        ,  0.        ,  0.        ,  0.        ,
        0.        ,  0.        ,  0.        ,  0.        ,  0.        ,
        0.        ,  0.        ,  0.        ,  0.        ,  0.        ,
        0.        ,  0.        ,  0.        ,  0.        ,  0.        ,
        0.        ,  0.        ,  0.        ,  0.        ,  0.        ,
        0.        ,  0.        ,  0.        ,  0.        , -0.01072703,
        0.        ,  0.        ,  0.        ,  0.        ,  0.        ,
       -0.00850192,  0.        , -0.00953819,  0.        ,  0.        ,
        0.        ,  0.        ,  0.        ,  0.        ,  0.        ,
        0.        ,  0.        , -0.0539997 ,  0.        ,  0.        ,
        0.        ,  0.        ,  0.        ,  0.        ,  0.        ,
        0.        ,  0.        ,  0.        ,  0.00140848,  0.        ,
        0.        ,  0.        ,  0.        ,  0.        ,  0.        ,
        0.        ,  0.        ,  0.        ,  0.        ,  0.        ,
        0.        ,  0.        ,  0.        ,  0.        ,  0.        ,
        0.        ,  0.        ,  0.        ,  0.        ,  0.        ,
        0.        ,  0.        ,  0.        ,  0.        ,  0.        ,
        0.        ,  0.        ,  0.        ,  0.        ,  0.        ,
        0.        ,  0.        ,  0.        ,  0.        ,  0.        ,
        0.        ,  0.        ,  0.        , -0.02412119,  0.        ,
        0.        ,  0.        ,  0.        ,  0.        ,  0.        ,
        0.        ,  0.        ,  0.        ,  0.        ,  0.        ,
        0.        ,  0.        ])
[2026-09-19 05:02:23,743][shap][INFO] - np.sum(w_aug) = np.float64(136.99999999999997)
[2026-09-19 05:02:23,743][shap][INFO] - np.sum(self.kernelWeights) = np.float64(0.9999999999999997)
[2026-09-19 05:02:23,746][shap][INFO] - phi = array([ 0.        ,  0.        ,  0.        ,  0.        ,  0.        ,
        0.        ,  0.        ,  0.        ,  0.        ,  0.        ,
        0.        ,  0.        , -0.02012626,  0.        , -0.01530056,
        0.        ,  0.        ,  0.        ,  0.        ,  0.        ,
        0.        ,  0.        ,  0.        ,  0.        ,  0.        ,
        0.        ,  0.        ,  0.        ,  0.        ,  0.        ,
        0.        ,  0.00936905,  0.        ,  0.        ,  0.        ,
        0.        ,  0.        ,  0.        , -0.03250547,  0.        ,
        0.        ,  0.        ,  0.        ,  0.        ,  0.        ,
        0.        , -0.03714532,  0.        ,  0.        ,  0.        ,
        0.        ,  0.        ,  0.        ,  0.        ,  0.        ,
        0.        , -0.00983831, -0.01906865,  0.        ,  0.        ,
        0.        ,  0.        , -0.02477111,  0.        ,  0.        ,
        0.        ,  0.        ,  0.        ,  0.        ,  0.        ,
        0.        ,  0.        ,  0.        ,  0.        ,  0.        ,
        0.        ,  0.        ,  0.        ,  0.        ,  0.        ,
        0.        ,  0.        ,  0.        ,  0.        , -0.00944416,
        0.        ,  0.        ,  0.        ,  0.        ,  0.        ,
        0.        ,  0.        ,  0.        ,  0.        ,  0.        ,
        0.        , -0.10018911,  0.        ,  0.        ,  0.        ,
        0.        ,  0.        ,  0.        ,  0.        ,  0.        ,
        0.        ,  0.        ,  0.        ,  0.        ,  0.        ,
        0.        ,  0.        ,  0.        ,  0.        ,  0.        ,
        0.        ,  0.        ,  0.        ,  0.        ,  0.        ,
        0.        ,  0.        ,  0.        ,  0.        ,  0.        ,
        0.        ,  0.        ,  0.        ,  0.        ,  0.        ,
        0.        ,  0.        ,  0.        ,  0.        ,  0.        ,
        0.        ,  0.        ])
[2026-09-19 05:02:23,746][shap][INFO] - np.sum(w_aug) = np.float64(136.99999999999997)
[2026-09-19 05:02:23,746][shap][INFO] - np.sum(self.kernelWeights) = np.float64(0.9999999999999997)
[2026-09-19 05:02:23,749][shap][INFO] - phi = array([ 0.        ,  0.        ,  0.        ,  0.        , -0.03576995,
        0.        ,  0.        ,  0.        ,  0.        , -0.06686412,
        0.        ,  0.        ,  0.        ,  0.        ,  0.        ,
        0.        ,  0.        ,  0.        ,  0.        ,  0.        ,
        0.        ,  0.        ,  0.        ,  0.        ,  0.        ,
        0.        ,  0.        ,  0.        ,  0.        , -0.02257702,
        0.        ,  0.        ,  0.        , -0.01971886,  0.        ,
        0.        ,  0.        ,  0.        ,  0.        , -0.04775996,
        0.        ,  0.        ,  0.0218527 ,  0.        ,  0.        ,
        0.        ,  0.        ,  0.        ,  0.        ,  0.        ,
        0.        ,  0.        ,  0.        ,  0.        ,  0.        ,
       -0.03218464,  0.        ,  0.        ,  0.        ,  0.        ,
        0.        ,  0.        ,  0.        ,  0.        ,  0.        ,
        0.        ,  0.        ,  0.        ,  0.        ,  0.        ,
        0.        ,  0.        ,  0.        ,  0.        ,  0.        ,
        0.        ,  0.        ,  0.        ,  0.        ,  0.        ,
        0.        ,  0.        ,  0.        ,  0.        ,  0.        ,
        0.        ,  0.        ,  0.        ,  0.        ,  0.        ,
        0.        ,  0.        ,  0.        ,  0.        ,  0.        ,
        0.        ,  0.        ,  0.        ,  0.        ,  0.        ,
        0.        ,  0.        ,  0.        ,  0.        ,  0.        ,
        0.        , -0.03342667,  0.        ,  0.        ,  0.        ,
        0.        ,  0.        ,  0.        ,  0.        ,  0.        ,
        0.        ,  0.        ,  0.        ,  0.        ,  0.        ,
        0.        ,  0.        ,  0.        ,  0.        ,  0.        ,
        0.        ,  0.        ,  0.        ,  0.        ,  0.        ,
        0.        ,  0.        ,  0.        ,  0.        , -0.02348316,
        0.        ,  0.        ])
[2026-09-19 05:02:23,758][shap][INFO] - num_full_subsets = 0
[2026-09-19 05:02:23,759][shap][INFO] - remaining_weight_vector = array([0.18337037, 0.09236434, 0.06203575, 0.04687664, 0.03778541,
       0.03172821, 0.0274048 , 0.02416509, 0.02164789, 0.01963651,
       0.01799305, 0.01662558, 0.01547045, 0.01448221, 0.01362753,
       0.01288139, 0.01222469, 0.01164256, 0.01112327, 0.01065742,
       0.01023743, 0.00985706, 0.0095112 , 0.00919556, 0.00890656,
       0.00864115, 0.00839676, 0.00817116, 0.00796244, 0.00776896,
       0.00758928, 0.00742213, 0.00726643, 0.00712118, 0.00698554,
       0.00685874, 0.0067401 , 0.00662902, 0.00652495, 0.00642742,
       0.00633597, 0.00625022, 0.00616981, 0.00609442, 0.00602376,
       0.00595757, 0.0058956 , 0.00583763, 0.00578348, 0.00573296,
       0.0056859 , 0.00564217, 0.00560161, 0.00556412, 0.00552957,
       0.00549788, 0.00546894, 0.00544268, 0.00541903, 0.00539792,
       0.00537929, 0.00536309, 0.00534929, 0.00533784, 0.00532871,
       0.00532189, 0.00531735, 0.00531508])
[2026-09-19 05:02:23,759][shap][INFO] - num_paired_subset_sizes = 68
[2026-09-19 05:02:23,762][shap][INFO] - weight_left = np.float64(0.9999999999999998)
[2026-09-19 05:02:23,763][shap][INFO] - np.sum(w_aug) = np.float64(136.99999999999997)
[2026-09-19 05:02:23,764][shap][INFO] - np.sum(self.kernelWeights) = np.float64(0.9999999999999997)
[2026-09-19 05:02:23,766][shap][INFO] - phi = array([ 0.        ,  0.        , -0.0147057 ,  0.        ,  0.        ,
        0.        ,  0.        ,  0.        ,  0.        ,  0.        ,
        0.        ,  0.        , -0.03334927, -0.00645347,  0.        ,
        0.        ,  0.        ,  0.        ,  0.        ,  0.        ,
        0.        ,  0.        ,  0.        ,  0.        ,  0.        ,
        0.        ,  0.        ,  0.        ,  0.        ,  0.        ,
        0.        ,  0.        ,  0.        ,  0.        ,  0.        ,
        0.        ,  0.        ,  0.        , -0.02922617,  0.        ,
        0.        , -0.01291803,  0.        ,  0.        ,  0.        ,
        0.        ,  0.        ,  0.        , -0.03976259,  0.        ,
        0.        ,  0.        ,  0.        ,  0.        ,  0.        ,
        0.        ,  0.        ,  0.        ,  0.        ,  0.        ,
        0.        ,  0.        , -0.0202589 ,  0.        ,  0.        ,
        0.        , -0.00181547,  0.        , -0.02425688,  0.        ,
        0.        ,  0.        ,  0.        ,  0.        ,  0.        ,
        0.        ,  0.        ,  0.        ,  0.        ,  0.        ,
        0.        ,  0.        ,  0.        ,  0.        ,  0.        ,
        0.        ,  0.        ,  0.        ,  0.        ,  0.        ,
        0.        ,  0.        ,  0.        ,  0.        ,  0.        ,
        0.        ,  0.        ,  0.        ,  0.        ,  0.        ,
        0.        ,  0.        ,  0.        ,  0.        ,  0.        ,
        0.        ,  0.        ,  0.        , -0.00229882,  0.        ,
        0.        ,  0.        ,  0.        ,  0.        ,  0.        ,
        0.        ,  0.        ,  0.        ,  0.        ,  0.        ,
        0.        ,  0.        ,  0.        ,  0.        ,  0.        ,
        0.        ,  0.        ,  0.        ,  0.        ,  0.        ,
        0.        ,  0.        ,  0.        ,  0.        ,  0.        ,
        0.        ,  0.        ])
[2026-09-19 05:02:23,767][shap][INFO] - np.sum(w_aug) = np.float64(136.99999999999997)
[2026-09-19 05:02:23,767][shap][INFO] - np.sum(self.kernelWeights) = np.float64(0.9999999999999997)
[2026-09-19 05:02:23,770][shap][INFO] - phi = array([ 0.        ,  0.        , -0.01636505,  0.        ,  0.06986115,
        0.        ,  0.        ,  0.        ,  0.        ,  0.        ,
        0.        ,  0.        ,  0.08061019,  0.        ,  0.16712373,
        0.        ,  0.        ,  0.        ,  0.        ,  0.        ,
        0.        ,  0.        ,  0.        ,  0.        ,  0.        ,
        0.        ,  0.        ,  0.        ,  0.        ,  0.        ,
        0.        ,  0.        ,  0.        ,  0.        ,  0.        ,
        0.        ,  0.        ,  0.        ,  0.09894363,  0.        ,
        0.        ,  0.03153944,  0.        ,  0.        ,  0.        ,
        0.        ,  0.08599269,  0.        ,  0.12275857,  0.        ,
        0.        ,  0.        ,  0.        ,  0.        ,  0.        ,
        0.        ,  0.        ,  0.        ,  0.        ,  0.        ,
        0.        ,  0.        ,  0.        ,  0.        ,  0.        ,
        0.        ,  0.        ,  0.        ,  0.04250704,  0.        ,
        0.        ,  0.        ,  0.        ,  0.        ,  0.        ,
        0.        ,  0.        ,  0.        ,  0.        ,  0.        ,
        0.        ,  0.        ,  0.        ,  0.        ,  0.        ,
        0.        ,  0.        ,  0.        ,  0.        ,  0.        ,
        0.        ,  0.        ,  0.        ,  0.        ,  0.        ,
        0.        ,  0.        ,  0.        ,  0.        ,  0.        ,
        0.        ,  0.        ,  0.        ,  0.        ,  0.        ,
        0.        ,  0.        ,  0.        ,  0.02122666,  0.        ,
        0.        ,  0.        ,  0.        ,  0.        ,  0.        ,
        0.        ,  0.        ,  0.        ,  0.        ,  0.        ,
        0.        ,  0.        ,  0.        ,  0.        ,  0.        ,
        0.        ,  0.        ,  0.        ,  0.        ,  0.        ,
        0.        ,  0.        ,  0.        ,  0.        ,  0.        ,
        0.        ,  0.        ])
[2026-09-19 05:02:23,770][shap][INFO] - np.sum(w_aug) = np.float64(136.99999999999997)
[2026-09-19 05:02:23,770][shap][INFO] - np.sum(self.kernelWeights) = np.float64(0.9999999999999997)
[2026-09-19 05:02:23,773][shap][INFO] - phi = array([ 0.        ,  0.        ,  0.        ,  0.        ,  0.        ,
        0.        ,  0.        ,  0.        ,  0.        ,  0.        ,
       -0.01713652,  0.        , -0.03681351,  0.        , -0.06745624,
        0.        ,  0.        ,  0.        ,  0.        ,  0.        ,
        0.        ,  0.        ,  0.        ,  0.        ,  0.        ,
        0.        ,  0.        ,  0.        ,  0.        ,  0.        ,
        0.        ,  0.        ,  0.        ,  0.        ,  0.        ,
        0.        ,  0.        ,  0.        ,  0.        ,  0.        ,
        0.        ,  0.        ,  0.00237983,  0.        ,  0.        ,
        0.        , -0.03912023,  0.        ,  0.        ,  0.        ,
        0.        ,  0.        ,  0.        ,  0.        ,  0.        ,
        0.        , -0.01834847,  0.        ,  0.        ,  0.        ,
        0.        , -0.03673435,  0.        , -0.00251337,  0.        ,
        0.        ,  0.        ,  0.        ,  0.        ,  0.        ,
        0.        ,  0.        ,  0.        , -0.00794819,  0.        ,
        0.        ,  0.        ,  0.        ,  0.        ,  0.        ,
        0.        ,  0.        ,  0.        ,  0.        ,  0.        ,
        0.        ,  0.        ,  0.        ,  0.        ,  0.        ,
        0.        ,  0.        ,  0.        ,  0.        ,  0.        ,
        0.        ,  0.        ,  0.        ,  0.        , -0.01236484,
        0.        ,  0.        ,  0.        ,  0.        ,  0.        ,
        0.        ,  0.        ,  0.        ,  0.        ,  0.        ,
        0.        ,  0.        ,  0.        ,  0.        ,  0.        ,
        0.        ,  0.        ,  0.        ,  0.        ,  0.        ,
        0.        ,  0.        ,  0.        ,  0.        ,  0.        ,
        0.        ,  0.        ,  0.        ,  0.        ,  0.        ,
        0.        ,  0.        ,  0.        ,  0.        ,  0.        ,
        0.        ,  0.        ])
[2026-09-19 05:02:23,774][shap][INFO] - np.sum(w_aug) = np.float64(136.99999999999997)
[2026-09-19 05:02:23,774][shap][INFO] - np.sum(self.kernelWeights) = np.float64(0.9999999999999997)
[2026-09-19 05:02:23,777][shap][INFO] - phi = array([ 0.        ,  0.        ,  0.        ,  0.        , -0.03209528,
        0.        ,  0.        ,  0.        ,  0.        ,  0.        ,
        0.        ,  0.        , -0.03721338,  0.        ,  0.        ,
        0.        ,  0.        ,  0.        ,  0.        ,  0.        ,
        0.        ,  0.        ,  0.        ,  0.        ,  0.        ,
        0.        ,  0.        ,  0.        ,  0.        ,  0.        ,
        0.        ,  0.        ,  0.        ,  0.        ,  0.        ,
        0.        ,  0.        ,  0.        ,  0.        ,  0.        ,
        0.        , -0.00029496,  0.        ,  0.        ,  0.        ,
        0.        , -0.04698105,  0.        , -0.08158591,  0.        ,
        0.        ,  0.        ,  0.        ,  0.        ,  0.        ,
        0.        ,  0.        ,  0.        ,  0.        ,  0.        ,
        0.        ,  0.        ,  0.        ,  0.        ,  0.        ,
        0.        ,  0.        ,  0.        , -0.04316074,  0.        ,
        0.        ,  0.        ,  0.        ,  0.        ,  0.        ,
        0.        ,  0.        ,  0.        ,  0.        ,  0.        ,
        0.        ,  0.        ,  0.        ,  0.        ,  0.        ,
        0.        ,  0.        ,  0.        ,  0.        ,  0.        ,
        0.        ,  0.        ,  0.        ,  0.        ,  0.        ,
       -0.0401459 ,  0.        ,  0.        ,  0.        ,  0.        ,
        0.        ,  0.        , -0.03817309,  0.        ,  0.        ,
        0.        ,  0.        ,  0.        ,  0.03655347,  0.        ,
        0.        ,  0.        ,  0.        ,  0.        ,  0.        ,
        0.        ,  0.        ,  0.        ,  0.        ,  0.        ,
        0.        ,  0.        ,  0.        ,  0.        ,  0.        ,
        0.        ,  0.        ,  0.        ,  0.        ,  0.        ,
        0.        ,  0.        ,  0.        ,  0.        ,  0.        ,
        0.        ,  0.        ])
[2026-09-19 05:02:23,786][shap][INFO] - num_full_subsets = 0
[2026-09-19 05:02:23,786][shap][INFO] - remaining_weight_vector = array([0.18337037, 0.09236434, 0.06203575, 0.04687664, 0.03778541,
       0.03172821, 0.0274048 , 0.02416509, 0.02164789, 0.01963651,
       0.01799305, 0.01662558, 0.01547045, 0.01448221, 0.01362753,
       0.01288139, 0.01222469, 0.01164256, 0.01112327, 0.01065742,
       0.01023743, 0.00985706, 0.0095112 , 0.00919556, 0.00890656,
       0.00864115, 0.00839676, 0.00817116, 0.00796244, 0.00776896,
       0.00758928, 0.00742213, 0.00726643, 0.00712118, 0.00698554,
       0.00685874, 0.0067401 , 0.00662902, 0.00652495, 0.00642742,
       0.00633597, 0.00625022, 0.00616981, 0.00609442, 0.00602376,
       0.00595757, 0.0058956 , 0.00583763, 0.00578348, 0.00573296,
       0.0056859 , 0.00564217, 0.00560161, 0.00556412, 0.00552957,
       0.00549788, 0.00546894, 0.00544268, 0.00541903, 0.00539792,
       0.00537929, 0.00536309, 0.00534929, 0.00533784, 0.00532871,
       0.00532189, 0.00531735, 0.00531508])
[2026-09-19 05:02:23,786][shap][INFO] - num_paired_subset_sizes = 68
[2026-09-19 05:02:23,789][shap][INFO] - weight_left = np.float64(0.9999999999999998)
[2026-09-19 05:02:23,791][shap][INFO] - np.sum(w_aug) = np.float64(136.99999999999997)
[2026-09-19 05:02:23,791][shap][INFO] - np.sum(self.kernelWeights) = np.float64(0.9999999999999997)
[2026-09-19 05:02:23,794][shap][INFO] - phi = array([ 0.        ,  0.        ,  0.        ,  0.        ,  0.        ,
        0.        ,  0.        ,  0.        ,  0.        ,  0.        ,
        0.        ,  0.        , -0.01552557,  0.        ,  0.        ,
        0.        ,  0.        ,  0.        ,  0.        ,  0.        ,
        0.        ,  0.        ,  0.        ,  0.        ,  0.        ,
        0.        ,  0.        ,  0.        ,  0.        ,  0.        ,
        0.        ,  0.06926895,  0.        ,  0.        ,  0.        ,
        0.        ,  0.        ,  0.        ,  0.        ,  0.        ,
        0.16612412,  0.        , -0.01532042,  0.        ,  0.        ,
        0.        ,  0.        ,  0.        ,  0.        ,  0.        ,
        0.        ,  0.        ,  0.        ,  0.        ,  0.        ,
        0.        ,  0.        ,  0.        ,  0.        ,  0.        ,
        0.        ,  0.10057987,  0.09472929,  0.        ,  0.        ,
        0.        ,  0.        ,  0.        ,  0.        ,  0.        ,
        0.        ,  0.        ,  0.        ,  0.        ,  0.        ,
        0.07525645,  0.        ,  0.        ,  0.        ,  0.        ,
        0.        ,  0.        ,  0.        ,  0.        ,  0.10308266,
        0.        ,  0.        ,  0.        ,  0.        ,  0.        ,
        0.        ,  0.        ,  0.        ,  0.        ,  0.        ,
        0.        ,  0.        ,  0.        ,  0.        ,  0.        ,
        0.        ,  0.        ,  0.        ,  0.        ,  0.        ,
        0.        ,  0.        ,  0.        ,  0.        ,  0.        ,
        0.        ,  0.        ,  0.        ,  0.        ,  0.        ,
        0.        ,  0.        ,  0.        ,  0.        ,  0.        ,
        0.        ,  0.        ,  0.        ,  0.        ,  0.        ,
        0.        ,  0.        ,  0.        ,  0.        ,  0.        ,
        0.        ,  0.07882128,  0.        ,  0.        ,  0.        ,
        0.        ,  0.01312986])
[2026-09-19 05:02:23,794][shap][INFO] - np.sum(w_aug) = np.float64(136.99999999999997)
[2026-09-19 05:02:23,794][shap][INFO] - np.sum(self.kernelWeights) = np.float64(0.9999999999999997)
[2026-09-19 05:02:23,798][shap][INFO] - phi = array([ 0.        ,  0.        ,  0.        ,  0.        ,  0.        ,
        0.        ,  0.        ,  0.        ,  0.        ,  0.        ,
        0.        ,  0.        , -0.01279893,  0.        ,  0.        ,
        0.        ,  0.        ,  0.        ,  0.        ,  0.        ,
        0.        ,  0.        ,  0.        ,  0.        ,  0.        ,
        0.        ,  0.        ,  0.        ,  0.        ,  0.        ,
        0.        ,  0.        ,  0.        ,  0.        ,  0.        ,
       -0.0049942 ,  0.        ,  0.        ,  0.        ,  0.        ,
        0.        , -0.03718892,  0.        ,  0.        ,  0.        ,
        0.        ,  0.        ,  0.        ,  0.        ,  0.        ,
        0.        ,  0.        , -0.00354975,  0.        ,  0.        ,
        0.        ,  0.        , -0.01181641,  0.        ,  0.        ,
       -0.05738401,  0.        , -0.0099258 , -0.00326239,  0.        ,
        0.        ,  0.        ,  0.        ,  0.        ,  0.        ,
        0.        ,  0.        ,  0.        ,  0.        ,  0.        ,
        0.        ,  0.        ,  0.        ,  0.        ,  0.        ,
        0.        ,  0.        ,  0.        ,  0.        , -0.00551395,
        0.        ,  0.        ,  0.        ,  0.        ,  0.        ,
        0.        ,  0.        ,  0.        ,  0.        ,  0.        ,
        0.        ,  0.        ,  0.        ,  0.        ,  0.        ,
        0.        ,  0.        ,  0.        ,  0.        ,  0.        ,
        0.        ,  0.        ,  0.        ,  0.        ,  0.        ,
        0.        ,  0.        ,  0.        ,  0.        ,  0.        ,
        0.        ,  0.        ,  0.        ,  0.        ,  0.        ,
        0.        ,  0.        ,  0.        , -0.00422058,  0.        ,
        0.        ,  0.        ,  0.        ,  0.        ,  0.        ,
        0.        ,  0.        ,  0.        ,  0.        ,  0.        ,
        0.        ,  0.        ])
[2026-09-19 05:02:23,798][shap][INFO] - np.sum(w_aug) = np.float64(136.99999999999997)
[2026-09-19 05:02:23,798][shap][INFO] - np.sum(self.kernelWeights) = np.float64(0.9999999999999997)
[2026-09-19 05:02:23,801][shap][INFO] - phi = array([-0.02924469,  0.        ,  0.        ,  0.        ,  0.        ,
        0.        , -0.00715632,  0.        ,  0.        ,  0.        ,
        0.        ,  0.        ,  0.        ,  0.        ,  0.        ,
       -0.0238909 ,  0.        ,  0.        ,  0.        ,  0.        ,
        0.        ,  0.        ,  0.        ,  0.        ,  0.        ,
        0.        ,  0.        ,  0.        ,  0.        ,  0.        ,
        0.        ,  0.        ,  0.        ,  0.        ,  0.        ,
        0.        ,  0.        ,  0.        , -0.04737254,  0.        ,
       -0.03544765,  0.        ,  0.        ,  0.        ,  0.        ,
        0.        ,  0.00867536,  0.        ,  0.        ,  0.        ,
        0.        ,  0.        ,  0.        ,  0.        ,  0.        ,
        0.        ,  0.        ,  0.        ,  0.        ,  0.        ,
        0.        , -0.06561596,  0.        ,  0.        ,  0.        ,
        0.        ,  0.        ,  0.        ,  0.        ,  0.        ,
        0.        ,  0.        ,  0.        ,  0.        ,  0.        ,
        0.        ,  0.        ,  0.        ,  0.        ,  0.        ,
        0.        ,  0.        ,  0.        ,  0.        , -0.03190049,
        0.        ,  0.        ,  0.        ,  0.        ,  0.        ,
        0.        ,  0.        ,  0.        ,  0.        ,  0.        ,
        0.        ,  0.        ,  0.        ,  0.        ,  0.        ,
        0.        ,  0.        ,  0.        ,  0.        ,  0.        ,
        0.        ,  0.        ,  0.        ,  0.        ,  0.        ,
        0.        ,  0.        ,  0.        ,  0.        ,  0.        ,
        0.        ,  0.        ,  0.        ,  0.        ,  0.        ,
        0.        ,  0.        ,  0.        ,  0.        ,  0.        ,
        0.        ,  0.        ,  0.        ,  0.        ,  0.        ,
        0.        ,  0.        ,  0.        ,  0.        ,  0.        ,
        0.        , -0.02909252])
[2026-09-19 05:02:23,802][shap][INFO] - np.sum(w_aug) = np.float64(136.99999999999997)
[2026-09-19 05:02:23,802][shap][INFO] - np.sum(self.kernelWeights) = np.float64(0.9999999999999997)
[2026-09-19 05:02:23,804][shap][INFO] - phi = array([ 0.        ,  0.        ,  0.        ,  0.        ,  0.        ,
        0.        ,  0.        ,  0.        ,  0.        , -0.00632976,
        0.        ,  0.        ,  0.        ,  0.        ,  0.        ,
       -0.03706255,  0.        ,  0.        ,  0.        ,  0.        ,
       -0.01523093,  0.        ,  0.        , -0.01517468,  0.        ,
        0.        ,  0.        ,  0.        ,  0.        ,  0.        ,
        0.        ,  0.        ,  0.        , -0.00287659,  0.        ,
        0.        ,  0.        ,  0.        ,  0.        , -0.04046452,
        0.        ,  0.        ,  0.        ,  0.        ,  0.        ,
        0.        ,  0.        ,  0.        ,  0.        ,  0.        ,
        0.        ,  0.        ,  0.        ,  0.        , -0.04497825,
        0.        ,  0.        ,  0.        ,  0.        ,  0.        ,
        0.        , -0.04707867, -0.02704191,  0.        ,  0.        ,
        0.        ,  0.        ,  0.        ,  0.        ,  0.        ,
        0.        ,  0.        ,  0.        ,  0.        ,  0.        ,
        0.        ,  0.        ,  0.        ,  0.        ,  0.        ,
        0.        ,  0.        ,  0.        ,  0.        ,  0.        ,
        0.        ,  0.        ,  0.        ,  0.        ,  0.        ,
        0.        ,  0.        ,  0.        ,  0.        ,  0.        ,
        0.        ,  0.        ,  0.        ,  0.        ,  0.        ,
        0.        ,  0.        ,  0.        ,  0.        ,  0.        ,
        0.        ,  0.        ,  0.        ,  0.        ,  0.        ,
        0.        ,  0.        ,  0.        ,  0.        ,  0.        ,
        0.        ,  0.        ,  0.        ,  0.        ,  0.        ,
        0.        ,  0.        ,  0.        ,  0.        ,  0.        ,
        0.        ,  0.        ,  0.        ,  0.        ,  0.        ,
        0.        , -0.02220793,  0.        ,  0.        ,  0.        ,
        0.        ,  0.        ])
[2026-09-19 05:02:23,813][shap][INFO] - num_full_subsets = 0
[2026-09-19 05:02:23,814][shap][INFO] - remaining_weight_vector = array([0.18337037, 0.09236434, 0.06203575, 0.04687664, 0.03778541,
       0.03172821, 0.0274048 , 0.02416509, 0.02164789, 0.01963651,
       0.01799305, 0.01662558, 0.01547045, 0.01448221, 0.01362753,
       0.01288139, 0.01222469, 0.01164256, 0.01112327, 0.01065742,
       0.01023743, 0.00985706, 0.0095112 , 0.00919556, 0.00890656,
       0.00864115, 0.00839676, 0.00817116, 0.00796244, 0.00776896,
       0.00758928, 0.00742213, 0.00726643, 0.00712118, 0.00698554,
       0.00685874, 0.0067401 , 0.00662902, 0.00652495, 0.00642742,
       0.00633597, 0.00625022, 0.00616981, 0.00609442, 0.00602376,
       0.00595757, 0.0058956 , 0.00583763, 0.00578348, 0.00573296,
       0.0056859 , 0.00564217, 0.00560161, 0.00556412, 0.00552957,
       0.00549788, 0.00546894, 0.00544268, 0.00541903, 0.00539792,
       0.00537929, 0.00536309, 0.00534929, 0.00533784, 0.00532871,
       0.00532189, 0.00531735, 0.00531508])
[2026-09-19 05:02:23,814][shap][INFO] - num_paired_subset_sizes = 68
[2026-09-19 05:02:23,817][shap][INFO] - weight_left = np.float64(0.9999999999999998)
[2026-09-19 05:02:23,819][shap][INFO] - np.sum(w_aug) = np.float64(136.99999999999997)
[2026-09-19 05:02:23,819][shap][INFO] - np.sum(self.kernelWeights) = np.float64(0.9999999999999996)
[2026-09-19 05:02:23,822][shap][INFO] - phi = array([ 0.        ,  0.        ,  0.        ,  0.        ,  0.        ,
       -0.00703013,  0.        , -0.02760943,  0.        , -0.03109093,
        0.        ,  0.        ,  0.        ,  0.        ,  0.        ,
        0.        ,  0.        ,  0.        ,  0.        ,  0.        ,
        0.        ,  0.        ,  0.        ,  0.        ,  0.        ,
        0.        ,  0.        ,  0.        ,  0.        ,  0.        ,
        0.        ,  0.        ,  0.        ,  0.        ,  0.        ,
        0.        ,  0.        ,  0.        ,  0.        ,  0.        ,
       -0.02290641, -0.00728932,  0.        ,  0.        ,  0.        ,
        0.        ,  0.        ,  0.        ,  0.        ,  0.        ,
        0.        ,  0.        ,  0.        ,  0.        ,  0.        ,
        0.        ,  0.        ,  0.        , -0.01680546,  0.        ,
        0.        ,  0.        , -0.0418752 ,  0.        ,  0.        ,
        0.        ,  0.        ,  0.        ,  0.        ,  0.        ,
        0.        ,  0.        ,  0.        ,  0.        ,  0.        ,
        0.        ,  0.        ,  0.        ,  0.        ,  0.        ,
        0.        ,  0.        ,  0.        ,  0.        ,  0.        ,
        0.        ,  0.        ,  0.        , -0.00978997,  0.        ,
        0.        ,  0.        ,  0.        ,  0.        ,  0.        ,
        0.        ,  0.        ,  0.        ,  0.        ,  0.        ,
       -0.01350415, -0.01848586,  0.        ,  0.        ,  0.        ,
        0.        ,  0.        ,  0.        ,  0.        ,  0.        ,
        0.        ,  0.        ,  0.        ,  0.        ,  0.        ,
        0.        ,  0.        ,  0.        ,  0.        ,  0.        ,
        0.        ,  0.        ,  0.        ,  0.        ,  0.        ,
        0.        ,  0.        ,  0.        ,  0.        ,  0.        ,
        0.        ,  0.        ,  0.        ,  0.        ,  0.        ,
        0.        ,  0.        ])
[2026-09-19 05:02:23,822][shap][INFO] - np.sum(w_aug) = np.float64(136.99999999999997)
[2026-09-19 05:02:23,822][shap][INFO] - np.sum(self.kernelWeights) = np.float64(0.9999999999999996)
[2026-09-19 05:02:23,825][shap][INFO] - phi = array([ 0.        ,  0.        ,  0.        ,  0.        ,  0.10683135,
        0.        ,  0.        ,  0.11355039,  0.        ,  0.06246417,
        0.        ,  0.        ,  0.        ,  0.        ,  0.        ,
        0.        ,  0.        ,  0.        ,  0.        ,  0.        ,
        0.        ,  0.        ,  0.        ,  0.        ,  0.        ,
        0.        ,  0.        ,  0.        ,  0.        ,  0.        ,
        0.        ,  0.        ,  0.        ,  0.        ,  0.        ,
        0.        ,  0.05641546,  0.        ,  0.        ,  0.        ,
        0.        ,  0.07922745,  0.        ,  0.        ,  0.        ,
        0.        ,  0.        ,  0.        ,  0.        ,  0.        ,
        0.        ,  0.        ,  0.        ,  0.        ,  0.        ,
        0.06920364,  0.        ,  0.        ,  0.05641835,  0.        ,
        0.        ,  0.        , -0.00416287,  0.        ,  0.        ,
        0.        ,  0.        ,  0.        ,  0.        ,  0.        ,
        0.        ,  0.        ,  0.        ,  0.        ,  0.        ,
        0.        ,  0.        ,  0.        ,  0.        ,  0.        ,
        0.        ,  0.        ,  0.        ,  0.        ,  0.        ,
        0.        ,  0.        ,  0.        ,  0.04358674,  0.        ,
        0.        ,  0.        ,  0.        ,  0.        ,  0.        ,
        0.        ,  0.        ,  0.        ,  0.        ,  0.        ,
        0.16219941,  0.        ,  0.        ,  0.        ,  0.        ,
        0.        ,  0.        ,  0.        ,  0.        ,  0.        ,
        0.        ,  0.        ,  0.        ,  0.        ,  0.        ,
        0.        ,  0.        ,  0.        ,  0.        ,  0.        ,
        0.        ,  0.        ,  0.        ,  0.        ,  0.        ,
        0.        ,  0.        ,  0.        ,  0.        ,  0.        ,
        0.        ,  0.        ,  0.        ,  0.        ,  0.        ,
        0.        ,  0.        ])
[2026-09-19 05:02:23,826][shap][INFO] - np.sum(w_aug) = np.float64(136.99999999999997)
[2026-09-19 05:02:23,826][shap][INFO] - np.sum(self.kernelWeights) = np.float64(0.9999999999999996)
[2026-09-19 05:02:23,829][shap][INFO] - phi = array([ 0.        ,  0.        ,  0.        ,  0.        ,  0.        ,
        0.        ,  0.        , -0.01754237, -0.01550874,  0.        ,
       -0.03251161,  0.        ,  0.        ,  0.        , -0.02600366,
        0.        ,  0.        ,  0.        ,  0.        ,  0.        ,
        0.        ,  0.        ,  0.        ,  0.        ,  0.        ,
        0.        ,  0.        ,  0.        ,  0.        ,  0.        ,
        0.        ,  0.        ,  0.        ,  0.        ,  0.        ,
        0.        ,  0.        ,  0.        ,  0.        ,  0.        ,
        0.        ,  0.        ,  0.        ,  0.        ,  0.        ,
        0.        , -0.01946844,  0.        ,  0.        ,  0.        ,
        0.        ,  0.        ,  0.        ,  0.        ,  0.        ,
        0.        , -0.01268452,  0.        ,  0.        ,  0.        ,
        0.        ,  0.        ,  0.        ,  0.        ,  0.        ,
        0.        ,  0.        ,  0.        ,  0.        ,  0.        ,
        0.        , -0.03100295,  0.        ,  0.        ,  0.        ,
        0.        ,  0.        ,  0.        ,  0.00649016,  0.        ,
        0.        ,  0.        ,  0.        ,  0.        ,  0.        ,
        0.        ,  0.        ,  0.        ,  0.        ,  0.        ,
        0.        ,  0.        ,  0.        ,  0.        ,  0.        ,
        0.        ,  0.        ,  0.        ,  0.        ,  0.        ,
        0.        ,  0.        ,  0.        , -0.05712708,  0.        ,
        0.        ,  0.        ,  0.        ,  0.        ,  0.        ,
        0.        ,  0.        ,  0.        ,  0.        ,  0.        ,
        0.        ,  0.        ,  0.        ,  0.        ,  0.        ,
        0.        ,  0.        ,  0.        , -0.05214722,  0.        ,
        0.        ,  0.        ,  0.        ,  0.        ,  0.        ,
        0.        ,  0.        ,  0.        ,  0.        ,  0.        ,
        0.        ,  0.        ])
[2026-09-19 05:02:23,829][shap][INFO] - np.sum(w_aug) = np.float64(136.99999999999997)
[2026-09-19 05:02:23,830][shap][INFO] - np.sum(self.kernelWeights) = np.float64(0.9999999999999996)
[2026-09-19 05:02:23,833][shap][INFO] - phi = array([ 0.        ,  0.        , -0.01804118,  0.        , -0.0287209 ,
        0.        ,  0.        , -0.02749184,  0.        ,  0.        ,
        0.        ,  0.        , -0.02598802,  0.        ,  0.        ,
        0.        ,  0.        ,  0.        ,  0.        ,  0.        ,
        0.        ,  0.        ,  0.        ,  0.        , -0.05607634,
        0.        ,  0.        ,  0.        ,  0.        ,  0.        ,
        0.        ,  0.        ,  0.        ,  0.        ,  0.        ,
        0.        ,  0.        ,  0.        ,  0.        ,  0.        ,
        0.        ,  0.        ,  0.        ,  0.        ,  0.        ,
        0.        ,  0.        ,  0.        ,  0.        ,  0.        ,
        0.        ,  0.        ,  0.        ,  0.        ,  0.        ,
        0.        ,  0.        ,  0.        , -0.01459453,  0.        ,
        0.        ,  0.        ,  0.        ,  0.        ,  0.        ,
        0.        ,  0.        ,  0.        ,  0.        ,  0.        ,
        0.        ,  0.        ,  0.        ,  0.        ,  0.        ,
        0.        ,  0.        ,  0.        ,  0.        ,  0.        ,
        0.        ,  0.        ,  0.        ,  0.        ,  0.        ,
        0.        ,  0.        ,  0.        , -0.01086823,  0.        ,
        0.        ,  0.        ,  0.        ,  0.        ,  0.        ,
        0.        ,  0.        ,  0.        ,  0.        , -0.04138033,
       -0.06456547, -0.00411388,  0.        ,  0.        ,  0.        ,
        0.        ,  0.        ,  0.        ,  0.        ,  0.        ,
        0.        ,  0.        ,  0.        ,  0.        ,  0.        ,
        0.        ,  0.        ,  0.        ,  0.        ,  0.        ,
        0.        ,  0.        ,  0.        ,  0.        ,  0.        ,
        0.        ,  0.        ,  0.        ,  0.        ,  0.        ,
        0.        ,  0.        ,  0.        ,  0.        ,  0.        ,
        0.        ,  0.        ])
[2026-09-19 05:02:23,841][shap][INFO] - num_full_subsets = 0
[2026-09-19 05:02:23,842][shap][INFO] - remaining_weight_vector = array([0.18337037, 0.09236434, 0.06203575, 0.04687664, 0.03778541,
       0.03172821, 0.0274048 , 0.02416509, 0.02164789, 0.01963651,
       0.01799305, 0.01662558, 0.01547045, 0.01448221, 0.01362753,
       0.01288139, 0.01222469, 0.01164256, 0.01112327, 0.01065742,
       0.01023743, 0.00985706, 0.0095112 , 0.00919556, 0.00890656,
       0.00864115, 0.00839676, 0.00817116, 0.00796244, 0.00776896,
       0.00758928, 0.00742213, 0.00726643, 0.00712118, 0.00698554,
       0.00685874, 0.0067401 , 0.00662902, 0.00652495, 0.00642742,
       0.00633597, 0.00625022, 0.00616981, 0.00609442, 0.00602376,
       0.00595757, 0.0058956 , 0.00583763, 0.00578348, 0.00573296,
       0.0056859 , 0.00564217, 0.00560161, 0.00556412, 0.00552957,
       0.00549788, 0.00546894, 0.00544268, 0.00541903, 0.00539792,
       0.00537929, 0.00536309, 0.00534929, 0.00533784, 0.00532871,
       0.00532189, 0.00531735, 0.00531508])
[2026-09-19 05:02:23,842][shap][INFO] - num_paired_subset_sizes = 68
[2026-09-19 05:02:23,845][shap][INFO] - weight_left = np.float64(0.9999999999999998)
[2026-09-19 05:02:23,847][shap][INFO] - np.sum(w_aug) = np.float64(136.99999999999997)
[2026-09-19 05:02:23,847][shap][INFO] - np.sum(self.kernelWeights) = np.float64(0.9999999999999997)
[2026-09-19 05:02:23,850][shap][INFO] - phi = array([ 0.        ,  0.        ,  0.        ,  0.        ,  0.        ,
        0.        ,  0.        ,  0.        ,  0.        , -0.01739173,
        0.        ,  0.        ,  0.        ,  0.        ,  0.        ,
        0.        ,  0.        ,  0.        , -0.01381448,  0.        ,
        0.        ,  0.        ,  0.        ,  0.        ,  0.        ,
        0.        ,  0.        ,  0.        ,  0.        ,  0.        ,
       -0.01608588,  0.        ,  0.        , -0.014387  ,  0.        ,
        0.        ,  0.        ,  0.        ,  0.        ,  0.        ,
        0.        ,  0.        , -0.03267847,  0.        ,  0.        ,
        0.        ,  0.        ,  0.        ,  0.        ,  0.        ,
        0.        ,  0.        ,  0.        ,  0.        , -0.03540582,
       -0.00929865,  0.        ,  0.        ,  0.        ,  0.        ,
        0.        ,  0.        ,  0.        ,  0.        ,  0.        ,
        0.        ,  0.        ,  0.        ,  0.        ,  0.        ,
        0.        ,  0.        ,  0.        ,  0.        ,  0.        ,
        0.        ,  0.        ,  0.        ,  0.        ,  0.        ,
        0.        ,  0.        ,  0.        ,  0.        ,  0.        ,
        0.        ,  0.        ,  0.        ,  0.        , -0.02143104,
        0.        ,  0.        ,  0.        ,  0.        ,  0.        ,
        0.        ,  0.        ,  0.        ,  0.        ,  0.        ,
        0.        ,  0.        ,  0.        ,  0.        ,  0.        ,
        0.        ,  0.        ,  0.        ,  0.        ,  0.        ,
        0.        ,  0.        ,  0.        ,  0.        ,  0.        ,
        0.        ,  0.        ,  0.        ,  0.        ,  0.        ,
        0.        ,  0.        ,  0.        ,  0.        ,  0.        ,
        0.        ,  0.        ,  0.        , -0.00722591,  0.        ,
        0.        ,  0.        ,  0.        ,  0.        ,  0.        ,
        0.        , -0.027937  ])
[2026-09-19 05:02:23,850][shap][INFO] - np.sum(w_aug) = np.float64(136.99999999999997)
[2026-09-19 05:02:23,851][shap][INFO] - np.sum(self.kernelWeights) = np.float64(0.9999999999999997)
[2026-09-19 05:02:23,854][shap][INFO] - phi = array([ 0.        ,  0.        , -0.0310862 ,  0.        ,  0.        ,
        0.        ,  0.        , -0.01479906,  0.        ,  0.        ,
        0.        , -0.01185296, -0.0172955 ,  0.        ,  0.        ,
        0.        ,  0.        ,  0.        ,  0.        ,  0.        ,
        0.        ,  0.        ,  0.        ,  0.        ,  0.        ,
        0.        ,  0.        ,  0.        ,  0.        ,  0.        ,
        0.        ,  0.        ,  0.        ,  0.        ,  0.        ,
        0.        ,  0.        ,  0.        ,  0.        ,  0.        ,
        0.        , -0.03251897,  0.        ,  0.        ,  0.        ,
        0.        ,  0.        ,  0.        ,  0.        ,  0.        ,
        0.        ,  0.        ,  0.        ,  0.        , -0.03134583,
        0.        ,  0.        ,  0.        ,  0.        ,  0.        ,
        0.        ,  0.        ,  0.        ,  0.        ,  0.        ,
        0.        ,  0.        ,  0.        ,  0.        ,  0.        ,
        0.        ,  0.        ,  0.        ,  0.        ,  0.        ,
        0.        ,  0.        ,  0.        ,  0.        ,  0.        ,
        0.        ,  0.        ,  0.        ,  0.        ,  0.        ,
        0.        ,  0.        ,  0.        , -0.00775666,  0.        ,
        0.        ,  0.        ,  0.        ,  0.        ,  0.        ,
        0.        ,  0.        , -0.01984926,  0.        ,  0.        ,
        0.        ,  0.        ,  0.        ,  0.        ,  0.        ,
        0.        ,  0.        ,  0.        ,  0.        ,  0.        ,
        0.        ,  0.        ,  0.        , -0.01245835,  0.        ,
       -0.01983557,  0.        ,  0.        ,  0.        ,  0.        ,
        0.        ,  0.        ,  0.        ,  0.        ,  0.        ,
        0.        ,  0.        ,  0.        ,  0.        ,  0.        ,
        0.        ,  0.        ,  0.        ,  0.        ,  0.        ,
        0.        ,  0.        ])
[2026-09-19 05:02:23,854][shap][INFO] - np.sum(w_aug) = np.float64(136.99999999999997)
[2026-09-19 05:02:23,854][shap][INFO] - np.sum(self.kernelWeights) = np.float64(0.9999999999999997)
[2026-09-19 05:02:23,857][shap][INFO] - phi = array([ 0.        ,  0.        ,  0.        ,  0.        , -0.02064785,
        0.        ,  0.        ,  0.        ,  0.        ,  0.        ,
        0.        ,  0.        ,  0.        ,  0.        ,  0.        ,
        0.        ,  0.        , -0.00871083, -0.02727459,  0.        ,
        0.        ,  0.        ,  0.        ,  0.        ,  0.        ,
        0.        ,  0.        ,  0.        ,  0.        ,  0.        ,
        0.        ,  0.        ,  0.        ,  0.        ,  0.        ,
        0.        ,  0.        ,  0.        ,  0.        ,  0.        ,
        0.        ,  0.        , -0.03011552,  0.        ,  0.        ,
        0.        ,  0.        ,  0.        ,  0.        ,  0.        ,
        0.        ,  0.        ,  0.        , -0.06244205,  0.        ,
        0.00507076,  0.        ,  0.        ,  0.        ,  0.        ,
        0.        ,  0.        ,  0.        ,  0.        ,  0.        ,
        0.        ,  0.        ,  0.        ,  0.        ,  0.        ,
       -0.02488509,  0.        ,  0.        ,  0.        ,  0.        ,
        0.        ,  0.        ,  0.        ,  0.        ,  0.        ,
        0.        ,  0.        ,  0.        , -0.0514463 ,  0.        ,
        0.        ,  0.        ,  0.        , -0.01048691, -0.0410733 ,
        0.        ,  0.        ,  0.        ,  0.        ,  0.        ,
        0.        ,  0.        ,  0.        ,  0.        ,  0.        ,
        0.        ,  0.        ,  0.        ,  0.        ,  0.        ,
        0.        ,  0.        ,  0.        ,  0.        ,  0.        ,
        0.        ,  0.        ,  0.        ,  0.        ,  0.        ,
        0.        ,  0.        ,  0.        ,  0.        ,  0.        ,
        0.        ,  0.        ,  0.        ,  0.        ,  0.        ,
        0.        ,  0.        ,  0.        ,  0.        ,  0.        ,
        0.        ,  0.        ,  0.        ,  0.        ,  0.        ,
        0.        ,  0.        ])
[2026-09-19 05:02:23,858][shap][INFO] - np.sum(w_aug) = np.float64(136.99999999999997)
[2026-09-19 05:02:23,858][shap][INFO] - np.sum(self.kernelWeights) = np.float64(0.9999999999999997)
[2026-09-19 05:02:23,861][shap][INFO] - phi = array([0.        , 0.        , 0.04759073, 0.        , 0.        ,
       0.        , 0.        , 0.        , 0.        , 0.0536252 ,
       0.        , 0.03636678, 0.        , 0.        , 0.        ,
       0.        , 0.        , 0.        , 0.06007208, 0.        ,
       0.        , 0.        , 0.        , 0.        , 0.        ,
       0.        , 0.        , 0.        , 0.        , 0.        ,
       0.        , 0.        , 0.        , 0.03907293, 0.        ,
       0.        , 0.        , 0.        , 0.        , 0.        ,
       0.        , 0.        , 0.0980409 , 0.        , 0.        ,
       0.        , 0.        , 0.        , 0.        , 0.        ,
       0.        , 0.        , 0.        , 0.13182369, 0.08525173,
       0.        , 0.        , 0.        , 0.        , 0.        ,
       0.        , 0.        , 0.        , 0.        , 0.        ,
       0.        , 0.        , 0.        , 0.        , 0.        ,
       0.        , 0.        , 0.        , 0.        , 0.        ,
       0.        , 0.        , 0.        , 0.        , 0.        ,
       0.        , 0.        , 0.        , 0.        , 0.        ,
       0.        , 0.        , 0.        , 0.04865017, 0.06597177,
       0.        , 0.        , 0.        , 0.        , 0.        ,
       0.        , 0.        , 0.        , 0.        , 0.        ,
       0.        , 0.        , 0.        , 0.        , 0.        ,
       0.        , 0.        , 0.        , 0.        , 0.        ,
       0.        , 0.        , 0.        , 0.        , 0.        ,
       0.        , 0.        , 0.        , 0.        , 0.        ,
       0.        , 0.        , 0.        , 0.        , 0.        ,
       0.        , 0.        , 0.        , 0.        , 0.        ,
       0.        , 0.        , 0.        , 0.        , 0.        ,
       0.        , 0.        ])
[2026-09-19 05:02:23,863][src.analysis.base][INFO] - [rank: 0] [step19_explainability] wrote step19_shap_branch_importance.csv (3 rows)
[2026-09-19 05:02:23,867][src.analysis.base][INFO] - [rank: 0] [step19_explainability] wrote step19_explainability_summary.json
[2026-09-19 05:02:23,868][src.utils.utils][INFO] - [rank: 0] Output dir: /kaggle/working/thesis/logs/analyze/runs/step19_explainability_swin
